{
  "type": "minecraft:entity",
  "pools": [
    {
      "rolls": 1,
      "entries": [
        {
          "type": "item",
          "name": "minecraft:structure_block",
          "weight": 1,
          "functions": [
            {
              "function": "minecraft:set_nbt",
              "tag": "{CustomModelData:400005,dnd:{id:\"embryo\",plant:{id:\"carrot\"}}}"
            },
            {
              "function": "minecraft:set_name",
              "name": {
                "translate": "item.dnd.embryo.carrot",
                "italic": false,
                "color": "white"
                      }
            },
            {
              "function": "minecraft:set_lore",
              "lore": [{
                "translate": "config.dnd.name",
                "color": "#63E2FF",
                "italic": true
                      }]
            }
          ]
        }
      ]
    }
  ]
}
