{
  "pools": [
    {
      "rolls": 1,
      "entries": [
        {
          "type": "item",
          "name": "minecraft:bone_meal",
          "weight": 25
        },
        {
          "type": "item",
          "name": "minecraft:lime_dye",
          "weight": 1,
          "functions": [
            {
              "function": "set_nbt",
              "tag": "{display:{Name:\"{\\\"translate\\\":\\\"Dragon Blood Tree DNA\\\",\\\"color\\\":\\\"green\\\",\\\"italic\\\":false}\"}}"
            }
          ]
        },
        {
          "type": "item",
          "name": "minecraft:lime_dye",
          "weight": 1,
          "functions": [
            {
              "function": "set_nbt",
              "tag": "{display:{Name:\"{\\\"translate\\\":\\\"Acacia Tree DNA\\\",\\\"color\\\":\\\"green\\\",\\\"italic\\\":false}\"}}"
            }
          ]
        },
        {
          "type": "item",
          "name": "minecraft:lime_dye",
          "weight": 1,
          "functions": [
            {
              "function": "set_nbt",
              "tag": "{display:{Name:\"{\\\"translate\\\":\\\"Oak Tree DNA\\\",\\\"color\\\":\\\"green\\\",\\\"italic\\\":false}\"}}"
            }
          ]
        },
        {
          "type": "item",
          "name": "minecraft:lime_dye",
          "weight": 1,
          "functions": [
            {
              "function": "set_nbt",
              "tag": "{display:{Name:\"{\\\"translate\\\":\\\"Birch Tree DNA\\\",\\\"color\\\":\\\"green\\\",\\\"italic\\\":false}\"}}"
            }
          ]
        },
        {
          "type": "item",
          "name": "minecraft:lime_dye",
          "weight": 1,
          "functions": [
            {
              "function": "set_nbt",
              "tag": "{display:{Name:\"{\\\"translate\\\":\\\"Dark Oak Tree DNA\\\",\\\"color\\\":\\\"green\\\",\\\"italic\\\":false}\"}}"
            }
          ]
        },
        {
          "type": "item",
          "name": "minecraft:lime_dye",
          "weight": 1,
          "functions": [
            {
              "function": "set_nbt",
              "tag": "{display:{Name:\"{\\\"translate\\\":\\\"Jungle Tree DNA\\\",\\\"color\\\":\\\"green\\\",\\\"italic\\\":false}\"}}"
            }
          ]
        },
        {
          "type": "item",
          "name": "minecraft:lime_dye",
          "weight": 1,
          "functions": [
            {
              "function": "set_nbt",
              "tag": "{display:{Name:\"{\\\"translate\\\":\\\"Spruce Tree DNA\\\",\\\"color\\\":\\\"green\\\",\\\"italic\\\":false}\"}}"
            }
          ]
        },
        {
          "type": "item",
          "name": "minecraft:lime_dye",
          "weight": 1,
          "functions": [
            {
              "function": "set_nbt",
              "tag": "{display:{Name:\"{\\\"translate\\\":\\\"Dragon Blood Tree DNA\\\",\\\"color\\\":\\\"green\\\",\\\"italic\\\":false}\"}}"
            }
          ]
        }
      ]
    }
  ]
}