{
  "pools": [
    {
      "rolls": 1,
      "entries": [
        {
          "type": "item",
          "name": "minecraft:paper",
          "weight": 1,
          "functions": [
            {
              "function": "set_nbt",
              "tag": "{display:{Name:\"{\\\"translate\\\":\\\"Amphora Blueprint\\\",\\\"color\\\":\\\"aqua\\\",\\\"italic\\\":false}\"}}"
            }
          ]
        },
        {
          "type": "item",
          "name": "minecraft:paper",
          "weight": 1,
          "functions": [
            {
              "function": "set_nbt",
              "tag": "{display:{Name:\"{\\\"translate\\\":\\\"Ovoid Amphora Blueprint\\\",\\\"color\\\":\\\"aqua\\\",\\\"italic\\\":false}\"}}"
            }
          ]
        },
        {
          "type": "item",
          "name": "minecraft:paper",
          "weight": 1,
          "functions": [
            {
              "function": "set_nbt",
              "tag": "{display:{Name:\"{\\\"translate\\\":\\\"Nikosthenic Amphora Blueprint\\\",\\\"color\\\":\\\"aqua\\\",\\\"italic\\\":false}\"}}"
            }
          ]
        },
        {
          "type": "item",
          "name": "minecraft:paper",
          "weight": 1,
          "functions": [
            {
              "function": "set_nbt",
              "tag": "{display:{Name:\"{\\\"translate\\\":\\\"Kalpis Blueprint\\\",\\\"color\\\":\\\"aqua\\\",\\\"italic\\\":false}\"}}"
            }
          ]
        },
        {
          "type": "item",
          "name": "minecraft:paper",
          "weight": 1,
          "functions": [
            {
              "function": "set_nbt",
              "tag": "{display:{Name:\"{\\\"translate\\\":\\\"Lebes Gamikos Blueprint\\\",\\\"color\\\":\\\"aqua\\\",\\\"italic\\\":false}\"}}"
            }
          ]
        },
        {
          "type": "item",
          "name": "minecraft:paper",
          "weight": 1,
          "functions": [
            {
              "function": "set_nbt",
              "tag": "{display:{Name:\"{\\\"translate\\\":\\\"Pelike Blueprint\\\",\\\"color\\\":\\\"aqua\\\",\\\"italic\\\":false}\"}}"
            }
          ]
        },
        {
          "type": "item",
          "name": "minecraft:paper",
          "weight": 1,
          "functions": [
            {
              "function": "set_nbt",
              "tag": "{display:{Name:\"{\\\"translate\\\":\\\"Pithos Blueprint\\\",\\\"color\\\":\\\"aqua\\\",\\\"italic\\\":false}\"}}"
            }
          ]
        },
        {
          "type": "item",
          "name": "minecraft:paper",
          "weight": 1,
          "functions": [
            {
              "function": "set_nbt",
              "tag": "{display:{Name:\"{\\\"translate\\\":\\\"Kantharos Blueprint\\\",\\\"color\\\":\\\"aqua\\\",\\\"italic\\\":false}\"}}"
            }
          ]
        },
        {
          "type": "item",
          "name": "minecraft:paper",
          "weight": 1,
          "functions": [
            {
              "function": "set_nbt",
              "tag": "{display:{Name:\"{\\\"translate\\\":\\\"Mastos Blueprint\\\",\\\"color\\\":\\\"aqua\\\",\\\"italic\\\":false}\"}}"
            }
          ]
        },
        {
          "type": "item",
          "name": "minecraft:paper",
          "weight": 1,
          "functions": [
            {
              "function": "set_nbt",
              "tag": "{display:{Name:\"{\\\"translate\\\":\\\"Rhyton Blueprint\\\",\\\"color\\\":\\\"aqua\\\",\\\"italic\\\":false}\"}}"
            }
          ]
        },
        {
          "type": "item",
          "name": "minecraft:paper",
          "weight": 1,
          "functions": [
            {
              "function": "set_nbt",
              "tag": "{display:{Name:\"{\\\"translate\\\":\\\"Olpe Blueprint\\\",\\\"color\\\":\\\"aqua\\\",\\\"italic\\\":false}\"}}"
            }
          ]
        },
        {
          "type": "item",
          "name": "minecraft:paper",
          "weight": 1,
          "functions": [
            {
              "function": "set_nbt",
              "tag": "{display:{Name:\"{\\\"translate\\\":\\\"Cylinder Lekythos Blueprint\\\",\\\"color\\\":\\\"aqua\\\",\\\"italic\\\":false}\"}}"
            }
          ]
        },
        {
          "type": "item",
          "name": "minecraft:paper",
          "weight": 1,
          "functions": [
            {
              "function": "set_nbt",
              "tag": "{display:{Name:\"{\\\"translate\\\":\\\"Loutrophoros Blueprint\\\",\\\"color\\\":\\\"aqua\\\",\\\"italic\\\":false}\"}}"
            }
          ]
        },
        {
          "type": "item",
          "name": "minecraft:paper",
          "weight": 1,
          "functions": [
            {
              "function": "set_nbt",
              "tag": "{display:{Name:\"{\\\"translate\\\":\\\"Epichyses Blueprint\\\",\\\"color\\\":\\\"aqua\\\",\\\"italic\\\":false}\"}}"
            }
          ]
        },
        {
          "type": "item",
          "name": "minecraft:paper",
          "weight": 1,
          "functions": [
            {
              "function": "set_nbt",
              "tag": "{display:{Name:\"{\\\"translate\\\":\\\"Lagynos Blueprint\\\",\\\"color\\\":\\\"aqua\\\",\\\"italic\\\":false}\"}}"
            }
          ]
        }
      ]
    }
  ]
}