{
	"textures": {
		"0": "dinododo:block/dna_analyzer_side"
	},
	"elements": [
		{
			"name": "Cube",
			"from": [0, 1, 0],
			"to": [1, 15, 1],
			"faces": {
				"north": {"uv": [0, 1, 1, 15], "texture": "#0"},
				"east": {"uv": [0, 1, 1, 15], "texture": "#0"},
				"south": {"uv": [0, 1, 1, 15], "texture": "#0"},
				"west": {"uv": [0, 1, 1, 15], "texture": "#0"},
				"up": {"uv": [0, 1, 1, 2], "texture": "#0"},
				"down": {"uv": [0, 14, 1, 15], "texture": "#0"}
			}
		},
		{
			"name": "Cube",
			"from": [15, 1, 0],
			"to": [16, 15, 1],
			"faces": {
				"north": {"uv": [0, 1, 1, 15], "texture": "#0"},
				"east": {"uv": [0, 1, 1, 15], "texture": "#0"},
				"south": {"uv": [0, 1, 1, 15], "texture": "#0"},
				"west": {"uv": [0, 1, 1, 15], "texture": "#0"},
				"up": {"uv": [0, 1, 1, 2], "texture": "#0"},
				"down": {"uv": [0, 14, 1, 15], "texture": "#0"}
			}
		},
		{
			"name": "Cube",
			"from": [15, 1, 15],
			"to": [16, 15, 16],
			"faces": {
				"north": {"uv": [0, 1, 1, 15], "texture": "#0"},
				"east": {"uv": [0, 1, 1, 15], "texture": "#0"},
				"south": {"uv": [0, 1, 1, 15], "texture": "#0"},
				"west": {"uv": [0, 1, 1, 15], "texture": "#0"},
				"up": {"uv": [0, 1, 1, 2], "texture": "#0"},
				"down": {"uv": [0, 14, 1, 15], "texture": "#0"}
			}
		},
		{
			"name": "Cube",
			"from": [0, 1, 15],
			"to": [1, 15, 16],
			"faces": {
				"north": {"uv": [0, 1, 1, 15], "texture": "#0"},
				"east": {"uv": [0, 1, 1, 15], "texture": "#0"},
				"south": {"uv": [0, 1, 1, 15], "texture": "#0"},
				"west": {"uv": [0, 1, 1, 15], "texture": "#0"},
				"up": {"uv": [0, 1, 1, 2], "texture": "#0"},
				"down": {"uv": [0, 14, 1, 15], "texture": "#0"}
			}
		},
		{
			"name": "Cube",
			"from": [0, 0, 0],
			"to": [16, 1, 16],
			"faces": {
				"north": {"uv": [0, 15, 16, 16], "texture": "#0"},
				"east": {"uv": [0, 15, 16, 16], "texture": "#0"},
				"south": {"uv": [0, 15, 16, 16], "texture": "#0"},
				"west": {"uv": [0, 15, 16, 16], "texture": "#0"},
				"up": {"uv": [0, 0, 16, 16], "texture": "#0"},
				"down": {"uv": [0, 0, 16, 16], "texture": "#0"}
			}
		},
		{
			"name": "Cube",
			"from": [0, 15, 0],
			"to": [16, 16, 16],
			"rotation": {"angle": 0, "axis": "y", "origin": [8, -8, 8]},
			"faces": {
				"north": {"uv": [0, 0, 16, 1], "texture": "#0"},
				"east": {"uv": [0, 0, 16, 1], "texture": "#0"},
				"south": {"uv": [0, 0, 16, 1], "texture": "#0"},
				"west": {"uv": [0, 0, 16, 1], "texture": "#0"},
				"up": {"uv": [0, 0, 16, 16], "texture": "#0"},
				"down": {"uv": [0, 0, 16, 16], "texture": "#0"}
			}
		},
		{
			"name": "Cube",
			"from": [1, 1, 1],
			"to": [15, 15, 15],
			"faces": {
				"north": {"uv": [1, 1, 15, 15], "texture": "#0"},
				"east": {"uv": [1, 1, 15, 15], "texture": "#0"},
				"south": {"uv": [1, 1, 15, 15], "texture": "#0"},
				"west": {"uv": [1, 1, 15, 15], "texture": "#0"}
			}
		}
	],
	"display": {
		"thirdperson_righthand": {
			"rotation": [75, 45, 0],
			"translation": [0, 2.5, 0],
			"scale": [0.375, 0.375, 0.375]
		},
		"thirdperson_lefthand": {
			"rotation": [75, 45, 0],
			"translation": [0, 2.5, 0],
			"scale": [0.375, 0.375, 0.375]
		},
		"firstperson_righthand": {
			"rotation": [0, 45, 0],
			"scale": [0.4, 0.4, 0.4]
		},
		"firstperson_lefthand": {
			"rotation": [0, 225, 0],
			"scale": [0.4, 0.4, 0.4]
		},
		"ground": {
			"translation": [0, 3, 0],
			"scale": [0.25, 0.25, 0.25]
		},
		"gui": {
			"rotation": [30, 225, 0],
			"scale": [0.625, 0.625, 0.625]
		},
		"head": {
			"translation": [0, -30.5, 0],
			"scale": [1.62, 1.62, 1.62]
		},
		"fixed": {
			"scale": [0.5, 0.5, 0.5]
		}
	}
}