{
	"textures": {
		"2": "dinododo:block/paleontology_workbench"
	},
	"elements": [
		{
			"from": [0, 0, 0],
			"to": [16, 16, 16],
			"faces": {
				"north": {"uv": [0, 0, 5.3, 5.3], "texture": "#2"},
				"east": {"uv": [0, 5.3, 5.3, 10.6], "texture": "#2"},
				"south": {"uv": [5.3, 0, 10.6, 5.3], "texture": "#2"},
				"west": {"uv": [10.6, 0, 15.9, 5.3], "texture": "#2"},
				"up": {"uv": [5.3, 5.3, 10.6, 10.6], "texture": "#2"},
				"down": {"uv": [10.6, 5.3, 15.9, 10.6], "texture": "#2"}
			}
		}
	],
	"display": {
		"thirdperson_righthand": {
			"rotation": [75, 45, 0],
			"translation": [0, 2.5, 0],
			"scale": [0.375, 0.375, 0.375]
		},
		"thirdperson_lefthand": {
			"rotation": [75, 45, 0],
			"translation": [0, 2.5, 0],
			"scale": [0.375, 0.375, 0.375]
		},
		"firstperson_righthand": {
			"rotation": [0, 45, 0],
			"scale": [0.4, 0.4, 0.4]
		},
		"firstperson_lefthand": {
			"rotation": [0, 225, 0],
			"scale": [0.4, 0.4, 0.4]
		},
		"ground": {
			"translation": [0, 3, 0],
			"scale": [0.25, 0.25, 0.25]
		},
		"gui": {
			"rotation": [30, 225, 0],
			"scale": [0.625, 0.625, 0.625]
		},
		"head": {
			"translation": [0, -30.5, 0],
			"scale": [1.62, 1.62, 1.62]
		},
		"fixed": {
			"scale": [0.5, 0.5, 0.5]
		}
	}
}