{
  "parent": "dnd:revival/dna_combinator",
  "display": {
    "icon": {
      "item": "minecraft:furnace",
      "nbt": "{CustomModelData:400006}"
    },
    "title": {
      "translate": "advancements.dnd.revival.cultivator.title"
    },
    "description": {
      "translate": "advancements.dnd.revival.cultivator.description"
    },
    "frame": "task",
    "show_toast": true,
    "announce_to_chat": true,
    "hidden": false
  },
  "criteria": {
    "place_block": {
      "trigger": "minecraft:placed_block",
      "conditions": {
          "item": {
            "nbt": "{BlockEntityTag:{Items:[{tag:{dnd:{block:\"cultivator\"}}}]}}"
        }
      }
    }
  }
}
