{
  "display": {
    "icon": {
      "item": "minecraft:bone",
      "nbt": "{CustomModelData:400001}"
    },
    "title": {
      "translate": "advancements.dnd.revival.root.title"
    },
    "description": {
      "translate": "advancements.dnd.revival.root.description"
    },
    "frame": "task",
    "show_toast": false,
    "announce_to_chat": false,
    "hidden": false,
    "background": "minecraft:textures/block/bone_block_side.png"
  },
  "criteria": {
    "tick": {
      "trigger": "minecraft:tick"
    }
  }
}
