{
  "pools": [
    {
      "rolls": 4,
      "entries": [
        {
          "type": "item",
          "name": "minecraft:diamond",
          "weight": 3
        },
        {
          "type": "item",
          "name": "minecraft:iron_ingot",
          "weight": 5
        },
        {
          "type": "item",
          "name": "minecraft:coal",
          "weight": 5
        },
        {
          "type": "item",
          "name": "minecraft:emerald",
          "weight": 3
        },
        {
          "type": "item",
          "name": "minecraft:chain_command_block",
          "weight": 3,
          "functions": [
            {
              "function": "set_nbt",
              "tag": "{display:{Name:\"{\\\"translate\\\":\\\"Scarab Gem\\\",\\\"color\\\":\\\"purple\\\",\\\"italic\\\":false}\"}}"
            }
          ]
        },
        {
          "type": "item",
          "name": "minecraft:gold_ingot",
          "weight": 5
        },
        {
          "type": "item",
          "name": "minecraft:gravel",
          "weight": 5
        },
        {
          "type": "item",
          "name": "minecraft:sand",
          "weight": 5
        },
        {
          "type": "item",
          "name": "minecraft:dirt",
          "weight": 5
        }
      ]
    }
  ]
}