{
    "__comment": "Model animated using Fizzy's model animator - http://fizzy81.github.io/animated-models/", 
    "textures": {
        "main": "blocks/acrocanthosaurus_walk"
    }, 
    "elements": [
        {
            "name": "Body", 
            "from": [ -6, 0, 5 ], 
            "to":   [ 5, 6, 11 ], 
            "faces": {
                "north": { "texture": "#main", "uv": [ 0, 0, 4, 4 ] }, 
                "east":  { "texture": "#main", "uv": [ 0, 0, 4, 4 ] }, 
                "south": { "texture": "#main", "uv": [ 0, 0, 4, 4 ] }, 
                "west":  { "texture": "#main", "uv": [ 0, 0, 4, 4 ] }, 
                "up":    { "texture": "#main", "uv": [ 4, 0, 6.75, 1.5 ] }, 
                "down":  { "texture": "#main", "uv": [ 0, 4, 2.75, 5.5 ] }
            }
        }, 
        {
            "name": "Tail1", 
            "from": [ 1, 0.5, 5.5 ], 
            "to":   [ 9, 6.5, 10.5 ], 
            "faces": {
                "north": { "texture": "#main", "uv": [ 0, 0, 4, 4 ] }, 
                "east":  { "texture": "#main", "uv": [ 0, 0, 4, 4 ] }, 
                "south": { "texture": "#main", "uv": [ 0, 0, 4, 4 ] }, 
                "west":  { "texture": "#main", "uv": [ 0, 0, 4, 4 ] }, 
                "up":    { "texture": "#main", "uv": [ 4, 0, 6, 1.25 ] }, 
                "down":  { "texture": "#main", "uv": [ 0, 4, 2, 5.25 ] }
            }
        }, 
        {
            "name": "Tail2", 
            "from": [ 9, 1.5, 6 ], 
            "to":   [ 14, 6.5, 10 ], 
            "faces": {
                "north": { "texture": "#main", "uv": [ 0, 0, 2.5, 3.75 ] }, 
                "east":  { "texture": "#main", "uv": [ 0, 0, 2.5, 3.75 ] }, 
                "south": { "texture": "#main", "uv": [ 0, 0, 2.5, 3.75 ] }, 
                "west":  { "texture": "#main", "uv": [ 0, 0, 2.5, 3.75 ] }, 
                "up":    { "texture": "#main", "uv": [ 4, 0, 5.25, 1 ] }, 
                "down":  { "texture": "#main", "uv": [ 0, 4, 1.25, 5 ] }
            }
        }, 
        {
            "name": "Tail3", 
            "from": [ 14, 2.5, 6.5 ], 
            "to":   [ 19, 6.5, 9.5 ], 
            "faces": {
                "north": { "texture": "#main", "uv": [ 0, 0, 1.75, 2.75 ] }, 
                "east":  { "texture": "#main", "uv": [ 0, 0, 1.75, 2.75 ] }, 
                "south": { "texture": "#main", "uv": [ 0, 0, 1.75, 2.75 ] }, 
                "west":  { "texture": "#main", "uv": [ 0, 0, 1.75, 2.75 ] }, 
                "up":    { "texture": "#main", "uv": [ 4, 0, 5.25, 0.75 ] }, 
                "down":  { "texture": "#main", "uv": [ 0, 4, 1.25, 4.75 ] }
            }
        }, 
        {
            "name": "Tail4", 
            "from": [ 19, 3.5, 7 ], 
            "to":   [ 23, 6.5, 9 ], 
            "faces": {
                "north": { "texture": "#main", "uv": [ 0, 0, 1.25, 2 ] }, 
                "east":  { "texture": "#main", "uv": [ 0, 0, 1.25, 2 ] }, 
                "south": { "texture": "#main", "uv": [ 0, 0, 1.25, 2 ] }, 
                "west":  { "texture": "#main", "uv": [ 0, 0, 1.25, 2 ] }, 
                "up":    { "texture": "#main", "uv": [ 4, 0, 5, 0.5 ] }, 
                "down":  { "texture": "#main", "uv": [ 0, 4, 1, 4.5 ] }
            }
        }, 
        {
            "name": "Tail5", 
            "from": [ 23, 4.5, 7.5 ], 
            "to":   [ 27, 6.5, 8.5 ], 
            "faces": {
                "north": { "texture": "#main", "uv": [ 0, 0, 1, 0.5 ] }, 
                "east":  { "texture": "#main", "uv": [ 0, 0, 0.25, 0.5 ] }, 
                "south": { "texture": "#main", "uv": [ 0, 0, 1, 0.5 ] }, 
                "west":  { "texture": "#main", "uv": [ 0, 0, 0.25, 0.5 ] }, 
                "up":    { "texture": "#main", "uv": [ 4, 0, 5, 0.25 ] }, 
                "down":  { "texture": "#main", "uv": [ 0, 4, 1, 4.25 ] }
            }
        }, 
        {
            "name": "Neck", 
            "from": [ -8, -1, 6 ], 
            "to":   [ 3, 4, 10 ], 
            "rotation": { "origin": [8, 8, 8], "axis": "z", "angle": -22.5 }, 
            "faces": {
                "north": { "texture": "#main", "uv": [ 4.75, 1, 7.5, 2.25 ] }, 
                "east":  { "texture": "#main", "uv": [ 4, 0, 5, 1.25 ] }, 
                "south": { "texture": "#main", "uv": [ 4.5, 0.75, 7.25, 2 ] }, 
                "west":  { "texture": "#main", "uv": [ 4, 0, 5, 1.25 ] }, 
                "up":    { "texture": "#main", "uv": [ 4, 0, 6.75, 1 ] }, 
                "down":  { "texture": "#main", "uv": [ 4, 0, 6.75, 1 ] }
            }
        }, 
        {
            "name": "Head", 
            "from": [ -11, 4, 5.5 ], 
            "to":   [ -8, 11, 10.5 ], 
            "faces": {
                "north": { "texture": "#main", "uv": [ 4.25, 4.5, 5.5, 6.75 ] }, 
                "east":  { "texture": "#main", "uv": [ 0, 0, 4, 4 ] }, 
                "south": { "texture": "#main", "uv": [ 4.25, 4.5, 5.5, 6.75 ] }, 
                "west":  { "texture": "#main", "uv": [ 0, 0, 4, 4 ] }, 
                "up":    { "texture": "#main", "uv": [ 4, 0, 4.75, 1.25 ] }, 
                "down":  { "texture": "#main", "uv": [ 0, 4, 0.75, 5.25 ] }
            }
        }, 
        {
            "name": "JawTop", 
            "from": [ -16, 7, 6 ], 
            "to":   [ -11, 9, 10 ], 
            "faces": {
                "north": { "texture": "#main", "uv": [ 0, 0, 4, 2 ] }, 
                "east":  { "texture": "#main", "uv": [ 0, 0, 4, 2 ] }, 
                "south": { "texture": "#main", "uv": [ 0, 0, 4, 2 ] }, 
                "west":  { "texture": "#main", "uv": [ 0, 0, 4, 2 ] }, 
                "up":    { "texture": "#main", "uv": [ 0, 0, 1.25, 1 ] }, 
                "down":  { "texture": "#main", "uv": [ 0, 0, 1.25, 1 ] }
            }
        }, 
        {
            "name": "JawBottom", 
            "from": [ -16, 4, 6 ], 
            "to":   [ -11, 7, 10 ], 
            "faces": {
                "north": { "texture": "#main", "uv": [ 0, 2, 4, 4 ] }, 
                "east":  { "texture": "#main", "uv": [ 0, 2, 4, 4 ] }, 
                "south": { "texture": "#main", "uv": [ 0, 2, 4, 4 ] }, 
                "west":  { "texture": "#main", "uv": [ 0, 2, 4, 4 ] }, 
                "up":    { "texture": "#main", "uv": [ 4, 0, 5.25, 1 ] }, 
                "down":  { "texture": "#main", "uv": [ 0, 4, 1.25, 5 ] }
            }
        }, 
        {
            "name": "Snout", 
            "from": [ -13, 16, 6.1 ], 
            "to":   [ -8, 18, 9.899999999999999 ], 
            "rotation": { "origin": [8, 8, 8], "axis": "z", "angle": 22.5 }, 
            "faces": {
                "north": { "texture": "#main", "uv": [ 4, 0, 5.25, 0.5 ] }, 
                "east":  { "texture": "#main", "uv": [ 4, 0, 4.95, 0.5 ] }, 
                "south": { "texture": "#main", "uv": [ 4, 0, 5.25, 0.5 ] }, 
                "west":  { "texture": "#main", "uv": [ 4, 0, 4.95, 0.5 ] }, 
                "up":    { "texture": "#main", "uv": [ 4, 0, 5.25, 0.95 ] }, 
                "down":  { "texture": "#main", "uv": [ 4, 0, 5.25, 0.95 ] }
            }
        }, 
        {
            "name": "Sail1", 
            "from": [ -3, 6, 7.5 ], 
            "to":   [ 13, 8, 8.5 ], 
            "faces": {
                "north": { "texture": "#main", "uv": [ 4, 0, 8, 0.5 ] }, 
                "east":  { "texture": "#main", "uv": [ 4, 0, 4.25, 0.5 ] }, 
                "south": { "texture": "#main", "uv": [ 4, 0, 8, 0.5 ] }, 
                "west":  { "texture": "#main", "uv": [ 4, 0, 4.25, 0.5 ] }, 
                "up":    { "texture": "#main", "uv": [ 4, 0, 8, 0.25 ] }, 
                "down":  { "texture": "#main", "uv": [ 4, 0, 8, 0.25 ] }
            }
        }, 
        {
            "name": "Sail2", 
            "from": [ -9, 4, 7.5 ], 
            "to":   [ 7, 6, 8.5 ], 
            "rotation": { "origin": [8, 8, 8], "axis": "z", "angle": -22.5 }, 
            "faces": {
                "north": { "texture": "#main", "uv": [ 4, 0, 8, 0.5 ] }, 
                "east":  { "texture": "#main", "uv": [ 4, 0, 4.25, 0.5 ] }, 
                "south": { "texture": "#main", "uv": [ 4, 0, 8, 0.5 ] }, 
                "west":  { "texture": "#main", "uv": [ 4, 0, 4.25, 0.5 ] }, 
                "up":    { "texture": "#main", "uv": [ 4, 0, 8, 0.25 ] }, 
                "down":  { "texture": "#main", "uv": [ 4, 0, 8, 0.25 ] }
            }
        }, 
        {
            "name": "Leg1", 
            "from": [ 7, -3, 4 ], 
            "to":   [ 11, 3, 7 ], 
            "rotation": { "origin": [8, 8, 8], "axis": "z", "angle": -22.5 }, 
            "faces": {
                "north": { "texture": "#main", "uv": [ 0, 4, 1, 5.5 ] }, 
                "east":  { "texture": "#main", "uv": [ 0, 4, 0.75, 5.5 ] }, 
                "south": { "texture": "#main", "uv": [ 0, 4, 1, 5.5 ] }, 
                "west":  { "texture": "#main", "uv": [ 0, 4, 0.75, 5.5 ] }, 
                "up":    { "texture": "#main", "uv": [ 0, 4, 1, 4.75 ] }, 
                "down":  { "texture": "#main", "uv": [ 0, 4, 1, 4.75 ] }
            }
        }, 
        {
            "name": "Leg2", 
            "from": [ 7, -3, 9 ], 
            "to":   [ 11, 3, 12 ], 
            "rotation": { "origin": [8, 8, 8], "axis": "z", "angle": -22.5 }, 
            "faces": {
                "north": { "texture": "#main", "uv": [ 0, 4, 1, 5.5 ] }, 
                "east":  { "texture": "#main", "uv": [ 0, 4, 0.75, 5.5 ] }, 
                "south": { "texture": "#main", "uv": [ 0, 4, 1, 5.5 ] }, 
                "west":  { "texture": "#main", "uv": [ 0, 4, 0.75, 5.5 ] }, 
                "up":    { "texture": "#main", "uv": [ 0, 4, 1, 4.75 ] }, 
                "down":  { "texture": "#main", "uv": [ 0, 4, 1, 4.75 ] }
            }
        }, 
        {
            "name": "Leg3", 
            "from": [ -2, -3, 9.5 ], 
            "to":   [ 1, 3, 11.5 ], 
            "rotation": { "origin": [8, 8, 8], "axis": "z", "angle": 45 }, 
            "faces": {
                "north": { "texture": "#main", "uv": [ 0, 4, 0.75, 5.5 ] }, 
                "east":  { "texture": "#main", "uv": [ 0, 4, 0.5, 5.5 ] }, 
                "south": { "texture": "#main", "uv": [ 0, 4, 0.75, 5.5 ] }, 
                "west":  { "texture": "#main", "uv": [ 0, 4, 0.5, 5.5 ] }, 
                "up":    { "texture": "#main", "uv": [ 0, 4, 0.75, 4.5 ] }, 
                "down":  { "texture": "#main", "uv": [ 0, 4, 0.75, 4.5 ] }
            }
        }, 
        {
            "name": "Leg4", 
            "from": [ -2, -3, 4.5 ], 
            "to":   [ 1, 3, 6.5 ], 
            "rotation": { "origin": [8, 8, 8], "axis": "z", "angle": 45 }, 
            "faces": {
                "north": { "texture": "#main", "uv": [ 0, 4, 0.75, 5.5 ] }, 
                "east":  { "texture": "#main", "uv": [ 0, 4, 0.5, 5.5 ] }, 
                "south": { "texture": "#main", "uv": [ 0, 4, 0.75, 5.5 ] }, 
                "west":  { "texture": "#main", "uv": [ 0, 4, 0.5, 5.5 ] }, 
                "up":    { "texture": "#main", "uv": [ 0, 4, 0.75, 4.5 ] }, 
                "down":  { "texture": "#main", "uv": [ 0, 4, 0.75, 4.5 ] }
            }
        }, 
        {
            "name": "Leg5", 
            "from": [ 12, -9, 4.6 ], 
            "to":   [ 15, -3, 6.3999999999999995 ], 
            "rotation": { "origin": [8, 8, 8], "axis": "z", "angle": -22.5 }, 
            "faces": {
                "north": { "texture": "#main", "uv": [ 0, 4, 0.75, 5.5 ] }, 
                "east":  { "texture": "#main", "uv": [ 0, 4, 0.45, 5.5 ] }, 
                "south": { "texture": "#main", "uv": [ 0, 4, 0.75, 5.5 ] }, 
                "west":  { "texture": "#main", "uv": [ 0, 4, 0.45, 5.5 ] }, 
                "up":    { "texture": "#main", "uv": [ 0, 4, 0.75, 4.45 ] }, 
                "down":  { "texture": "#main", "uv": [ 0, 4, 0.75, 4.45 ] }
            }
        }, 
        {
            "name": "Leg6", 
            "from": [ 12, -9, 9.6 ], 
            "to":   [ 15, -3, 11.4 ], 
            "rotation": { "origin": [8, 8, 8], "axis": "z", "angle": -22.5 }, 
            "faces": {
                "north": { "texture": "#main", "uv": [ 0, 4, 0.75, 5.5 ] }, 
                "east":  { "texture": "#main", "uv": [ 0, 4, 0.45, 5.5 ] }, 
                "south": { "texture": "#main", "uv": [ 0, 4, 0.75, 5.5 ] }, 
                "west":  { "texture": "#main", "uv": [ 0, 4, 0.45, 5.5 ] }, 
                "up":    { "texture": "#main", "uv": [ 0, 4, 0.75, 4.45 ] }, 
                "down":  { "texture": "#main", "uv": [ 0, 4, 0.75, 4.45 ] }
            }
        }, 
        {
            "name": "Cube", 
            "from": [ 4, -10, 4 ], 
            "to":   [ 9, -8, 7 ], 
            "faces": {
                "north": { "texture": "#main", "uv": [ 0, 4, 1.25, 4.5 ] }, 
                "east":  { "texture": "#main", "uv": [ 0, 4, 0.75, 4.5 ] }, 
                "south": { "texture": "#main", "uv": [ 0, 4, 1.25, 4.5 ] }, 
                "west":  { "texture": "#main", "uv": [ 0, 4, 0.75, 4.5 ] }, 
                "up":    { "texture": "#main", "uv": [ 0, 4, 1.25, 4.75 ] }, 
                "down":  { "texture": "#main", "uv": [ 0, 4, 1.25, 4.75 ] }
            }
        }, 
        {
            "name": "Cube", 
            "from": [ 4, -10, 9 ], 
            "to":   [ 9, -8, 12 ], 
            "faces": {
                "north": { "texture": "#main", "uv": [ 0, 4, 1.25, 4.5 ] }, 
                "east":  { "texture": "#main", "uv": [ 0, 4, 0.75, 4.5 ] }, 
                "south": { "texture": "#main", "uv": [ 0, 4, 1.25, 4.5 ] }, 
                "west":  { "texture": "#main", "uv": [ 0, 4, 0.75, 4.5 ] }, 
                "up":    { "texture": "#main", "uv": [ 0, 4, 1.25, 4.75 ] }, 
                "down":  { "texture": "#main", "uv": [ 0, 4, 1.25, 4.75 ] }
            }
        }, 
        {
            "name": "Cube", 
            "from": [ -5, 1, 4 ], 
            "to":   [ -3.5, 7, 5.5 ], 
            "rotation": { "origin": [8, 8, 8], "axis": "z", "angle": 22.5 }, 
            "faces": {
                "north": { "texture": "#main", "uv": [ 0, 4, 0.375, 5.5 ] }, 
                "east":  { "texture": "#main", "uv": [ 0, 4, 0.375, 5.5 ] }, 
                "south": { "texture": "#main", "uv": [ 0, 4, 0.375, 5.5 ] }, 
                "west":  { "texture": "#main", "uv": [ 0, 4, 0.375, 5.5 ] }, 
                "up":    { "texture": "#main", "uv": [ 0, 4, 0.375, 4.375 ] }, 
                "down":  { "texture": "#main", "uv": [ 0, 4, 0.375, 4.375 ] }
            }
        }, 
        {
            "name": "Cube", 
            "from": [ -5, 1, 10.5 ], 
            "to":   [ -3.5, 7, 12 ], 
            "rotation": { "origin": [8, 8, 8], "axis": "z", "angle": 22.5 }, 
            "faces": {
                "north": { "texture": "#main", "uv": [ 0, 4, 0.375, 5.5 ] }, 
                "east":  { "texture": "#main", "uv": [ 0, 4, 0.375, 5.5 ] }, 
                "south": { "texture": "#main", "uv": [ 0, 4, 0.375, 5.5 ] }, 
                "west":  { "texture": "#main", "uv": [ 0, 4, 0.375, 5.5 ] }, 
                "up":    { "texture": "#main", "uv": [ 0, 4, 0.375, 4.375 ] }, 
                "down":  { "texture": "#main", "uv": [ 0, 4, 0.375, 4.375 ] }
            }
        }, 
        {
            "name": "Cube", 
            "from": [ 8.5, -11, 10.5 ], 
            "to":   [ 10, -5, 12 ], 
            "rotation": { "origin": [8, 8, 8], "axis": "z", "angle": -45 }, 
            "faces": {
                "north": { "texture": "#main", "uv": [ 0, 4, 0.375, 5.5 ] }, 
                "east":  { "texture": "#main", "uv": [ 0, 4, 0.375, 5.5 ] }, 
                "south": { "texture": "#main", "uv": [ 0, 4, 0.375, 5.5 ] }, 
                "west":  { "texture": "#main", "uv": [ 0, 4, 0.375, 5.5 ] }, 
                "up":    { "texture": "#main", "uv": [ 0, 4, 0.375, 4.375 ] }, 
                "down":  { "texture": "#main", "uv": [ 0, 4, 0.375, 4.375 ] }
            }
        }, 
        {
            "name": "Cube", 
            "from": [ 8.5, -11, 4 ], 
            "to":   [ 10, -5, 5.5 ], 
            "rotation": { "origin": [8, 8, 8], "axis": "z", "angle": -45 }, 
            "faces": {
                "north": { "texture": "#main", "uv": [ 0, 4, 0.375, 5.5 ] }, 
                "east":  { "texture": "#main", "uv": [ 0, 4, 0.375, 5.5 ] }, 
                "south": { "texture": "#main", "uv": [ 0, 4, 0.375, 5.5 ] }, 
                "west":  { "texture": "#main", "uv": [ 0, 4, 0.375, 5.5 ] }, 
                "up":    { "texture": "#main", "uv": [ 0, 4, 0.375, 4.375 ] }, 
                "down":  { "texture": "#main", "uv": [ 0, 4, 0.375, 4.375 ] }
            }
        }, 
        {
            "name": "Body", 
            "from": [ -6, 0, 5 ], 
            "to":   [ 5, 6, 11 ], 
            "faces": {
                "north": { "texture": "#main", "uv": [ 8, 0, 12, 4 ] }, 
                "east":  { "texture": "#main", "uv": [ 8, 0, 12, 4 ] }, 
                "south": { "texture": "#main", "uv": [ 8, 0, 12, 4 ] }, 
                "west":  { "texture": "#main", "uv": [ 8, 0, 12, 4 ] }, 
                "up":    { "texture": "#main", "uv": [ 12, 0, 14.75, 1.5 ] }, 
                "down":  { "texture": "#main", "uv": [ 8, 4, 10.75, 5.5 ] }
            }
        }, 
        {
            "name": "Tail1", 
            "from": [ 1, 0.5, 5.5 ], 
            "to":   [ 9, 6.5, 10.5 ], 
            "faces": {
                "north": { "texture": "#main", "uv": [ 8, 0, 12, 4 ] }, 
                "east":  { "texture": "#main", "uv": [ 8, 0, 12, 4 ] }, 
                "south": { "texture": "#main", "uv": [ 8, 0, 12, 4 ] }, 
                "west":  { "texture": "#main", "uv": [ 8, 0, 12, 4 ] }, 
                "up":    { "texture": "#main", "uv": [ 12, 0, 14, 1.25 ] }, 
                "down":  { "texture": "#main", "uv": [ 8, 4, 10, 5.25 ] }
            }
        }, 
        {
            "name": "Tail2", 
            "from": [ 9, 1.5, 6 ], 
            "to":   [ 14, 6.5, 10 ], 
            "faces": {
                "north": { "texture": "#main", "uv": [ 8, 0, 10.5, 3.75 ] }, 
                "east":  { "texture": "#main", "uv": [ 8, 0, 10.5, 3.75 ] }, 
                "south": { "texture": "#main", "uv": [ 8, 0, 10.5, 3.75 ] }, 
                "west":  { "texture": "#main", "uv": [ 8, 0, 10.5, 3.75 ] }, 
                "up":    { "texture": "#main", "uv": [ 12, 0, 13.25, 1 ] }, 
                "down":  { "texture": "#main", "uv": [ 8, 4, 9.25, 5 ] }
            }
        }, 
        {
            "name": "Tail3", 
            "from": [ 14, 2.5, 6.5 ], 
            "to":   [ 19, 6.5, 9.5 ], 
            "faces": {
                "north": { "texture": "#main", "uv": [ 8, 0, 9.75, 2.75 ] }, 
                "east":  { "texture": "#main", "uv": [ 8, 0, 9.75, 2.75 ] }, 
                "south": { "texture": "#main", "uv": [ 8, 0, 9.75, 2.75 ] }, 
                "west":  { "texture": "#main", "uv": [ 8, 0, 9.75, 2.75 ] }, 
                "up":    { "texture": "#main", "uv": [ 12, 0, 13.25, 0.75 ] }, 
                "down":  { "texture": "#main", "uv": [ 8, 4, 9.25, 4.75 ] }
            }
        }, 
        {
            "name": "Tail4", 
            "from": [ 19, 3.5, 7 ], 
            "to":   [ 23, 6.5, 9 ], 
            "faces": {
                "north": { "texture": "#main", "uv": [ 8, 0, 9.25, 2 ] }, 
                "east":  { "texture": "#main", "uv": [ 8, 0, 9.25, 2 ] }, 
                "south": { "texture": "#main", "uv": [ 8, 0, 9.25, 2 ] }, 
                "west":  { "texture": "#main", "uv": [ 8, 0, 9.25, 2 ] }, 
                "up":    { "texture": "#main", "uv": [ 12, 0, 13, 0.5 ] }, 
                "down":  { "texture": "#main", "uv": [ 8, 4, 9, 4.5 ] }
            }
        }, 
        {
            "name": "Tail5", 
            "from": [ 23, 4.5, 7.5 ], 
            "to":   [ 27, 6.5, 8.5 ], 
            "faces": {
                "north": { "texture": "#main", "uv": [ 8, 0, 9, 0.5 ] }, 
                "east":  { "texture": "#main", "uv": [ 8, 0, 8.25, 0.5 ] }, 
                "south": { "texture": "#main", "uv": [ 8, 0, 9, 0.5 ] }, 
                "west":  { "texture": "#main", "uv": [ 8, 0, 8.25, 0.5 ] }, 
                "up":    { "texture": "#main", "uv": [ 12, 0, 13, 0.25 ] }, 
                "down":  { "texture": "#main", "uv": [ 8, 4, 9, 4.25 ] }
            }
        }, 
        {
            "name": "Neck", 
            "from": [ -8, -1, 6 ], 
            "to":   [ 3, 4, 10 ], 
            "rotation": { "origin": [8, 8, 8], "axis": "z", "angle": -22.5 }, 
            "faces": {
                "north": { "texture": "#main", "uv": [ 12.75, 1, 15.5, 2.25 ] }, 
                "east":  { "texture": "#main", "uv": [ 12, 0, 13, 1.25 ] }, 
                "south": { "texture": "#main", "uv": [ 12.5, 0.75, 15.25, 2 ] }, 
                "west":  { "texture": "#main", "uv": [ 12, 0, 13, 1.25 ] }, 
                "up":    { "texture": "#main", "uv": [ 12, 0, 14.75, 1 ] }, 
                "down":  { "texture": "#main", "uv": [ 12, 0, 14.75, 1 ] }
            }
        }, 
        {
            "name": "Head", 
            "from": [ -11, 4, 5.5 ], 
            "to":   [ -8, 11, 10.5 ], 
            "faces": {
                "north": { "texture": "#main", "uv": [ 12.25, 4.5, 13.5, 6.75 ] }, 
                "east":  { "texture": "#main", "uv": [ 8, 0, 12, 4 ] }, 
                "south": { "texture": "#main", "uv": [ 12.25, 4.5, 13.5, 6.75 ] }, 
                "west":  { "texture": "#main", "uv": [ 8, 0, 12, 4 ] }, 
                "up":    { "texture": "#main", "uv": [ 12, 0, 12.75, 1.25 ] }, 
                "down":  { "texture": "#main", "uv": [ 8, 4, 8.75, 5.25 ] }
            }
        }, 
        {
            "name": "JawTop", 
            "from": [ -16, 7, 6 ], 
            "to":   [ -11, 9, 10 ], 
            "faces": {
                "north": { "texture": "#main", "uv": [ 8, 0, 12, 2 ] }, 
                "east":  { "texture": "#main", "uv": [ 8, 0, 12, 2 ] }, 
                "south": { "texture": "#main", "uv": [ 8, 0, 12, 2 ] }, 
                "west":  { "texture": "#main", "uv": [ 8, 0, 12, 2 ] }, 
                "up":    { "texture": "#main", "uv": [ 8, 0, 9.25, 1 ] }, 
                "down":  { "texture": "#main", "uv": [ 8, 0, 9.25, 1 ] }
            }
        }, 
        {
            "name": "JawBottom", 
            "from": [ -16, 4, 6 ], 
            "to":   [ -11, 7, 10 ], 
            "faces": {
                "north": { "texture": "#main", "uv": [ 8, 2, 12, 4 ] }, 
                "east":  { "texture": "#main", "uv": [ 8, 2, 12, 4 ] }, 
                "south": { "texture": "#main", "uv": [ 8, 2, 12, 4 ] }, 
                "west":  { "texture": "#main", "uv": [ 8, 2, 12, 4 ] }, 
                "up":    { "texture": "#main", "uv": [ 12, 0, 13.25, 1 ] }, 
                "down":  { "texture": "#main", "uv": [ 8, 4, 9.25, 5 ] }
            }
        }, 
        {
            "name": "Snout", 
            "from": [ -13, 16, 6.1 ], 
            "to":   [ -8, 18, 9.899999999999999 ], 
            "rotation": { "origin": [8, 8, 8], "axis": "z", "angle": 22.5 }, 
            "faces": {
                "north": { "texture": "#main", "uv": [ 12, 0, 13.25, 0.5 ] }, 
                "east":  { "texture": "#main", "uv": [ 12, 0, 12.95, 0.5 ] }, 
                "south": { "texture": "#main", "uv": [ 12, 0, 13.25, 0.5 ] }, 
                "west":  { "texture": "#main", "uv": [ 12, 0, 12.95, 0.5 ] }, 
                "up":    { "texture": "#main", "uv": [ 12, 0, 13.25, 0.95 ] }, 
                "down":  { "texture": "#main", "uv": [ 12, 0, 13.25, 0.95 ] }
            }
        }, 
        {
            "name": "Sail1", 
            "from": [ -3, 6, 7.5 ], 
            "to":   [ 13, 8, 8.5 ], 
            "faces": {
                "north": { "texture": "#main", "uv": [ 12, 0, 16, 0.5 ] }, 
                "east":  { "texture": "#main", "uv": [ 12, 0, 12.25, 0.5 ] }, 
                "south": { "texture": "#main", "uv": [ 12, 0, 16, 0.5 ] }, 
                "west":  { "texture": "#main", "uv": [ 12, 0, 12.25, 0.5 ] }, 
                "up":    { "texture": "#main", "uv": [ 12, 0, 16, 0.25 ] }, 
                "down":  { "texture": "#main", "uv": [ 12, 0, 16, 0.25 ] }
            }
        }, 
        {
            "name": "Sail2", 
            "from": [ -9, 4, 7.5 ], 
            "to":   [ 7, 6, 8.5 ], 
            "rotation": { "origin": [8, 8, 8], "axis": "z", "angle": -22.5 }, 
            "faces": {
                "north": { "texture": "#main", "uv": [ 12, 0, 16, 0.5 ] }, 
                "east":  { "texture": "#main", "uv": [ 12, 0, 12.25, 0.5 ] }, 
                "south": { "texture": "#main", "uv": [ 12, 0, 16, 0.5 ] }, 
                "west":  { "texture": "#main", "uv": [ 12, 0, 12.25, 0.5 ] }, 
                "up":    { "texture": "#main", "uv": [ 12, 0, 16, 0.25 ] }, 
                "down":  { "texture": "#main", "uv": [ 12, 0, 16, 0.25 ] }
            }
        }, 
        {
            "name": "Leg1", 
            "from": [ 7, -3, 4 ], 
            "to":   [ 11, 3, 7 ], 
            "rotation": { "origin": [8, 8, 8], "axis": "z", "angle": -45 }, 
            "faces": {
                "north": { "texture": "#main", "uv": [ 8, 4, 9, 5.5 ] }, 
                "east":  { "texture": "#main", "uv": [ 8, 4, 8.75, 5.5 ] }, 
                "south": { "texture": "#main", "uv": [ 8, 4, 9, 5.5 ] }, 
                "west":  { "texture": "#main", "uv": [ 8, 4, 8.75, 5.5 ] }, 
                "up":    { "texture": "#main", "uv": [ 8, 4, 9, 4.75 ] }, 
                "down":  { "texture": "#main", "uv": [ 8, 4, 9, 4.75 ] }
            }
        }, 
        {
            "name": "Leg2", 
            "from": [ 7, -3, 9 ], 
            "to":   [ 11, 3, 12 ], 
            "rotation": { "origin": [8, 8, 8], "axis": "z", "angle": -22.5 }, 
            "faces": {
                "north": { "texture": "#main", "uv": [ 8, 4, 9, 5.5 ] }, 
                "east":  { "texture": "#main", "uv": [ 8, 4, 8.75, 5.5 ] }, 
                "south": { "texture": "#main", "uv": [ 8, 4, 9, 5.5 ] }, 
                "west":  { "texture": "#main", "uv": [ 8, 4, 8.75, 5.5 ] }, 
                "up":    { "texture": "#main", "uv": [ 8, 4, 9, 4.75 ] }, 
                "down":  { "texture": "#main", "uv": [ 8, 4, 9, 4.75 ] }
            }
        }, 
        {
            "name": "Leg3", 
            "from": [ -2, -3, 9.5 ], 
            "to":   [ 1, 3, 11.5 ], 
            "rotation": { "origin": [8, 8, 8], "axis": "z", "angle": 45 }, 
            "faces": {
                "north": { "texture": "#main", "uv": [ 8, 4, 8.75, 5.5 ] }, 
                "east":  { "texture": "#main", "uv": [ 8, 4, 8.5, 5.5 ] }, 
                "south": { "texture": "#main", "uv": [ 8, 4, 8.75, 5.5 ] }, 
                "west":  { "texture": "#main", "uv": [ 8, 4, 8.5, 5.5 ] }, 
                "up":    { "texture": "#main", "uv": [ 8, 4, 8.75, 4.5 ] }, 
                "down":  { "texture": "#main", "uv": [ 8, 4, 8.75, 4.5 ] }
            }
        }, 
        {
            "name": "Leg4", 
            "from": [ -2, -3, 4.5 ], 
            "to":   [ 1, 3, 6.5 ], 
            "rotation": { "origin": [8, 8, 8], "axis": "z", "angle": 22.5 }, 
            "faces": {
                "north": { "texture": "#main", "uv": [ 8, 4, 8.75, 5.5 ] }, 
                "east":  { "texture": "#main", "uv": [ 8, 4, 8.5, 5.5 ] }, 
                "south": { "texture": "#main", "uv": [ 8, 4, 8.75, 5.5 ] }, 
                "west":  { "texture": "#main", "uv": [ 8, 4, 8.5, 5.5 ] }, 
                "up":    { "texture": "#main", "uv": [ 8, 4, 8.75, 4.5 ] }, 
                "down":  { "texture": "#main", "uv": [ 8, 4, 8.75, 4.5 ] }
            }
        }, 
        {
            "name": "Leg5", 
            "from": [ 12, -9, 4.6 ], 
            "to":   [ 15, -3, 6.3999999999999995 ], 
            "rotation": { "origin": [8, 8, 8], "axis": "z", "angle": -45 }, 
            "faces": {
                "north": { "texture": "#main", "uv": [ 8, 4, 8.75, 5.5 ] }, 
                "east":  { "texture": "#main", "uv": [ 8, 4, 8.45, 5.5 ] }, 
                "south": { "texture": "#main", "uv": [ 8, 4, 8.75, 5.5 ] }, 
                "west":  { "texture": "#main", "uv": [ 8, 4, 8.45, 5.5 ] }, 
                "up":    { "texture": "#main", "uv": [ 8, 4, 8.75, 4.45 ] }, 
                "down":  { "texture": "#main", "uv": [ 8, 4, 8.75, 4.45 ] }
            }
        }, 
        {
            "name": "Leg6", 
            "from": [ 12, -9, 9.6 ], 
            "to":   [ 15, -3, 11.4 ], 
            "rotation": { "origin": [8, 8, 8], "axis": "z", "angle": -22.5 }, 
            "faces": {
                "north": { "texture": "#main", "uv": [ 8, 4, 8.75, 5.5 ] }, 
                "east":  { "texture": "#main", "uv": [ 8, 4, 8.45, 5.5 ] }, 
                "south": { "texture": "#main", "uv": [ 8, 4, 8.75, 5.5 ] }, 
                "west":  { "texture": "#main", "uv": [ 8, 4, 8.45, 5.5 ] }, 
                "up":    { "texture": "#main", "uv": [ 8, 4, 8.75, 4.45 ] }, 
                "down":  { "texture": "#main", "uv": [ 8, 4, 8.75, 4.45 ] }
            }
        }, 
        {
            "name": "Cube", 
            "from": [ 4, -10.5, 4 ], 
            "to":   [ 9, -8.5, 7 ], 
            "rotation": { "origin": [8, 8, 8], "axis": "z", "angle": -22.5 }, 
            "faces": {
                "north": { "texture": "#main", "uv": [ 8, 4, 9.25, 4.5 ] }, 
                "east":  { "texture": "#main", "uv": [ 8, 4, 8.75, 4.5 ] }, 
                "south": { "texture": "#main", "uv": [ 8, 4, 9.25, 4.5 ] }, 
                "west":  { "texture": "#main", "uv": [ 8, 4, 8.75, 4.5 ] }, 
                "up":    { "texture": "#main", "uv": [ 8, 4, 9.25, 4.75 ] }, 
                "down":  { "texture": "#main", "uv": [ 8, 4, 9.25, 4.75 ] }
            }
        }, 
        {
            "name": "Cube", 
            "from": [ 4, -10, 9 ], 
            "to":   [ 9, -8, 12 ], 
            "faces": {
                "north": { "texture": "#main", "uv": [ 8, 4, 9.25, 4.5 ] }, 
                "east":  { "texture": "#main", "uv": [ 8, 4, 8.75, 4.5 ] }, 
                "south": { "texture": "#main", "uv": [ 8, 4, 9.25, 4.5 ] }, 
                "west":  { "texture": "#main", "uv": [ 8, 4, 8.75, 4.5 ] }, 
                "up":    { "texture": "#main", "uv": [ 8, 4, 9.25, 4.75 ] }, 
                "down":  { "texture": "#main", "uv": [ 8, 4, 9.25, 4.75 ] }
            }
        }, 
        {
            "name": "Cube", 
            "from": [ -5, 1, 4 ], 
            "to":   [ -3.5, 7, 5.5 ], 
            "rotation": { "origin": [8, 8, 8], "axis": "z", "angle": 22.5 }, 
            "faces": {
                "north": { "texture": "#main", "uv": [ 8, 4, 8.375, 5.5 ] }, 
                "east":  { "texture": "#main", "uv": [ 8, 4, 8.375, 5.5 ] }, 
                "south": { "texture": "#main", "uv": [ 8, 4, 8.375, 5.5 ] }, 
                "west":  { "texture": "#main", "uv": [ 8, 4, 8.375, 5.5 ] }, 
                "up":    { "texture": "#main", "uv": [ 8, 4, 8.375, 4.375 ] }, 
                "down":  { "texture": "#main", "uv": [ 8, 4, 8.375, 4.375 ] }
            }
        }, 
        {
            "name": "Cube", 
            "from": [ -5, 1, 10.5 ], 
            "to":   [ -3.5, 7, 12 ], 
            "rotation": { "origin": [8, 8, 8], "axis": "z", "angle": 22.5 }, 
            "faces": {
                "north": { "texture": "#main", "uv": [ 8, 4, 8.375, 5.5 ] }, 
                "east":  { "texture": "#main", "uv": [ 8, 4, 8.375, 5.5 ] }, 
                "south": { "texture": "#main", "uv": [ 8, 4, 8.375, 5.5 ] }, 
                "west":  { "texture": "#main", "uv": [ 8, 4, 8.375, 5.5 ] }, 
                "up":    { "texture": "#main", "uv": [ 8, 4, 8.375, 4.375 ] }, 
                "down":  { "texture": "#main", "uv": [ 8, 4, 8.375, 4.375 ] }
            }
        }, 
        {
            "name": "Cube", 
            "from": [ 8.5, -11, 10.5 ], 
            "to":   [ 10, -5, 12 ], 
            "rotation": { "origin": [8, 8, 8], "axis": "z", "angle": -45 }, 
            "faces": {
                "north": { "texture": "#main", "uv": [ 8, 4, 8.375, 5.5 ] }, 
                "east":  { "texture": "#main", "uv": [ 8, 4, 8.375, 5.5 ] }, 
                "south": { "texture": "#main", "uv": [ 8, 4, 8.375, 5.5 ] }, 
                "west":  { "texture": "#main", "uv": [ 8, 4, 8.375, 5.5 ] }, 
                "up":    { "texture": "#main", "uv": [ 8, 4, 8.375, 4.375 ] }, 
                "down":  { "texture": "#main", "uv": [ 8, 4, 8.375, 4.375 ] }
            }
        }, 
        {
            "name": "Cube", 
            "from": [ 8.5, -11, 4 ], 
            "to":   [ 10, -5, 5.5 ], 
            "rotation": { "origin": [8, 8, 8], "axis": "z", "angle": -45 }, 
            "faces": {
                "north": { "texture": "#main", "uv": [ 8, 4, 8.375, 5.5 ] }, 
                "east":  { "texture": "#main", "uv": [ 8, 4, 8.375, 5.5 ] }, 
                "south": { "texture": "#main", "uv": [ 8, 4, 8.375, 5.5 ] }, 
                "west":  { "texture": "#main", "uv": [ 8, 4, 8.375, 5.5 ] }, 
                "up":    { "texture": "#main", "uv": [ 8, 4, 8.375, 4.375 ] }, 
                "down":  { "texture": "#main", "uv": [ 8, 4, 8.375, 4.375 ] }
            }
        }, 
        {
            "name": "Body", 
            "from": [ -6, 0, 5 ], 
            "to":   [ 5, 6, 11 ], 
            "faces": {
                "north": { "texture": "#main", "uv": [ 0, 8, 4, 12 ] }, 
                "east":  { "texture": "#main", "uv": [ 0, 8, 4, 12 ] }, 
                "south": { "texture": "#main", "uv": [ 0, 8, 4, 12 ] }, 
                "west":  { "texture": "#main", "uv": [ 0, 8, 4, 12 ] }, 
                "up":    { "texture": "#main", "uv": [ 4, 8, 6.75, 9.5 ] }, 
                "down":  { "texture": "#main", "uv": [ 0, 12, 2.75, 13.5 ] }
            }
        }, 
        {
            "name": "Tail1", 
            "from": [ 1, 0.5, 5.5 ], 
            "to":   [ 9, 6.5, 10.5 ], 
            "faces": {
                "north": { "texture": "#main", "uv": [ 0, 8, 4, 12 ] }, 
                "east":  { "texture": "#main", "uv": [ 0, 8, 4, 12 ] }, 
                "south": { "texture": "#main", "uv": [ 0, 8, 4, 12 ] }, 
                "west":  { "texture": "#main", "uv": [ 0, 8, 4, 12 ] }, 
                "up":    { "texture": "#main", "uv": [ 4, 8, 6, 9.25 ] }, 
                "down":  { "texture": "#main", "uv": [ 0, 12, 2, 13.25 ] }
            }
        }, 
        {
            "name": "Tail2", 
            "from": [ 9, 1.5, 6 ], 
            "to":   [ 14, 6.5, 10 ], 
            "faces": {
                "north": { "texture": "#main", "uv": [ 0, 8, 2.5, 11.75 ] }, 
                "east":  { "texture": "#main", "uv": [ 0, 8, 2.5, 11.75 ] }, 
                "south": { "texture": "#main", "uv": [ 0, 8, 2.5, 11.75 ] }, 
                "west":  { "texture": "#main", "uv": [ 0, 8, 2.5, 11.75 ] }, 
                "up":    { "texture": "#main", "uv": [ 4, 8, 5.25, 9 ] }, 
                "down":  { "texture": "#main", "uv": [ 0, 12, 1.25, 13 ] }
            }
        }, 
        {
            "name": "Tail3", 
            "from": [ 14, 2.5, 6.5 ], 
            "to":   [ 19, 6.5, 9.5 ], 
            "faces": {
                "north": { "texture": "#main", "uv": [ 0, 8, 1.75, 10.75 ] }, 
                "east":  { "texture": "#main", "uv": [ 0, 8, 1.75, 10.75 ] }, 
                "south": { "texture": "#main", "uv": [ 0, 8, 1.75, 10.75 ] }, 
                "west":  { "texture": "#main", "uv": [ 0, 8, 1.75, 10.75 ] }, 
                "up":    { "texture": "#main", "uv": [ 4, 8, 5.25, 8.75 ] }, 
                "down":  { "texture": "#main", "uv": [ 0, 12, 1.25, 12.75 ] }
            }
        }, 
        {
            "name": "Tail4", 
            "from": [ 19, 3.5, 7 ], 
            "to":   [ 23, 6.5, 9 ], 
            "faces": {
                "north": { "texture": "#main", "uv": [ 0, 8, 1.25, 10 ] }, 
                "east":  { "texture": "#main", "uv": [ 0, 8, 1.25, 10 ] }, 
                "south": { "texture": "#main", "uv": [ 0, 8, 1.25, 10 ] }, 
                "west":  { "texture": "#main", "uv": [ 0, 8, 1.25, 10 ] }, 
                "up":    { "texture": "#main", "uv": [ 4, 8, 5, 8.5 ] }, 
                "down":  { "texture": "#main", "uv": [ 0, 12, 1, 12.5 ] }
            }
        }, 
        {
            "name": "Tail5", 
            "from": [ 23, 4.5, 7.5 ], 
            "to":   [ 27, 6.5, 8.5 ], 
            "faces": {
                "north": { "texture": "#main", "uv": [ 0, 8, 1, 8.5 ] }, 
                "east":  { "texture": "#main", "uv": [ 0, 8, 0.25, 8.5 ] }, 
                "south": { "texture": "#main", "uv": [ 0, 8, 1, 8.5 ] }, 
                "west":  { "texture": "#main", "uv": [ 0, 8, 0.25, 8.5 ] }, 
                "up":    { "texture": "#main", "uv": [ 4, 8, 5, 8.25 ] }, 
                "down":  { "texture": "#main", "uv": [ 0, 12, 1, 12.25 ] }
            }
        }, 
        {
            "name": "Neck", 
            "from": [ -8, -1, 6 ], 
            "to":   [ 3, 4, 10 ], 
            "rotation": { "origin": [8, 8, 8], "axis": "z", "angle": -22.5 }, 
            "faces": {
                "north": { "texture": "#main", "uv": [ 4.75, 9, 7.5, 10.25 ] }, 
                "east":  { "texture": "#main", "uv": [ 4, 8, 5, 9.25 ] }, 
                "south": { "texture": "#main", "uv": [ 4.5, 8.75, 7.25, 10 ] }, 
                "west":  { "texture": "#main", "uv": [ 4, 8, 5, 9.25 ] }, 
                "up":    { "texture": "#main", "uv": [ 4, 8, 6.75, 9 ] }, 
                "down":  { "texture": "#main", "uv": [ 4, 8, 6.75, 9 ] }
            }
        }, 
        {
            "name": "Head", 
            "from": [ -11, 4, 5.5 ], 
            "to":   [ -8, 11, 10.5 ], 
            "faces": {
                "north": { "texture": "#main", "uv": [ 4.25, 12.5, 5.5, 14.75 ] }, 
                "east":  { "texture": "#main", "uv": [ 0, 8, 4, 12 ] }, 
                "south": { "texture": "#main", "uv": [ 4.25, 12.5, 5.5, 14.75 ] }, 
                "west":  { "texture": "#main", "uv": [ 0, 8, 4, 12 ] }, 
                "up":    { "texture": "#main", "uv": [ 4, 8, 4.75, 9.25 ] }, 
                "down":  { "texture": "#main", "uv": [ 0, 12, 0.75, 13.25 ] }
            }
        }, 
        {
            "name": "JawTop", 
            "from": [ -16, 7, 6 ], 
            "to":   [ -11, 9, 10 ], 
            "faces": {
                "north": { "texture": "#main", "uv": [ 0, 8, 4, 10 ] }, 
                "east":  { "texture": "#main", "uv": [ 0, 8, 4, 10 ] }, 
                "south": { "texture": "#main", "uv": [ 0, 8, 4, 10 ] }, 
                "west":  { "texture": "#main", "uv": [ 0, 8, 4, 10 ] }, 
                "up":    { "texture": "#main", "uv": [ 0, 8, 1.25, 9 ] }, 
                "down":  { "texture": "#main", "uv": [ 0, 8, 1.25, 9 ] }
            }
        }, 
        {
            "name": "JawBottom", 
            "from": [ -16, 4, 6 ], 
            "to":   [ -11, 7, 10 ], 
            "faces": {
                "north": { "texture": "#main", "uv": [ 0, 10, 4, 12 ] }, 
                "east":  { "texture": "#main", "uv": [ 0, 10, 4, 12 ] }, 
                "south": { "texture": "#main", "uv": [ 0, 10, 4, 12 ] }, 
                "west":  { "texture": "#main", "uv": [ 0, 10, 4, 12 ] }, 
                "up":    { "texture": "#main", "uv": [ 4, 8, 5.25, 9 ] }, 
                "down":  { "texture": "#main", "uv": [ 0, 12, 1.25, 13 ] }
            }
        }, 
        {
            "name": "Snout", 
            "from": [ -13, 16, 6.1 ], 
            "to":   [ -8, 18, 9.899999999999999 ], 
            "rotation": { "origin": [8, 8, 8], "axis": "z", "angle": 22.5 }, 
            "faces": {
                "north": { "texture": "#main", "uv": [ 4, 8, 5.25, 8.5 ] }, 
                "east":  { "texture": "#main", "uv": [ 4, 8, 4.95, 8.5 ] }, 
                "south": { "texture": "#main", "uv": [ 4, 8, 5.25, 8.5 ] }, 
                "west":  { "texture": "#main", "uv": [ 4, 8, 4.95, 8.5 ] }, 
                "up":    { "texture": "#main", "uv": [ 4, 8, 5.25, 8.95 ] }, 
                "down":  { "texture": "#main", "uv": [ 4, 8, 5.25, 8.95 ] }
            }
        }, 
        {
            "name": "Sail1", 
            "from": [ -3, 6, 7.5 ], 
            "to":   [ 13, 8, 8.5 ], 
            "faces": {
                "north": { "texture": "#main", "uv": [ 4, 8, 8, 8.5 ] }, 
                "east":  { "texture": "#main", "uv": [ 4, 8, 4.25, 8.5 ] }, 
                "south": { "texture": "#main", "uv": [ 4, 8, 8, 8.5 ] }, 
                "west":  { "texture": "#main", "uv": [ 4, 8, 4.25, 8.5 ] }, 
                "up":    { "texture": "#main", "uv": [ 4, 8, 8, 8.25 ] }, 
                "down":  { "texture": "#main", "uv": [ 4, 8, 8, 8.25 ] }
            }
        }, 
        {
            "name": "Sail2", 
            "from": [ -9, 4, 7.5 ], 
            "to":   [ 7, 6, 8.5 ], 
            "rotation": { "origin": [8, 8, 8], "axis": "z", "angle": -22.5 }, 
            "faces": {
                "north": { "texture": "#main", "uv": [ 4, 8, 8, 8.5 ] }, 
                "east":  { "texture": "#main", "uv": [ 4, 8, 4.25, 8.5 ] }, 
                "south": { "texture": "#main", "uv": [ 4, 8, 8, 8.5 ] }, 
                "west":  { "texture": "#main", "uv": [ 4, 8, 4.25, 8.5 ] }, 
                "up":    { "texture": "#main", "uv": [ 4, 8, 8, 8.25 ] }, 
                "down":  { "texture": "#main", "uv": [ 4, 8, 8, 8.25 ] }
            }
        }, 
        {
            "name": "Leg1", 
            "from": [ 7, -3, 4 ], 
            "to":   [ 11, 3, 7 ], 
            "rotation": { "origin": [8, 8, 8], "axis": "z", "angle": -22.5 }, 
            "faces": {
                "north": { "texture": "#main", "uv": [ 0, 12, 1, 13.5 ] }, 
                "east":  { "texture": "#main", "uv": [ 0, 12, 0.75, 13.5 ] }, 
                "south": { "texture": "#main", "uv": [ 0, 12, 1, 13.5 ] }, 
                "west":  { "texture": "#main", "uv": [ 0, 12, 0.75, 13.5 ] }, 
                "up":    { "texture": "#main", "uv": [ 0, 12, 1, 12.75 ] }, 
                "down":  { "texture": "#main", "uv": [ 0, 12, 1, 12.75 ] }
            }
        }, 
        {
            "name": "Leg2", 
            "from": [ 7, -3, 9 ], 
            "to":   [ 11, 3, 12 ], 
            "rotation": { "origin": [8, 8, 8], "axis": "z", "angle": -45 }, 
            "faces": {
                "north": { "texture": "#main", "uv": [ 0, 12, 1, 13.5 ] }, 
                "east":  { "texture": "#main", "uv": [ 0, 12, 0.75, 13.5 ] }, 
                "south": { "texture": "#main", "uv": [ 0, 12, 1, 13.5 ] }, 
                "west":  { "texture": "#main", "uv": [ 0, 12, 0.75, 13.5 ] }, 
                "up":    { "texture": "#main", "uv": [ 0, 12, 1, 12.75 ] }, 
                "down":  { "texture": "#main", "uv": [ 0, 12, 1, 12.75 ] }
            }
        }, 
        {
            "name": "Leg3", 
            "from": [ -2, -3, 9.5 ], 
            "to":   [ 1, 3, 11.5 ], 
            "rotation": { "origin": [8, 8, 8], "axis": "z", "angle": 22.5 }, 
            "faces": {
                "north": { "texture": "#main", "uv": [ 0, 12, 0.75, 13.5 ] }, 
                "east":  { "texture": "#main", "uv": [ 0, 12, 0.5, 13.5 ] }, 
                "south": { "texture": "#main", "uv": [ 0, 12, 0.75, 13.5 ] }, 
                "west":  { "texture": "#main", "uv": [ 0, 12, 0.5, 13.5 ] }, 
                "up":    { "texture": "#main", "uv": [ 0, 12, 0.75, 12.5 ] }, 
                "down":  { "texture": "#main", "uv": [ 0, 12, 0.75, 12.5 ] }
            }
        }, 
        {
            "name": "Leg4", 
            "from": [ -2, -3, 4.5 ], 
            "to":   [ 1, 3, 6.5 ], 
            "rotation": { "origin": [8, 8, 8], "axis": "z", "angle": 45 }, 
            "faces": {
                "north": { "texture": "#main", "uv": [ 0, 12, 0.75, 13.5 ] }, 
                "east":  { "texture": "#main", "uv": [ 0, 12, 0.5, 13.5 ] }, 
                "south": { "texture": "#main", "uv": [ 0, 12, 0.75, 13.5 ] }, 
                "west":  { "texture": "#main", "uv": [ 0, 12, 0.5, 13.5 ] }, 
                "up":    { "texture": "#main", "uv": [ 0, 12, 0.75, 12.5 ] }, 
                "down":  { "texture": "#main", "uv": [ 0, 12, 0.75, 12.5 ] }
            }
        }, 
        {
            "name": "Leg5", 
            "from": [ 12, -9, 4.6 ], 
            "to":   [ 15, -3, 6.3999999999999995 ], 
            "rotation": { "origin": [8, 8, 8], "axis": "z", "angle": -22.5 }, 
            "faces": {
                "north": { "texture": "#main", "uv": [ 0, 12, 0.75, 13.5 ] }, 
                "east":  { "texture": "#main", "uv": [ 0, 12, 0.45, 13.5 ] }, 
                "south": { "texture": "#main", "uv": [ 0, 12, 0.75, 13.5 ] }, 
                "west":  { "texture": "#main", "uv": [ 0, 12, 0.45, 13.5 ] }, 
                "up":    { "texture": "#main", "uv": [ 0, 12, 0.75, 12.45 ] }, 
                "down":  { "texture": "#main", "uv": [ 0, 12, 0.75, 12.45 ] }
            }
        }, 
        {
            "name": "Leg6", 
            "from": [ 12, -9, 9.6 ], 
            "to":   [ 15, -3, 11.4 ], 
            "rotation": { "origin": [8, 8, 8], "axis": "z", "angle": -45 }, 
            "faces": {
                "north": { "texture": "#main", "uv": [ 0, 12, 0.75, 13.5 ] }, 
                "east":  { "texture": "#main", "uv": [ 0, 12, 0.45, 13.5 ] }, 
                "south": { "texture": "#main", "uv": [ 0, 12, 0.75, 13.5 ] }, 
                "west":  { "texture": "#main", "uv": [ 0, 12, 0.45, 13.5 ] }, 
                "up":    { "texture": "#main", "uv": [ 0, 12, 0.75, 12.45 ] }, 
                "down":  { "texture": "#main", "uv": [ 0, 12, 0.75, 12.45 ] }
            }
        }, 
        {
            "name": "Cube", 
            "from": [ 4, -10, 4 ], 
            "to":   [ 9, -8, 7 ], 
            "faces": {
                "north": { "texture": "#main", "uv": [ 0, 12, 1.25, 12.5 ] }, 
                "east":  { "texture": "#main", "uv": [ 0, 12, 0.75, 12.5 ] }, 
                "south": { "texture": "#main", "uv": [ 0, 12, 1.25, 12.5 ] }, 
                "west":  { "texture": "#main", "uv": [ 0, 12, 0.75, 12.5 ] }, 
                "up":    { "texture": "#main", "uv": [ 0, 12, 1.25, 12.75 ] }, 
                "down":  { "texture": "#main", "uv": [ 0, 12, 1.25, 12.75 ] }
            }
        }, 
        {
            "name": "Cube", 
            "from": [ 4, -10.5, 9 ], 
            "to":   [ 9, -8.5, 12 ], 
            "rotation": { "origin": [8, 8, 8], "axis": "z", "angle": -22.5 }, 
            "faces": {
                "north": { "texture": "#main", "uv": [ 0, 12, 1.25, 12.5 ] }, 
                "east":  { "texture": "#main", "uv": [ 0, 12, 0.75, 12.5 ] }, 
                "south": { "texture": "#main", "uv": [ 0, 12, 1.25, 12.5 ] }, 
                "west":  { "texture": "#main", "uv": [ 0, 12, 0.75, 12.5 ] }, 
                "up":    { "texture": "#main", "uv": [ 0, 12, 1.25, 12.75 ] }, 
                "down":  { "texture": "#main", "uv": [ 0, 12, 1.25, 12.75 ] }
            }
        }, 
        {
            "name": "Cube", 
            "from": [ -5, 1, 4 ], 
            "to":   [ -3.5, 7, 5.5 ], 
            "rotation": { "origin": [8, 8, 8], "axis": "z", "angle": 22.5 }, 
            "faces": {
                "north": { "texture": "#main", "uv": [ 0, 12, 0.375, 13.5 ] }, 
                "east":  { "texture": "#main", "uv": [ 0, 12, 0.375, 13.5 ] }, 
                "south": { "texture": "#main", "uv": [ 0, 12, 0.375, 13.5 ] }, 
                "west":  { "texture": "#main", "uv": [ 0, 12, 0.375, 13.5 ] }, 
                "up":    { "texture": "#main", "uv": [ 0, 12, 0.375, 12.375 ] }, 
                "down":  { "texture": "#main", "uv": [ 0, 12, 0.375, 12.375 ] }
            }
        }, 
        {
            "name": "Cube", 
            "from": [ -5, 1, 10.5 ], 
            "to":   [ -3.5, 7, 12 ], 
            "rotation": { "origin": [8, 8, 8], "axis": "z", "angle": 22.5 }, 
            "faces": {
                "north": { "texture": "#main", "uv": [ 0, 12, 0.375, 13.5 ] }, 
                "east":  { "texture": "#main", "uv": [ 0, 12, 0.375, 13.5 ] }, 
                "south": { "texture": "#main", "uv": [ 0, 12, 0.375, 13.5 ] }, 
                "west":  { "texture": "#main", "uv": [ 0, 12, 0.375, 13.5 ] }, 
                "up":    { "texture": "#main", "uv": [ 0, 12, 0.375, 12.375 ] }, 
                "down":  { "texture": "#main", "uv": [ 0, 12, 0.375, 12.375 ] }
            }
        }, 
        {
            "name": "Cube", 
            "from": [ 8.5, -11, 10.5 ], 
            "to":   [ 10, -5, 12 ], 
            "rotation": { "origin": [8, 8, 8], "axis": "z", "angle": -45 }, 
            "faces": {
                "north": { "texture": "#main", "uv": [ 0, 12, 0.375, 13.5 ] }, 
                "east":  { "texture": "#main", "uv": [ 0, 12, 0.375, 13.5 ] }, 
                "south": { "texture": "#main", "uv": [ 0, 12, 0.375, 13.5 ] }, 
                "west":  { "texture": "#main", "uv": [ 0, 12, 0.375, 13.5 ] }, 
                "up":    { "texture": "#main", "uv": [ 0, 12, 0.375, 12.375 ] }, 
                "down":  { "texture": "#main", "uv": [ 0, 12, 0.375, 12.375 ] }
            }
        }, 
        {
            "name": "Cube", 
            "from": [ 8.5, -11, 4 ], 
            "to":   [ 10, -5, 5.5 ], 
            "rotation": { "origin": [8, 8, 8], "axis": "z", "angle": -45 }, 
            "faces": {
                "north": { "texture": "#main", "uv": [ 0, 12, 0.375, 13.5 ] }, 
                "east":  { "texture": "#main", "uv": [ 0, 12, 0.375, 13.5 ] }, 
                "south": { "texture": "#main", "uv": [ 0, 12, 0.375, 13.5 ] }, 
                "west":  { "texture": "#main", "uv": [ 0, 12, 0.375, 13.5 ] }, 
                "up":    { "texture": "#main", "uv": [ 0, 12, 0.375, 12.375 ] }, 
                "down":  { "texture": "#main", "uv": [ 0, 12, 0.375, 12.375 ] }
            }
        }
    ], 
    "display": {
        "ground": {
            "rotation": [ 0, 0, 0 ], 
            "translation": [ 0, 0, 0 ], 
            "scale": [ 0.5, 0.5, 0.5 ]
        }, 
        "head": {
            "rotation": [ 0, 270, 0 ], 
            "translation": [ 0, 27, 0 ], 
            "scale": [ 5, 5, 5 ]
        }, 
        "thirdperson_righthand": {
            "rotation": [ 0, 0, 0 ], 
            "translation": [ 0, 3, 1 ], 
            "scale": [ 0.55, 0.55, 0.55 ]
        }, 
        "firstperson_righthand": {
            "rotation": [ 0, -90, 25 ], 
            "translation": [ 1.13, 3.2, 1.13 ], 
            "scale": [ 0, 0, 0 ]
        }
    }
}