{
    "__comment": "Model generated using MrCrayfish's Model Creator (http://mrcrayfish.com/modelcreator/)",
    "textures": {
        "0": "blocks/embryo_sludge",
        "1": "blocks/fail_flesh"
    },
    "elements": [
        {
            "name": "Sludge",
            "from": [ 0.0, 0.0, 0.0 ], 
            "to": [ 16.0, 0.0, 16.0 ], 
            "faces": {
                "north": { "texture": "#0", "uv": [ 0.0, 0.0, 16.0, 0.0 ] },
                "east": { "texture": "#0", "uv": [ 0.0, 0.0, 16.0, 0.0 ] },
                "south": { "texture": "#0", "uv": [ 0.0, 0.0, 16.0, 0.0 ] },
                "west": { "texture": "#0", "uv": [ 0.0, 0.0, 16.0, 0.0 ] },
                "up": { "texture": "#0", "uv": [ 0.0, 0.0, 16.0, 16.0 ] },
                "down": { "texture": "#0", "uv": [ 0.0, 0.0, 16.0, 16.0 ] }
            }
        },
        {
            "name": "FailBody",
            "from": [ 6.0, 0.0, 7.0 ], 
            "to": [ 10.0, 2.0, 9.0 ], 
            "rotation": { "origin": [ 8.0, 8.0, 8.0 ], "axis": "y", "angle": 22.5 },
            "faces": {
                "north": { "texture": "#1", "uv": [ 0.0, 0.0, 4.0, 2.0 ] },
                "east": { "texture": "#1", "uv": [ 0.0, 0.0, 2.0, 2.0 ] },
                "south": { "texture": "#1", "uv": [ 0.0, 0.0, 4.0, 2.0 ] },
                "west": { "texture": "#1", "uv": [ 0.0, 0.0, 2.0, 2.0 ] },
                "up": { "texture": "#1", "uv": [ 0.0, 0.0, 4.0, 2.0 ] },
                "down": { "texture": "#1", "uv": [ 0.0, 0.0, 4.0, 2.0 ] }
            }
        },
        {
            "name": "Cube",
            "from": [ 5.0, 0.0, 8.0 ], 
            "to": [ 8.0, 1.0, 9.0 ], 
            "rotation": { "origin": [ 8.0, 8.0, 8.0 ], "axis": "y", "angle": -22.5 },
            "faces": {
                "north": { "texture": "#1", "uv": [ 10.0, 6.0, 13.0, 7.0 ] },
                "east": { "texture": "#1", "uv": [ 5.0, 7.0, 6.0, 8.0 ] },
                "south": { "texture": "#1", "uv": [ 5.0, 7.0, 8.0, 8.0 ] },
                "west": { "texture": "#1", "uv": [ 5.0, 7.0, 6.0, 8.0 ] },
                "up": { "texture": "#1", "uv": [ 13.0, 10.0, 16.0, 11.0 ] },
                "down": { "texture": "#1", "uv": [ 4.0, 7.0, 7.0, 8.0 ] }
            }
        },
        {
            "name": "Cube",
            "from": [ 6.0, 0.0, 5.0 ], 
            "to": [ 8.0, 1.0, 6.0 ], 
            "rotation": { "origin": [ 8.0, 8.0, 8.0 ], "axis": "y", "angle": 45.0 },
            "faces": {
                "north": { "texture": "#1", "uv": [ 7.0, 6.0, 9.0, 7.0 ] },
                "east": { "texture": "#1", "uv": [ 8.0, 9.0, 9.0, 10.0 ] },
                "south": { "texture": "#1", "uv": [ 8.0, 6.0, 10.0, 7.0 ] },
                "west": { "texture": "#1", "uv": [ 2.0, 5.0, 3.0, 6.0 ] },
                "up": { "texture": "#1", "uv": [ 4.0, 6.0, 6.0, 7.0 ] },
                "down": { "texture": "#1", "uv": [ 9.0, 6.0, 11.0, 7.0 ] }
            }
        },
        {
            "name": "Cube",
            "from": [ 4.0, 0.0, 7.0 ], 
            "to": [ 7.0, 1.0, 8.0 ], 
            "rotation": { "origin": [ 8.0, 8.0, 8.0 ], "axis": "y", "angle": 45.0 },
            "faces": {
                "north": { "texture": "#1", "uv": [ 3.0, 7.0, 6.0, 8.0 ] },
                "east": { "texture": "#1", "uv": [ 6.0, 6.0, 7.0, 7.0 ] },
                "south": { "texture": "#1", "uv": [ 2.0, 4.0, 5.0, 5.0 ] },
                "west": { "texture": "#1", "uv": [ 9.0, 9.0, 10.0, 10.0 ] },
                "up": { "texture": "#1", "uv": [ 7.0, 3.0, 10.0, 4.0 ] },
                "down": { "texture": "#1", "uv": [ 11.0, 14.0, 14.0, 15.0 ] }
            }
        },
        {
            "name": "Cube",
            "from": [ 5.5, 0.0, 11.0 ], 
            "to": [ 6.5, 1.0, 14.0 ], 
            "rotation": { "origin": [ 8.0, 8.0, 8.0 ], "axis": "y", "angle": -22.5 },
            "faces": {
                "north": { "texture": "#1", "uv": [ 4.0, 3.0, 5.0, 4.0 ] },
                "east": { "texture": "#1", "uv": [ 5.0, 8.0, 8.0, 9.0 ] },
                "south": { "texture": "#1", "uv": [ 7.0, 7.0, 8.0, 8.0 ] },
                "west": { "texture": "#1", "uv": [ 4.0, 8.0, 7.0, 9.0 ] },
                "up": { "texture": "#1", "uv": [ 6.0, 6.0, 7.0, 9.0 ] },
                "down": { "texture": "#1", "uv": [ 9.0, 5.0, 10.0, 8.0 ] }
            }
        },
        {
            "name": "Cube",
            "from": [ 9.0, 0.0, 6.0 ], 
            "to": [ 11.0, 1.5, 8.0 ], 
            "rotation": { "origin": [ 8.0, 8.0, 8.0 ], "axis": "y", "angle": -22.5 },
            "faces": {
                "north": { "texture": "#1", "uv": [ 7.0, 4.0, 9.0, 5.5 ] },
                "east": { "texture": "#1", "uv": [ 3.0, 6.0, 5.0, 7.5 ] },
                "south": { "texture": "#1", "uv": [ 9.0, 6.0, 11.0, 7.5 ] },
                "west": { "texture": "#1", "uv": [ 3.0, 9.0, 5.0, 10.5 ] },
                "up": { "texture": "#1", "uv": [ 8.0, 10.0, 10.0, 12.0 ] },
                "down": { "texture": "#1", "uv": [ 3.0, 5.0, 5.0, 7.0 ] }
            }
        }
    ],
 "display": {
        "ground": {
            "rotation": [ 0, 0, 0 ],
            "translation": [ 0, 0, 0],
            "scale":[ 0.5, 0.5, 0.5 ]
        },
        "head": {
            "rotation": [ 0, 90, 0 ],
            "translation": [ 0, -30, 0],
            "scale":[ 1.7, 1.7, 1.7]
        },
        "thirdperson_righthand": {
            "rotation": [ 0, 0, 0 ],
            "translation": [ 0, 3, 1 ],
            "scale": [ 0.55, 0.55, 0.55 ]
        },
        "firstperson_righthand": {
            "rotation": [ 0, -90, 25 ],
            "translation": [ 1.13, 3.2, 1.13],
            "scale": [ 0, 0, 0 ]
           }
      }
}