{
    "__comment": "Model generated using MrCrayfish's Model Creator (http://mrcrayfish.com/modelcreator/)",
    "textures": {
        "0": "blocks/pachycephalosaurus_skin",
        "1": "blocks/pachycephalosaurus_eye",
        "2": "blocks/bone"
    },
    "elements": [
        {
            "name": "Cube",
            "from": [ 5.0, -1.0, 12.0 ], 
            "to": [ 11.0, 5.0, 22.0 ], 
            "faces": {
                "north": { "texture": "#0", "uv": [ 0.0, 0.0, 6.0, 6.0 ] },
                "east": { "texture": "#0", "uv": [ 0.0, 0.0, 10.0, 6.0 ] },
                "south": { "texture": "#0", "uv": [ 0.0, 0.0, 6.0, 6.0 ] },
                "west": { "texture": "#0", "uv": [ 0.0, 0.0, 10.0, 6.0 ] },
                "up": { "texture": "#0", "uv": [ 0.0, 0.0, 6.0, 10.0 ] },
                "down": { "texture": "#0", "uv": [ 0.0, 0.0, 6.0, 10.0 ] }
            }
        },
        {
            "name": "Cube",
            "from": [ 6.5, 8.0, 20.0 ], 
            "to": [ 9.5, 15.0, 23.0 ], 
            "rotation": { "origin": [ 8.0, 8.0, 8.0 ], "axis": "x", "angle": 22.5 },
            "faces": {
                "north": { "texture": "#0", "uv": [ 0.0, 0.0, 3.0, 7.0 ] },
                "east": { "texture": "#0", "uv": [ 0.0, 0.0, 3.0, 7.0 ] },
                "south": { "texture": "#0", "uv": [ 0.0, 0.0, 3.0, 7.0 ] },
                "west": { "texture": "#0", "uv": [ 0.0, 0.0, 3.0, 7.0 ] },
                "up": { "texture": "#0", "uv": [ 0.0, 0.0, 3.0, 3.0 ] },
                "down": { "texture": "#0", "uv": [ 0.0, 0.0, 3.0, 3.0 ] }
            }
        },
        {
            "name": "Cube",
            "from": [ 6.0, 0.0, 4.0 ], 
            "to": [ 10.0, 5.0, 12.0 ], 
            "faces": {
                "north": { "texture": "#0", "uv": [ 0.0, 0.0, 4.0, 5.0 ] },
                "east": { "texture": "#0", "uv": [ 0.0, 0.0, 8.0, 5.0 ] },
                "south": { "texture": "#0", "uv": [ 0.0, 0.0, 4.0, 5.0 ] },
                "west": { "texture": "#0", "uv": [ 0.0, 0.0, 8.0, 5.0 ] },
                "up": { "texture": "#0", "uv": [ 0.0, 0.0, 4.0, 8.0 ] },
                "down": { "texture": "#0", "uv": [ 0.0, 0.0, 4.0, 8.0 ] }
            }
        },
        {
            "name": "Cube",
            "from": [ 6.5, 1.0, -2.0 ], 
            "to": [ 9.5, 5.0, 4.0 ], 
            "faces": {
                "north": { "texture": "#0", "uv": [ 0.0, 0.0, 3.0, 4.0 ] },
                "east": { "texture": "#0", "uv": [ 0.0, 0.0, 6.0, 4.0 ] },
                "south": { "texture": "#0", "uv": [ 0.0, 0.0, 3.0, 4.0 ] },
                "west": { "texture": "#0", "uv": [ 0.0, 0.0, 6.0, 4.0 ] },
                "up": { "texture": "#0", "uv": [ 0.0, 0.0, 3.0, 6.0 ] },
                "down": { "texture": "#0", "uv": [ 0.0, 0.0, 3.0, 6.0 ] }
            }
        },
        {
            "name": "Cube",
            "from": [ 4.0, -2.0, 16.0 ], 
            "to": [ 7.0, 5.0, 19.0 ], 
            "rotation": { "origin": [ 8.0, 8.0, 8.0 ], "axis": "x", "angle": 22.5 },
            "faces": {
                "north": { "texture": "#0", "uv": [ 0.0, 0.0, 3.0, 7.0 ] },
                "east": { "texture": "#0", "uv": [ 0.0, 0.0, 3.0, 7.0 ] },
                "south": { "texture": "#0", "uv": [ 0.0, 0.0, 3.0, 7.0 ] },
                "west": { "texture": "#0", "uv": [ 0.0, 0.0, 3.0, 7.0 ] },
                "up": { "texture": "#0", "uv": [ 0.0, 0.0, 3.0, 3.0 ] },
                "down": { "texture": "#0", "uv": [ 0.0, 0.0, 3.0, 3.0 ] }
            }
        },
        {
            "name": "Cube",
            "from": [ 9.0, -2.0, 16.0 ], 
            "to": [ 12.0, 5.0, 19.0 ], 
            "rotation": { "origin": [ 8.0, 8.0, 8.0 ], "axis": "x", "angle": 22.5 },
            "faces": {
                "north": { "texture": "#0", "uv": [ 0.0, 0.0, 3.0, 7.0 ] },
                "east": { "texture": "#0", "uv": [ 0.0, 0.0, 3.0, 7.0 ] },
                "south": { "texture": "#0", "uv": [ 0.0, 0.0, 3.0, 7.0 ] },
                "west": { "texture": "#0", "uv": [ 0.0, 0.0, 3.0, 7.0 ] },
                "up": { "texture": "#0", "uv": [ 0.0, 0.0, 3.0, 3.0 ] },
                "down": { "texture": "#0", "uv": [ 0.0, 0.0, 3.0, 3.0 ] }
            }
        },
        {
            "name": "Cube",
            "from": [ 4.5, -9.0, 11.0 ], 
            "to": [ 6.5, -2.0, 13.0 ], 
            "faces": {
                "north": { "texture": "#0", "uv": [ 0.0, 0.0, 2.0, 7.0 ] },
                "east": { "texture": "#0", "uv": [ 0.0, 0.0, 2.0, 7.0 ] },
                "south": { "texture": "#0", "uv": [ 0.0, 0.0, 2.0, 7.0 ] },
                "west": { "texture": "#0", "uv": [ 0.0, 0.0, 2.0, 7.0 ] },
                "up": { "texture": "#0", "uv": [ 0.0, 0.0, 2.0, 2.0 ] },
                "down": { "texture": "#0", "uv": [ 0.0, 0.0, 2.0, 2.0 ] }
            }
        },
        {
            "name": "Cube",
            "from": [ 9.5, -9.0, 11.0 ], 
            "to": [ 11.5, -2.0, 13.0 ], 
            "faces": {
                "north": { "texture": "#0", "uv": [ 0.0, 0.0, 2.0, 7.0 ] },
                "east": { "texture": "#0", "uv": [ 0.0, 0.0, 2.0, 7.0 ] },
                "south": { "texture": "#0", "uv": [ 0.0, 0.0, 2.0, 7.0 ] },
                "west": { "texture": "#0", "uv": [ 0.0, 0.0, 2.0, 7.0 ] },
                "up": { "texture": "#0", "uv": [ 0.0, 0.0, 2.0, 2.0 ] },
                "down": { "texture": "#0", "uv": [ 0.0, 0.0, 2.0, 2.0 ] }
            }
        },
        {
            "name": "Cube",
            "from": [ 4.0, -7.0, 15.0 ], 
            "to": [ 6.0, -3.0, 17.0 ], 
            "rotation": { "origin": [ 8.0, 8.0, 8.0 ], "axis": "x", "angle": -22.5 },
            "faces": {
                "north": { "texture": "#0", "uv": [ 0.0, 0.0, 2.0, 4.0 ] },
                "east": { "texture": "#0", "uv": [ 0.0, 0.0, 2.0, 4.0 ] },
                "south": { "texture": "#0", "uv": [ 0.0, 0.0, 2.0, 4.0 ] },
                "west": { "texture": "#0", "uv": [ 0.0, 0.0, 2.0, 4.0 ] },
                "up": { "texture": "#0", "uv": [ 0.0, 0.0, 2.0, 2.0 ] },
                "down": { "texture": "#0", "uv": [ 0.0, 0.0, 2.0, 2.0 ] }
            }
        },
        {
            "name": "Cube",
            "from": [ 10.0, -7.0, 15.0 ], 
            "to": [ 12.0, -3.0, 17.0 ], 
            "rotation": { "origin": [ 8.0, 8.0, 8.0 ], "axis": "x", "angle": -22.5 },
            "faces": {
                "north": { "texture": "#0", "uv": [ 0.0, 0.0, 2.0, 4.0 ] },
                "east": { "texture": "#0", "uv": [ 0.0, 0.0, 2.0, 4.0 ] },
                "south": { "texture": "#0", "uv": [ 0.0, 0.0, 2.0, 4.0 ] },
                "west": { "texture": "#0", "uv": [ 0.0, 0.0, 2.0, 4.0 ] },
                "up": { "texture": "#0", "uv": [ 0.0, 0.0, 2.0, 2.0 ] },
                "down": { "texture": "#0", "uv": [ 0.0, 0.0, 2.0, 2.0 ] }
            }
        },
        {
            "name": "Cube",
            "from": [ 6.0, 13.0, 19.5 ], 
            "to": [ 10.0, 17.0, 24.5 ], 
            "rotation": { "origin": [ 8.0, 8.0, 8.0 ], "axis": "x", "angle": 22.5 },
            "faces": {
                "north": { "texture": "#0", "uv": [ 0.0, 0.0, 4.0, 4.0 ] },
                "east": { "texture": "#1", "uv": [ 3.0, 5.0, 8.0, 11.0 ] },
                "south": { "texture": "#0", "uv": [ 0.0, 0.0, 4.0, 4.0 ] },
                "west": { "texture": "#1", "uv": [ 1.0, 5.0, 6.0, 11.0 ] },
                "up": { "texture": "#0", "uv": [ 0.0, 0.0, 4.0, 5.0 ] },
                "down": { "texture": "#0", "uv": [ 0.0, 0.0, 4.0, 5.0 ] }
            }
        },
        {
            "name": "Cube",
            "from": [ 6.1, 13.0, 24.5 ], 
            "to": [ 9.899999999999999, 16.0, 27.5 ], 
            "rotation": { "origin": [ 8.0, 8.0, 8.0 ], "axis": "x", "angle": 22.5 },
            "faces": {
                "north": { "texture": "#0", "uv": [ 0.0, 0.0, 3.8, 3.0 ] },
                "east": { "texture": "#0", "uv": [ 0.0, 0.0, 3.0, 3.0 ] },
                "south": { "texture": "#0", "uv": [ 0.0, 0.0, 3.8, 3.0 ] },
                "west": { "texture": "#0", "uv": [ 0.0, 0.0, 3.0, 3.0 ] },
                "up": { "texture": "#0", "uv": [ 0.0, 0.0, 3.8, 3.0 ] },
                "down": { "texture": "#0", "uv": [ 0.0, 0.0, 3.8, 3.0 ] }
            }
        },
        {
            "name": "Cube",
            "from": [ 6.2, 20.0, 16.0 ], 
            "to": [ 9.8, 23.0, 23.0 ], 
            "rotation": { "origin": [ 8.0, 8.0, 8.0 ], "axis": "x", "angle": 45.0 },
            "faces": {
                "north": { "texture": "#2", "uv": [ 0.0, 0.0, 3.6, 3.0 ] },
                "east": { "texture": "#2", "uv": [ 0.0, 0.0, 7.0, 3.0 ] },
                "south": { "texture": "#2", "uv": [ 0.0, 0.0, 3.6, 3.0 ] },
                "west": { "texture": "#2", "uv": [ 0.0, 0.0, 7.0, 3.0 ] },
                "up": { "texture": "#2", "uv": [ 0.0, 0.0, 3.6, 7.0 ] },
                "down": { "texture": "#2", "uv": [ 0.0, 0.0, 3.6, 7.0 ] }
            }
        }
    ]
}