{
    "__comment": "Model generated using MrCrayfish's Model Creator (http://mrcrayfish.com/modelcreator/)",
    "textures": {
        "0": "blocks/smilodon_fur",
        "1": "blocks/smilodon_fur_pale",
        "2": "blocks/smilodon_eye",
        "3": "blocks/bone"
    },
    "elements": [
        {
            "name": "Body",
            "from": [ 5.0, 6.0, 3.0 ], 
            "to": [ 11.0, 11.0, 13.0 ], 
            "faces": {
                "north": { "texture": "#0", "uv": [ 0.0, 0.0, 6.0, 5.0 ] },
                "east": { "texture": "#0", "uv": [ 0.0, 0.0, 10.0, 5.0 ] },
                "south": { "texture": "#0", "uv": [ 0.0, 0.0, 6.0, 5.0 ] },
                "west": { "texture": "#0", "uv": [ 0.0, 0.0, 10.0, 5.0 ] },
                "up": { "texture": "#0", "uv": [ 0.0, 0.0, 6.0, 10.0 ] },
                "down": { "texture": "#0", "uv": [ 0.0, 0.0, 6.0, 10.0 ] }
            }
        },
        {
            "name": "Leg1",
            "from": [ 4.0, 2.0, 8.0 ], 
            "to": [ 7.0, 7.0, 12.0 ], 
            "rotation": { "origin": [ 8.0, 8.0, 8.0 ], "axis": "x", "angle": -22.5 },
            "faces": {
                "north": { "texture": "#0", "uv": [ 0.0, 0.0, 3.0, 5.0 ] },
                "east": { "texture": "#0", "uv": [ 0.0, 0.0, 4.0, 5.0 ] },
                "south": { "texture": "#0", "uv": [ 0.0, 0.0, 3.0, 5.0 ] },
                "west": { "texture": "#0", "uv": [ 0.0, 0.0, 4.0, 5.0 ] },
                "up": { "texture": "#0", "uv": [ 0.0, 0.0, 3.0, 4.0 ] },
                "down": { "texture": "#0", "uv": [ 0.0, 0.0, 3.0, 4.0 ] }
            }
        },
        {
            "name": "Leg2",
            "from": [ 9.0, 3.0, 8.0 ], 
            "to": [ 12.0, 7.0, 12.0 ], 
            "rotation": { "origin": [ 8.0, 8.0, 8.0 ], "axis": "x", "angle": -22.5 },
            "faces": {
                "north": { "texture": "#0", "uv": [ 0.0, 0.0, 3.0, 4.0 ] },
                "east": { "texture": "#0", "uv": [ 0.0, 0.0, 4.0, 4.0 ] },
                "south": { "texture": "#0", "uv": [ 0.0, 0.0, 3.0, 4.0 ] },
                "west": { "texture": "#0", "uv": [ 0.0, 0.0, 4.0, 4.0 ] },
                "up": { "texture": "#0", "uv": [ 0.0, 0.0, 3.0, 4.0 ] },
                "down": { "texture": "#0", "uv": [ 0.0, 0.0, 3.0, 4.0 ] }
            }
        },
        {
            "name": "Leg3",
            "from": [ 9.5, 0.0, 12.0 ], 
            "to": [ 11.5, 6.0, 14.0 ], 
            "faces": {
                "north": { "texture": "#0", "uv": [ 0.0, 0.0, 2.0, 6.0 ] },
                "east": { "texture": "#0", "uv": [ 0.0, 0.0, 2.0, 6.0 ] },
                "south": { "texture": "#0", "uv": [ 0.0, 0.0, 2.0, 6.0 ] },
                "west": { "texture": "#0", "uv": [ 0.0, 0.0, 2.0, 6.0 ] },
                "up": { "texture": "#0", "uv": [ 0.0, 0.0, 2.0, 2.0 ] },
                "down": { "texture": "#0", "uv": [ 0.0, 0.0, 2.0, 2.0 ] }
            }
        },
        {
            "name": "Leg4",
            "from": [ 4.5, 0.0, 12.0 ], 
            "to": [ 6.5, 6.0, 14.0 ], 
            "faces": {
                "north": { "texture": "#0", "uv": [ 0.0, 0.0, 2.0, 6.0 ] },
                "east": { "texture": "#0", "uv": [ 0.0, 0.0, 2.0, 6.0 ] },
                "south": { "texture": "#0", "uv": [ 0.0, 0.0, 2.0, 6.0 ] },
                "west": { "texture": "#0", "uv": [ 0.0, 0.0, 2.0, 6.0 ] },
                "up": { "texture": "#0", "uv": [ 0.0, 0.0, 2.0, 2.0 ] },
                "down": { "texture": "#0", "uv": [ 0.0, 0.0, 2.0, 2.0 ] }
            }
        },
        {
            "name": "Leg5",
            "from": [ 4.5, 0.0, 4.0 ], 
            "to": [ 6.5, 8.0, 6.0 ], 
            "faces": {
                "north": { "texture": "#0", "uv": [ 0.0, 0.0, 2.0, 8.0 ] },
                "east": { "texture": "#0", "uv": [ 0.0, 0.0, 2.0, 8.0 ] },
                "south": { "texture": "#0", "uv": [ 0.0, 0.0, 2.0, 8.0 ] },
                "west": { "texture": "#0", "uv": [ 0.0, 0.0, 2.0, 8.0 ] },
                "up": { "texture": "#0", "uv": [ 0.0, 0.0, 2.0, 2.0 ] },
                "down": { "texture": "#0", "uv": [ 0.0, 0.0, 2.0, 2.0 ] }
            }
        },
        {
            "name": "Leg6",
            "from": [ 9.5, 0.0, 4.0 ], 
            "to": [ 11.5, 8.0, 6.0 ], 
            "faces": {
                "north": { "texture": "#0", "uv": [ 0.0, 0.0, 2.0, 8.0 ] },
                "east": { "texture": "#0", "uv": [ 0.0, 0.0, 2.0, 8.0 ] },
                "south": { "texture": "#0", "uv": [ 0.0, 0.0, 2.0, 8.0 ] },
                "west": { "texture": "#0", "uv": [ 0.0, 0.0, 2.0, 8.0 ] },
                "up": { "texture": "#0", "uv": [ 0.0, 0.0, 2.0, 2.0 ] },
                "down": { "texture": "#0", "uv": [ 0.0, 0.0, 2.0, 2.0 ] }
            }
        },
        {
            "name": "Tail",
            "from": [ 7.0, 4.0, 13.0 ], 
            "to": [ 8.5, 9.0, 14.5 ], 
            "rotation": { "origin": [ 8.0, 8.0, 8.0 ], "axis": "x", "angle": -22.5 },
            "faces": {
                "north": { "texture": "#1", "uv": [ 0.0, 0.0, 1.5, 5.0 ] },
                "east": { "texture": "#1", "uv": [ 0.0, 0.0, 1.5, 5.0 ] },
                "south": { "texture": "#1", "uv": [ 0.0, 0.0, 1.5, 5.0 ] },
                "west": { "texture": "#1", "uv": [ 0.0, 0.0, 1.5, 5.0 ] },
                "up": { "texture": "#1", "uv": [ 0.0, 0.0, 1.5, 1.5 ] },
                "down": { "texture": "#1", "uv": [ 0.0, 0.0, 1.5, 1.5 ] }
            }
        },
        {
            "name": "Neck",
            "from": [ 6.5, 7.0, 0.0 ], 
            "to": [ 9.5, 10.0, 5.0 ], 
            "rotation": { "origin": [ 8.0, 8.0, 8.0 ], "axis": "x", "angle": 22.5 },
            "faces": {
                "north": { "texture": "#0", "uv": [ 0.0, 0.0, 3.0, 3.0 ] },
                "east": { "texture": "#0", "uv": [ 0.0, 0.0, 5.0, 3.0 ] },
                "south": { "texture": "#0", "uv": [ 0.0, 0.0, 3.0, 3.0 ] },
                "west": { "texture": "#0", "uv": [ 0.0, 0.0, 5.0, 3.0 ] },
                "up": { "texture": "#0", "uv": [ 0.0, 0.0, 3.0, 5.0 ] },
                "down": { "texture": "#0", "uv": [ 0.0, 0.0, 3.0, 5.0 ] }
            }
        },
        {
            "name": "Head",
            "from": [ 6.2, 10.0, -2.0 ], 
            "to": [ 9.9, 13.5, 2.0 ], 
            "faces": {
                "north": { "texture": "#0", "uv": [ 0.0, 0.0, 3.7, 3.5 ] },
                "east": { "texture": "#2", "uv": [ 1.0, 4.0, 8.0, 11.5 ] },
                "south": { "texture": "#0", "uv": [ 0.0, 0.0, 3.7, 3.5 ] },
                "west": { "texture": "#2", "uv": [ 1.0, 4.0, 8.0, 12.5 ] },
                "up": { "texture": "#0", "uv": [ 0.0, 0.0, 3.7, 4.0 ] },
                "down": { "texture": "#0", "uv": [ 0.0, 0.0, 3.7, 4.0 ] }
            }
        },
        {
            "name": "Snout1",
            "from": [ 6.3, 11.0, -4.5 ], 
            "to": [ 9.8, 13.0, -2.0 ], 
            "faces": {
                "north": { "texture": "#0", "uv": [ 0.0, 0.0, 3.5, 2.0 ] },
                "east": { "texture": "#0", "uv": [ 0.0, 0.0, 2.5, 2.0 ] },
                "south": { "texture": "#0", "uv": [ 0.0, 0.0, 3.5, 2.0 ] },
                "west": { "texture": "#0", "uv": [ 0.0, 0.0, 2.5, 2.0 ] },
                "up": { "texture": "#0", "uv": [ 0.0, 0.0, 3.5, 2.5 ] },
                "down": { "texture": "#0", "uv": [ 0.0, 0.0, 3.5, 2.5 ] }
            }
        },
        {
            "name": "Snout2",
            "from": [ 6.8, 9.8, -4.0 ], 
            "to": [ 9.3, 11.0, -1.0 ], 
            "faces": {
                "north": { "texture": "#0", "uv": [ 0.0, 0.0, 2.5, 1.2 ] },
                "east": { "texture": "#0", "uv": [ 0.0, 0.0, 3.0, 1.2 ] },
                "south": { "texture": "#0", "uv": [ 0.0, 0.0, 2.5, 1.2 ] },
                "west": { "texture": "#0", "uv": [ 0.0, 0.0, 3.0, 1.2 ] },
                "up": { "texture": "#0", "uv": [ 0.0, 0.0, 2.5, 3.0 ] },
                "down": { "texture": "#0", "uv": [ 0.0, 0.0, 2.5, 3.0 ] }
            }
        },
        {
            "name": "Tooth1",
            "from": [ 9.0, 9.0, -3.5 ], 
            "to": [ 10.0, 12.0, -2.5 ], 
            "faces": {
                "north": { "texture": "#3", "uv": [ 0.0, 0.0, 1.0, 3.0 ] },
                "east": { "texture": "#3", "uv": [ 0.0, 0.0, 1.0, 3.0 ] },
                "south": { "texture": "#3", "uv": [ 0.0, 0.0, 1.0, 3.0 ] },
                "west": { "texture": "#3", "uv": [ 0.0, 0.0, 1.0, 3.0 ] },
                "up": { "texture": "#3", "uv": [ 0.0, 0.0, 1.0, 1.0 ] },
                "down": { "texture": "#3", "uv": [ 0.0, 0.0, 1.0, 1.0 ] }
            }
        },
        {
            "name": "Tooth2",
            "from": [ 6.0, 9.0, -3.5 ], 
            "to": [ 7.0, 12.0, -2.5 ], 
            "faces": {
                "north": { "texture": "#3", "uv": [ 0.0, 0.0, 1.0, 3.0 ] },
                "east": { "texture": "#3", "uv": [ 0.0, 0.0, 1.0, 3.0 ] },
                "south": { "texture": "#3", "uv": [ 0.0, 0.0, 1.0, 3.0 ] },
                "west": { "texture": "#3", "uv": [ 0.0, 0.0, 1.0, 3.0 ] },
                "up": { "texture": "#3", "uv": [ 0.0, 0.0, 1.0, 1.0 ] },
                "down": { "texture": "#3", "uv": [ 0.0, 0.0, 1.0, 1.0 ] }
            }
        },
        {
            "name": "Ear1",
            "from": [ 8.8, 13.0, -1.0 ], 
            "to": [ 9.8, 14.5, 1.0 ], 
            "faces": {
                "north": { "texture": "#1", "uv": [ 0.0, 0.0, 1.0, 1.5 ] },
                "east": { "texture": "#1", "uv": [ 0.0, 0.0, 2.0, 1.5 ] },
                "south": { "texture": "#1", "uv": [ 0.0, 0.0, 1.0, 1.5 ] },
                "west": { "texture": "#1", "uv": [ 0.0, 0.0, 2.0, 1.5 ] },
                "up": { "texture": "#1", "uv": [ 0.0, 0.0, 1.0, 2.0 ] },
                "down": { "texture": "#1", "uv": [ 0.0, 0.0, 1.0, 2.0 ] }
            }
        },
        {
            "name": "Ear2",
            "from": [ 6.3, 13.0, -1.0 ], 
            "to": [ 7.3, 14.5, 1.0 ], 
            "faces": {
                "north": { "texture": "#1", "uv": [ 0.0, 0.0, 1.0, 1.5 ] },
                "east": { "texture": "#1", "uv": [ 0.0, 0.0, 2.0, 1.5 ] },
                "south": { "texture": "#1", "uv": [ 0.0, 0.0, 1.0, 1.5 ] },
                "west": { "texture": "#1", "uv": [ 0.0, 0.0, 2.0, 1.5 ] },
                "up": { "texture": "#1", "uv": [ 0.0, 0.0, 1.0, 2.0 ] },
                "down": { "texture": "#1", "uv": [ 0.0, 0.0, 1.0, 2.0 ] }
            }
        }
    ]
}