{
    "pools": [
        {
            "rolls": 1,
            "entries": [
                {
                    "type": "item",
                    "name": "minecraft:sand",
                    "weight": 15,
                    "functions": [
                        {
                            "function": "set_data",
                            "data": 0
                        }
                    ]
                },
                {
                    "type": "item",
                    "name": "minecraft:coal",
                    "weight": 18,
                    "functions": [
                        {
                            "function": "set_data",
                            "data": 0
                        }
                    ]
                },
                {
                    "type": "item",
                    "name": "minecraft:gunpowder",
                    "weight": 18
                },
                {
                    "type": "item",
                    "name": "minecraft:stone_sword",
                    "weight": 10,
                    "functions": [
                        {
                            "function": "set_damage",
                            "damage": {
                                "min": 0.1,
                                "max": 0.84
                            }
                        }
                    ]
                },
                {
                    "type": "item",
                    "name": "minecraft:chainmail_helmet",
                    "weight": 8,
                    "functions": [
                        {
                            "function": "set_damage",
                            "damage": {
                                "min": 0.25,
                                "max": 0.56
                            }
                        }
                    ]
                },
                {
                    "type": "item",
                    "name": "minecraft:chainmail_chestplate",
                    "weight": 8,
                    "functions": [
                        {
                            "function": "set_damage",
                            "damage": {
                                "min": 0.23,
                                "max": 0.5
                            }
                        }
                    ]
                },
                {
                    "type": "item",
                    "name": "minecraft:chainmail_leggings",
                    "weight": 8,
                    "functions": [
                        {
                            "function": "set_damage",
                            "damage": {
                                "min": 0.21,
                                "max": 0.65
                            }
                        }
                    ]
                },
                {
                    "type": "item",
                    "name": "minecraft:chainmail_boots",
                    "weight": 8,
                    "functions": [
                        {
                            "function": "set_damage",
                            "damage": {
                                "min": 0.27,
                                "max": 0.61
                            }
                        }
                    ]
                },
                {
                    "type": "item",
                    "name": "minecraft:tipped_arrow",
                    "weight": 1,
                    "functions": [
                        {
                            "function": "set_nbt",
                            "tag": "{Potion:\"minecraft:long_poison\"}"
                        }
                    ]
                },
                {
                    "type": "item",
                    "name": "minecraft:bone",
                    "weight": 18,
                    "functions": [
                        {
                            "function": "set_count",
                            "count": {
                                "min": 2,
                                "max": 5
                            }
                        }
                    ]
                },
                {
                    "type": "item",
                    "name": "minecraft:compass",
                    "weight": 15
                },
                {
                    "type": "item",
                    "name": "minecraft:gold_nugget",
                    "weight": 17,
                    "functions": [
                        {
                            "function": "set_nbt",
                            "tag": "{display:{Name:\"Gold Coin\",Lore:[Used in Slot Machines]}}"
                        }
                    ]
                },
                {
                    "type": "item",
                    "name": "minecraft:nether_wart",
                    "weight": 15
                },
                {
                    "type": "item",
                    "name": "minecraft:soul_sand",
                    "weight": 10
                }
            ]
        }
    ]
}