{
  "pools": [
    {
      "rolls": 1,
      "entries": [
        {
          "type": "item",
          "name": "minecraft:stone",
          "weight": 1
        },
        {
          "type": "item",
          "name": "minecraft:sand",
          "weight": 1
        },
        {
          "type": "item",
          "name": "minecraft:gravel",
          "weight": 1
        },
        {
          "type": "item",
          "name": "minecraft:dirt",
          "weight": 1
        },
        {
          "type": "item",
          "name": "minecraft:golden_pickaxe",
          "weight": 1,
          "functions": [
            {
              "function": "set_nbt",
              "tag": "{display:{Name:\"{\\\"translate\\\":\\\"Fossilized Seeds\\\",\\\"color\\\":\\\"gray\\\",\\\"italic\\\":false}\"},HideFlags:4,Unbreakable:1b,Damage:1,AttributeModifiers:[{AttributeName:\"generic.attackDamage\",Name:\"generic.attackDamage\",Amount:0,Operation:0,UUIDLeast:953034,UUIDMost:33863,Slot:\"mainhand\"},{AttributeName:\"generic.attackSpeed\",Name:\"generic.attackSpeed\",Amount:0,Operation:0,UUIDLeast:3928,UUIDMost:368266,Slot:\"mainhand\"}]}"
            }
          ]
        },
        {
          "type": "item",
          "name": "minecraft:golden_pickaxe",
          "weight": 1,
          "functions": [
            {
              "function": "set_nbt",
              "tag": "{display:{Name:\"{\\\"translate\\\":\\\"Fossilized Sapling\\\",\\\"color\\\":\\\"gray\\\",\\\"italic\\\":false}\"},HideFlags:4,Unbreakable:1b,Damage:2,AttributeModifiers:[{AttributeName:\"generic.attackDamage\",Name:\"generic.attackDamage\",Amount:0,Operation:0,UUIDLeast:953034,UUIDMost:33863,Slot:\"mainhand\"},{AttributeName:\"generic.attackSpeed\",Name:\"generic.attackSpeed\",Amount:0,Operation:0,UUIDLeast:3928,UUIDMost:368266,Slot:\"mainhand\"}]}"
            }
          ]
        }
      ]
    }
  ]
}