{
    "parent": "item/handheld",
    "textures": {
        "layer0": "items/diamond_hoe"
    },
    "overrides": [
        {"predicate": {"damage": 0.001},"model": 
"item/bee_house"},
        {"predicate": {"damage": 0.002},"model": 
"item/diamond_hoe"},
        {"predicate": {"damage": 0.003},"model": 
"item/egyptian_statue"},
        {"predicate": {"damage": 0.004},"model": 
"item/ra_still"},
        {"predicate": {"damage": 0.005},"model": 
"item/ra_walk"},
        {"predicate": {"damage": 0.006},"model": 
"item/ice_sifter"},
        {"predicate": {"damage": 0.007},"model": 
"item/bone_sifter"},
        {"predicate": {"damage": 0.008},"model": 
"item/dna_extractor"},
        {"predicate": {"damage": 0.009},"model": 
"item/culture_vat"},
        {"predicate": {"damage": 0.010},"model": 
"item/dna_combiner"},
        {"predicate": {"damage": 0.011},"model": 
"item/incubator_empty"},
        {"predicate": {"damage": 0.012},"model": 
"item/incubator_full"},
        {"predicate": {"damage": 0.013},"model": 
"item/diamond_hoe"},
        {"predicate": {"damage": 0.014},"model": 
"item/diamond_hoe"},
        {"predicate": {"damage": 0.015},"model": 
"item/dinosaurs/plant_fossil"},
        {"predicate": {"damage": 0.016},"model": 
"item/empty_egg"},
        {"predicate": {"damage": 0.017},"model": 
"item/dinosaurs/dinosaur_bone"},
        {"predicate": {"damage": 0.018},"model":
"item/dinosaurs/acrocanthosaurus_still"},
        {"predicate": {"damage": 0.019},"model":
"item/dinosaurs/acrocanthosaurus_walk"},
        {"predicate": {"damage": 0.020},"model":
"item/dinosaurs/failed_embryo"},
        {"predicate": {"damage": 0.021},"model":
"item/dinosaurs/corythosaurus_still"},
        {"predicate": {"damage": 0.022},"model":
"item/dinosaurs/corythosaurus_walking"},
        {"predicate": {"damage": 0.023},"model":
"item/dinosaurs/compsognathus_still"},
        {"predicate": {"damage": 0.024},"model":
"item/dinosaurs/compsognathus_walk"},
        {"predicate": {"damage": 0.025},"model":
"item/dinosaurs/smilodon_still"},
        {"predicate": {"damage": 0.0250},"model":
"item/dinosaurs/jade_hoe"},
        {"predicate": {"damage": 0.0251},"model":
"item/dinosaurs/diamond_hoe"},
        {"predicate": {"damage": 0.026},"model":
"item/dinosaurs/diamond_hoe"}
    ]
}