{
    "__comment": "Model generated using MrCrayfish's Model Creator (http://mrcrayfish.com/modelcreator/)",
    "textures": {
        "0": "blocks/dna_analyzer_side",
        "1": "blocks/light_blue_stained_glass",
        "2": "blocks/green_concrete",
        "3": "blocks/red_concrete"
    },
    "elements": [
        {
            "name": "Bottom",
            "from": [ 0.0, 0.0, 0.0 ], 
            "to": [ 16.0, 16.0, 16.0 ], 
            "faces": {
                "north": { "texture": "#0", "uv": [ 0.0, 0.0, 16.0, 16.0 ] },
                "east": { "texture": "#0", "uv": [ 0.0, 0.0, 16.0, 16.0 ] },
                "south": { "texture": "#0", "uv": [ 0.0, 0.0, 16.0, 16.0 ] },
                "west": { "texture": "#0", "uv": [ 0.0, 0.0, 16.0, 16.0 ] },
                "up": { "texture": "#0", "uv": [ 0.0, 0.0, 16.0, 16.0 ] },
                "down": { "texture": "#0", "uv": [ 0.0, 0.0, 16.0, 16.0 ] }
            }
        },
        {
            "name": "ContainerTop",
            "from": [ 3.0, 16.0, 4.0 ], 
            "to": [ 13.0, 20.0, 12.0 ], 
            "faces": {
                "north": { "texture": "#0", "uv": [ 6.0, 12.0, 16.0, 16.0 ] },
                "east": { "texture": "#0", "uv": [ 3.0, 12.0, 11.0, 16.0 ] },
                "south": { "texture": "#0", "uv": [ 0.0, 12.0, 10.0, 16.0 ] },
                "west": { "texture": "#0", "uv": [ 4.0, 12.0, 12.0, 16.0 ] },
                "up": { "texture": "#0", "uv": [ 0.0, 0.0, 10.0, 8.0 ] },
                "down": { "texture": "#0", "uv": [ 0.0, 0.0, 10.0, 8.0 ] }
            }
        },
        {
            "name": "ContainerBottom",
            "from": [ 3.0, 20.0, 4.0 ], 
            "to": [ 9.0, 24.0, 12.0 ], 
            "faces": {
                "north": { "texture": "#0", "uv": [ 10.0, 0.0, 16.0, 4.0 ] },
                "east": { "texture": "#0", "uv": [ 0.0, 0.0, 8.0, 4.0 ] },
                "south": { "texture": "#0", "uv": [ 0.0, 0.0, 6.0, 4.0 ] },
                "west": { "texture": "#0", "uv": [ 3.0, 0.0, 11.0, 4.0 ] },
                "up": { "texture": "#0", "uv": [ 0.0, 0.0, 6.0, 8.0 ] },
                "down": { "texture": "#0", "uv": [ 0.0, 0.0, 6.0, 8.0 ] }
            }
        },
        {
            "name": "Glass",
            "from": [ 16.0, 13.0, 4.1 ], 
            "to": [ 20.0, 19.0, 11.8 ], 
            "rotation": { "origin": [ 8.0, 8.0, 8.0 ], "axis": "z", "angle": 45.0 },
            "faces": {
                "north": { "texture": "#1", "uv": [ 0.0, 0.0, 4.0, 6.0 ] },
                "east": { "texture": "#1", "uv": [ 0.0, 0.0, 7.7, 6.0 ] },
                "south": { "texture": "#1", "uv": [ 0.0, 0.0, 4.0, 6.0 ] },
                "west": { "texture": "#1", "uv": [ 0.0, 0.0, 7.7, 6.0 ] },
                "up": { "texture": "#1", "uv": [ 0.0, 0.0, 4.0, 7.7 ] },
                "down": { "texture": "#1", "uv": [ 0.0, 0.0, 4.0, 7.7 ] }
            }
        },
        {
            "name": "Button1",
            "from": [ 13.0, 16.0, 2.0 ], 
            "to": [ 15.0, 17.0, 4.0 ], 
            "faces": {
                "north": { "texture": "#2", "uv": [ 0.0, 0.0, 2.0, 1.0 ] },
                "east": { "texture": "#2", "uv": [ 0.0, 0.0, 2.0, 1.0 ] },
                "south": { "texture": "#2", "uv": [ 0.0, 0.0, 2.0, 1.0 ] },
                "west": { "texture": "#2", "uv": [ 0.0, 0.0, 2.0, 1.0 ] },
                "up": { "texture": "#2", "uv": [ 0.0, 0.0, 2.0, 2.0 ] },
                "down": { "texture": "#2", "uv": [ 0.0, 0.0, 2.0, 2.0 ] }
            }
        },
        {
            "name": "Button2",
            "from": [ 13.0, 16.0, 12.0 ], 
            "to": [ 15.0, 17.0, 14.0 ], 
            "faces": {
                "north": { "texture": "#3", "uv": [ 0.0, 0.0, 2.0, 1.0 ] },
                "east": { "texture": "#3", "uv": [ 0.0, 0.0, 2.0, 1.0 ] },
                "south": { "texture": "#3", "uv": [ 0.0, 0.0, 2.0, 1.0 ] },
                "west": { "texture": "#3", "uv": [ 0.0, 0.0, 2.0, 1.0 ] },
                "up": { "texture": "#3", "uv": [ 0.0, 0.0, 2.0, 2.0 ] },
                "down": { "texture": "#3", "uv": [ 0.0, 0.0, 2.0, 2.0 ] }
            }
        },
        {
            "name": "Button3",
            "from": [ 16.0, 12.0, 2.0 ], 
            "to": [ 17.0, 14.0, 4.0 ], 
            "faces": {
                "north": { "texture": "#2", "uv": [ 0.0, 0.0, 1.0, 2.0 ] },
                "east": { "texture": "#2", "uv": [ 0.0, 0.0, 2.0, 2.0 ] },
                "south": { "texture": "#2", "uv": [ 0.0, 0.0, 1.0, 2.0 ] },
                "west": { "texture": "#2", "uv": [ 0.0, 0.0, 2.0, 2.0 ] },
                "up": { "texture": "#2", "uv": [ 0.0, 0.0, 1.0, 2.0 ] },
                "down": { "texture": "#2", "uv": [ 0.0, 0.0, 1.0, 2.0 ] }
            }
        },
        {
            "name": "Button4",
            "from": [ 16.0, 12.0, 12.0 ], 
            "to": [ 17.0, 14.0, 14.0 ], 
            "faces": {
                "north": { "texture": "#2", "uv": [ 0.0, 0.0, 1.0, 2.0 ] },
                "east": { "texture": "#2", "uv": [ 0.0, 0.0, 2.0, 2.0 ] },
                "south": { "texture": "#2", "uv": [ 0.0, 0.0, 1.0, 2.0 ] },
                "west": { "texture": "#2", "uv": [ 0.0, 0.0, 2.0, 2.0 ] },
                "up": { "texture": "#2", "uv": [ 0.0, 0.0, 1.0, 2.0 ] },
                "down": { "texture": "#2", "uv": [ 0.0, 0.0, 1.0, 2.0 ] }
            }
        },
        {
            "name": "Button5",
            "from": [ 16.0, 12.0, 7.0 ], 
            "to": [ 17.0, 14.0, 9.0 ], 
            "faces": {
                "north": { "texture": "#3", "uv": [ 0.0, 0.0, 1.0, 2.0 ] },
                "east": { "texture": "#3", "uv": [ 0.0, 0.0, 2.0, 2.0 ] },
                "south": { "texture": "#3", "uv": [ 0.0, 0.0, 1.0, 2.0 ] },
                "west": { "texture": "#3", "uv": [ 0.0, 0.0, 2.0, 2.0 ] },
                "up": { "texture": "#3", "uv": [ 0.0, 0.0, 1.0, 2.0 ] },
                "down": { "texture": "#3", "uv": [ 0.0, 0.0, 1.0, 2.0 ] }
            }
        },
        {
            "name": "Button6",
            "from": [ 16.0, 7.0, 7.0 ], 
            "to": [ 17.0, 9.0, 9.0 ], 
            "faces": {
                "north": { "texture": "#2", "uv": [ 0.0, 0.0, 1.0, 2.0 ] },
                "east": { "texture": "#2", "uv": [ 0.0, 0.0, 2.0, 2.0 ] },
                "south": { "texture": "#2", "uv": [ 0.0, 0.0, 1.0, 2.0 ] },
                "west": { "texture": "#2", "uv": [ 0.0, 0.0, 2.0, 2.0 ] },
                "up": { "texture": "#2", "uv": [ 0.0, 0.0, 1.0, 2.0 ] },
                "down": { "texture": "#2", "uv": [ 0.0, 0.0, 1.0, 2.0 ] }
            }
        },
        {
            "name": "Button7",
            "from": [ 16.0, 2.0, 7.0 ], 
            "to": [ 17.0, 4.0, 9.0 ], 
            "faces": {
                "north": { "texture": "#2", "uv": [ 0.0, 0.0, 1.0, 2.0 ] },
                "east": { "texture": "#2", "uv": [ 0.0, 0.0, 2.0, 2.0 ] },
                "south": { "texture": "#2", "uv": [ 0.0, 0.0, 1.0, 2.0 ] },
                "west": { "texture": "#2", "uv": [ 0.0, 0.0, 2.0, 2.0 ] },
                "up": { "texture": "#2", "uv": [ 0.0, 0.0, 1.0, 2.0 ] },
                "down": { "texture": "#2", "uv": [ 0.0, 0.0, 1.0, 2.0 ] }
            }
        },
        {
            "name": "Button8",
            "from": [ 16.0, 2.0, 12.0 ], 
            "to": [ 17.0, 4.0, 14.0 ], 
            "faces": {
                "north": { "texture": "#3", "uv": [ 0.0, 0.0, 1.0, 2.0 ] },
                "east": { "texture": "#3", "uv": [ 0.0, 0.0, 2.0, 2.0 ] },
                "south": { "texture": "#3", "uv": [ 0.0, 0.0, 1.0, 2.0 ] },
                "west": { "texture": "#3", "uv": [ 0.0, 0.0, 2.0, 2.0 ] },
                "up": { "texture": "#3", "uv": [ 0.0, 0.0, 1.0, 2.0 ] },
                "down": { "texture": "#3", "uv": [ 0.0, 0.0, 1.0, 2.0 ] }
            }
        },
        {
            "name": "Button9",
            "from": [ 16.0, 7.0, 12.0 ], 
            "to": [ 17.0, 9.0, 14.0 ], 
            "faces": {
                "north": { "texture": "#3", "uv": [ 0.0, 0.0, 1.0, 2.0 ] },
                "east": { "texture": "#3", "uv": [ 0.0, 0.0, 2.0, 2.0 ] },
                "south": { "texture": "#3", "uv": [ 0.0, 0.0, 1.0, 2.0 ] },
                "west": { "texture": "#3", "uv": [ 0.0, 0.0, 2.0, 2.0 ] },
                "up": { "texture": "#3", "uv": [ 0.0, 0.0, 1.0, 2.0 ] },
                "down": { "texture": "#3", "uv": [ 0.0, 0.0, 1.0, 2.0 ] }
            }
        },
        {
            "name": "Button10",
            "from": [ 16.0, 7.0, 2.0 ], 
            "to": [ 17.0, 9.0, 4.0 ], 
            "faces": {
                "north": { "texture": "#2", "uv": [ 0.0, 0.0, 1.0, 2.0 ] },
                "east": { "texture": "#2", "uv": [ 0.0, 0.0, 2.0, 2.0 ] },
                "south": { "texture": "#2", "uv": [ 0.0, 0.0, 1.0, 2.0 ] },
                "west": { "texture": "#2", "uv": [ 0.0, 0.0, 2.0, 2.0 ] },
                "up": { "texture": "#2", "uv": [ 0.0, 0.0, 1.0, 2.0 ] },
                "down": { "texture": "#2", "uv": [ 0.0, 0.0, 1.0, 2.0 ] }
            }
        },
        {
            "name": "Button11",
            "from": [ 16.0, 2.0, 2.0 ], 
            "to": [ 17.0, 4.0, 4.0 ], 
            "faces": {
                "north": { "texture": "#3", "uv": [ 0.0, 0.0, 1.0, 2.0 ] },
                "east": { "texture": "#3", "uv": [ 0.0, 0.0, 2.0, 2.0 ] },
                "south": { "texture": "#3", "uv": [ 0.0, 0.0, 1.0, 2.0 ] },
                "west": { "texture": "#3", "uv": [ 0.0, 0.0, 2.0, 2.0 ] },
                "up": { "texture": "#3", "uv": [ 0.0, 0.0, 1.0, 2.0 ] },
                "down": { "texture": "#3", "uv": [ 0.0, 0.0, 1.0, 2.0 ] }
            }
        }
    ],
 "display": {
        "ground": {
            "rotation": [ 0, 0, 0 ],
            "translation": [ 0, 0, 0],
            "scale":[ 0.5, 0.5, 0.5 ]
        },
        "head": {
            "rotation": [ 0, 90, 0 ],
            "translation": [ 0, -30, 0],
            "scale":[ 1.7, 1.7, 1.7]
        },
        "thirdperson_righthand": {
            "rotation": [ 0, 0, 0 ],
            "translation": [ 0, 3, 1 ],
            "scale": [ 0.55, 0.55, 0.55 ]
        },
        "firstperson_righthand": {
            "rotation": [ 0, -90, 25 ],
            "translation": [ 1.13, 3.2, 1.13],
            "scale": [ 0, 0, 0 ]
           }
      }
}