{
    "__comment": "Model animated using Fizzy's model animator - http://fizzy81.github.io/animated-models/", 
    "textures": {
        "main": "blocks/ra_walk"
    }, 
    "elements": [
        {
            "name": "Cube", 
            "from": [ 4, -4, 6 ], 
            "to":   [ 8, 8, 10 ], 
            "faces": {
                "north": { "texture": "#main", "uv": [ 0, 0, 0.5, 1.5 ] }, 
                "east":  { "texture": "#main", "uv": [ 0, 0, 0.5, 1.5 ] }, 
                "south": { "texture": "#main", "uv": [ 0, 0, 0.5, 1.5 ] }, 
                "west":  { "texture": "#main", "uv": [ 0, 0, 0.5, 1.5 ] }, 
                "up":    { "texture": "#main", "uv": [ 0.5, 0.5, 1, 1 ] }, 
                "down":  { "texture": "#main", "uv": [ 0.625, 0.5, 1.125, 1 ] }
            }
        }, 
        {
            "name": "Cube", 
            "from": [ 8, -4, 6 ], 
            "to":   [ 12, 8, 10 ], 
            "faces": {
                "north": { "texture": "#main", "uv": [ 0, 0, 0.5, 1.5 ] }, 
                "east":  { "texture": "#main", "uv": [ 0, 0, 0.5, 1.5 ] }, 
                "south": { "texture": "#main", "uv": [ 0, 0, 0.5, 1.5 ] }, 
                "west":  { "texture": "#main", "uv": [ 0, 0, 0.5, 1.5 ] }, 
                "up":    { "texture": "#main", "uv": [ 0.5, 0.75, 1, 1.25 ] }, 
                "down":  { "texture": "#main", "uv": [ 0.625, 1, 1.125, 1.5 ] }
            }
        }, 
        {
            "name": "Cube", 
            "from": [ 4, 8, 6 ], 
            "to":   [ 12, 20, 10 ], 
            "faces": {
                "north": { "texture": "#main", "uv": [ 2.5, 0, 3.5, 1.5 ] }, 
                "east":  { "texture": "#main", "uv": [ 2, 0.25, 2.5, 1.75 ] }, 
                "south": { "texture": "#main", "uv": [ 2.5, 0, 3.5, 1.5 ] }, 
                "west":  { "texture": "#main", "uv": [ 2, 0, 2.5, 1.5 ] }, 
                "up":    { "texture": "#main", "uv": [ 2, 0, 3, 0.5 ] }, 
                "down":  { "texture": "#main", "uv": [ 2, 0, 3, 0.5 ] }
            }
        }, 
        {
            "name": "Cube", 
            "from": [ 12, 8, 6 ], 
            "to":   [ 16, 20, 10 ], 
            "faces": {
                "north": { "texture": "#main", "uv": [ 0, 0, 0.5, 1.5 ] }, 
                "east":  { "texture": "#main", "uv": [ 0, 0, 0.5, 1.5 ] }, 
                "south": { "texture": "#main", "uv": [ 0, 0, 0.5, 1.5 ] }, 
                "west":  { "texture": "#main", "uv": [ 0, 0, 0.5, 1.5 ] }, 
                "up":    { "texture": "#main", "uv": [ 0, 0, 0.5, 0.5 ] }, 
                "down":  { "texture": "#main", "uv": [ 0, 0, 0.5, 0.5 ] }
            }
        }, 
        {
            "name": "Cube", 
            "from": [ 0, 8, 6 ], 
            "to":   [ 4, 20, 10 ], 
            "faces": {
                "north": { "texture": "#main", "uv": [ 0, 0, 0.5, 1.5 ] }, 
                "east":  { "texture": "#main", "uv": [ 0, 0, 0.5, 1.5 ] }, 
                "south": { "texture": "#main", "uv": [ 0, 0, 0.5, 1.5 ] }, 
                "west":  { "texture": "#main", "uv": [ 0, 0, 0.5, 1.5 ] }, 
                "up":    { "texture": "#main", "uv": [ 0, 0, 0.5, 0.5 ] }, 
                "down":  { "texture": "#main", "uv": [ 0, 0, 0.5, 0.5 ] }
            }
        }, 
        {
            "name": "Cube", 
            "from": [ 4, 20, 4 ], 
            "to":   [ 12, 28, 12 ], 
            "faces": {
                "north": { "texture": "#main", "uv": [ 4, 0, 5, 1 ] }, 
                "east":  { "texture": "#main", "uv": [ 6, 0, 7, 1 ] }, 
                "south": { "texture": "#main", "uv": [ 6, 0, 7, 1 ] }, 
                "west":  { "texture": "#main", "uv": [ 6, 0, 7, 1 ] }, 
                "up":    { "texture": "#main", "uv": [ 6, 0, 7, 1 ] }, 
                "down":  { "texture": "#main", "uv": [ 6, 0, 7, 1 ] }
            }
        }, 
        {
            "name": "Cube", 
            "from": [ 7, 21, 1 ], 
            "to":   [ 9, 24, 4 ], 
            "faces": {
                "north": { "texture": "#main", "uv": [ 0, 2, 0.25, 2.375 ] }, 
                "east":  { "texture": "#main", "uv": [ 0, 2, 0.375, 2.375 ] }, 
                "south": { "texture": "#main", "uv": [ 0, 2, 0.25, 2.375 ] }, 
                "west":  { "texture": "#main", "uv": [ 0, 2, 0.375, 2.375 ] }, 
                "up":    { "texture": "#main", "uv": [ 0, 2, 0.25, 2.375 ] }, 
                "down":  { "texture": "#main", "uv": [ 0, 2, 0.25, 2.375 ] }
            }
        }, 
        {
            "name": "Cube", 
            "from": [ 3, 12, 5 ], 
            "to":   [ 7, 22, 7 ], 
            "faces": {
                "north": { "texture": "#main", "uv": [ 2.75, 2, 3.25, 4 ] }, 
                "east":  { "texture": "#main", "uv": [ 2.625, 2, 2.875, 4 ] }, 
                "south": { "texture": "#main", "uv": [ 2.25, 2, 2.75, 4 ] }, 
                "west":  { "texture": "#main", "uv": [ 2.75, 2, 3, 4 ] }, 
                "up":    { "texture": "#main", "uv": [ 2.75, 2, 3.25, 2.25 ] }, 
                "down":  { "texture": "#main", "uv": [ 2.625, 2, 3.125, 2.25 ] }
            }
        }, 
        {
            "name": "Cube", 
            "from": [ 9, 12, 5 ], 
            "to":   [ 13, 22, 7 ], 
            "faces": {
                "north": { "texture": "#main", "uv": [ 2.875, 2, 3.375, 4 ] }, 
                "east":  { "texture": "#main", "uv": [ 2.5, 2, 2.75, 4 ] }, 
                "south": { "texture": "#main", "uv": [ 3, 2, 3.5, 4 ] }, 
                "west":  { "texture": "#main", "uv": [ 3.125, 2, 3.375, 4 ] }, 
                "up":    { "texture": "#main", "uv": [ 2, 2, 2.5, 2.25 ] }, 
                "down":  { "texture": "#main", "uv": [ 2, 2, 2.5, 2.25 ] }
            }
        }, 
        {
            "name": "Cube", 
            "from": [ 3.5, 19.5, 5.5 ], 
            "to":   [ 12.5, 28.5, 14.5 ], 
            "faces": {
                "north": { "texture": "#main", "uv": [ 2, 2, 4, 4 ] }, 
                "east":  { "texture": "#main", "uv": [ 2, 2, 4, 4 ] }, 
                "south": { "texture": "#main", "uv": [ 2, 2, 4, 4 ] }, 
                "west":  { "texture": "#main", "uv": [ 2, 2, 4, 4 ] }, 
                "up":    { "texture": "#main", "uv": [ 2, 2, 4, 4 ] }, 
                "down":  { "texture": "#main", "uv": [ 2, 2, 4, 4 ] }
            }
        }, 
        {
            "name": "Cube", 
            "from": [ 4.5, 9.5, 6.5 ], 
            "to":   [ 11.5, 23.5, 13.5 ], 
            "faces": {
                "north": { "texture": "#main", "uv": [ 2.5, 2.125, 3.375, 3.875 ] }, 
                "east":  { "texture": "#main", "uv": [ 2.5, 2.125, 3.375, 3.875 ] }, 
                "south": { "texture": "#main", "uv": [ 2.375, 2.125, 3.25, 3.875 ] }, 
                "west":  { "texture": "#main", "uv": [ 2.625, 2.125, 3.5, 3.875 ] }, 
                "up":    { "texture": "#main", "uv": [ 2, 2, 2.25, 2.25 ] }, 
                "down":  { "texture": "#main", "uv": [ 2, 2, 2.875, 2.25 ] }
            }
        }, 
        {
            "name": "Cube", 
            "from": [ 4, -4, 6 ], 
            "to":   [ 8, 8, 10 ], 
            "rotation": { "origin": [8, 8, 8], "axis": "x", "angle": -22.5 }, 
            "faces": {
                "north": { "texture": "#main", "uv": [ 8, 0, 8.5, 1.5 ] }, 
                "east":  { "texture": "#main", "uv": [ 8, 0, 8.5, 1.5 ] }, 
                "south": { "texture": "#main", "uv": [ 8, 0, 8.5, 1.5 ] }, 
                "west":  { "texture": "#main", "uv": [ 8, 0, 8.5, 1.5 ] }, 
                "up":    { "texture": "#main", "uv": [ 8.5, 0.5, 9, 1 ] }, 
                "down":  { "texture": "#main", "uv": [ 8.625, 0.5, 9.125, 1 ] }
            }
        }, 
        {
            "name": "Cube", 
            "from": [ 8, -4, 6 ], 
            "to":   [ 12, 8, 10 ], 
            "rotation": { "origin": [8, 8, 8], "axis": "x", "angle": 22.5 }, 
            "faces": {
                "north": { "texture": "#main", "uv": [ 8, 0, 8.5, 1.5 ] }, 
                "east":  { "texture": "#main", "uv": [ 8, 0, 8.5, 1.5 ] }, 
                "south": { "texture": "#main", "uv": [ 8, 0, 8.5, 1.5 ] }, 
                "west":  { "texture": "#main", "uv": [ 8, 0, 8.5, 1.5 ] }, 
                "up":    { "texture": "#main", "uv": [ 8.5, 0.75, 9, 1.25 ] }, 
                "down":  { "texture": "#main", "uv": [ 8.625, 1, 9.125, 1.5 ] }
            }
        }, 
        {
            "name": "Cube", 
            "from": [ 4, 8, 6 ], 
            "to":   [ 12, 20, 10 ], 
            "faces": {
                "north": { "texture": "#main", "uv": [ 10.5, 0, 11.5, 1.5 ] }, 
                "east":  { "texture": "#main", "uv": [ 10, 0.25, 10.5, 1.75 ] }, 
                "south": { "texture": "#main", "uv": [ 10.5, 0, 11.5, 1.5 ] }, 
                "west":  { "texture": "#main", "uv": [ 10, 0, 10.5, 1.5 ] }, 
                "up":    { "texture": "#main", "uv": [ 10, 0, 11, 0.5 ] }, 
                "down":  { "texture": "#main", "uv": [ 10, 0, 11, 0.5 ] }
            }
        }, 
        {
            "name": "Cube", 
            "from": [ 12, 8, 6 ], 
            "to":   [ 16, 20, 10 ], 
            "faces": {
                "north": { "texture": "#main", "uv": [ 8, 0, 8.5, 1.5 ] }, 
                "east":  { "texture": "#main", "uv": [ 8, 0, 8.5, 1.5 ] }, 
                "south": { "texture": "#main", "uv": [ 8, 0, 8.5, 1.5 ] }, 
                "west":  { "texture": "#main", "uv": [ 8, 0, 8.5, 1.5 ] }, 
                "up":    { "texture": "#main", "uv": [ 8, 0, 8.5, 0.5 ] }, 
                "down":  { "texture": "#main", "uv": [ 8, 0, 8.5, 0.5 ] }
            }
        }, 
        {
            "name": "Cube", 
            "from": [ 0, 8, 6 ], 
            "to":   [ 4, 20, 10 ], 
            "faces": {
                "north": { "texture": "#main", "uv": [ 8, 0, 8.5, 1.5 ] }, 
                "east":  { "texture": "#main", "uv": [ 8, 0, 8.5, 1.5 ] }, 
                "south": { "texture": "#main", "uv": [ 8, 0, 8.5, 1.5 ] }, 
                "west":  { "texture": "#main", "uv": [ 8, 0, 8.5, 1.5 ] }, 
                "up":    { "texture": "#main", "uv": [ 8, 0, 8.5, 0.5 ] }, 
                "down":  { "texture": "#main", "uv": [ 8, 0, 8.5, 0.5 ] }
            }
        }, 
        {
            "name": "Cube", 
            "from": [ 4, 20, 4 ], 
            "to":   [ 12, 28, 12 ], 
            "faces": {
                "north": { "texture": "#main", "uv": [ 12, 0, 13, 1 ] }, 
                "east":  { "texture": "#main", "uv": [ 14, 0, 15, 1 ] }, 
                "south": { "texture": "#main", "uv": [ 14, 0, 15, 1 ] }, 
                "west":  { "texture": "#main", "uv": [ 14, 0, 15, 1 ] }, 
                "up":    { "texture": "#main", "uv": [ 14, 0, 15, 1 ] }, 
                "down":  { "texture": "#main", "uv": [ 14, 0, 15, 1 ] }
            }
        }, 
        {
            "name": "Cube", 
            "from": [ 7, 21, 1 ], 
            "to":   [ 9, 24, 4 ], 
            "faces": {
                "north": { "texture": "#main", "uv": [ 8, 2, 8.25, 2.375 ] }, 
                "east":  { "texture": "#main", "uv": [ 8, 2, 8.375, 2.375 ] }, 
                "south": { "texture": "#main", "uv": [ 8, 2, 8.25, 2.375 ] }, 
                "west":  { "texture": "#main", "uv": [ 8, 2, 8.375, 2.375 ] }, 
                "up":    { "texture": "#main", "uv": [ 8, 2, 8.25, 2.375 ] }, 
                "down":  { "texture": "#main", "uv": [ 8, 2, 8.25, 2.375 ] }
            }
        }, 
        {
            "name": "Cube", 
            "from": [ 3, 12, 5 ], 
            "to":   [ 7, 22, 7 ], 
            "faces": {
                "north": { "texture": "#main", "uv": [ 10.75, 2, 11.25, 4 ] }, 
                "east":  { "texture": "#main", "uv": [ 10.625, 2, 10.875, 4 ] }, 
                "south": { "texture": "#main", "uv": [ 10.25, 2, 10.75, 4 ] }, 
                "west":  { "texture": "#main", "uv": [ 10.75, 2, 11, 4 ] }, 
                "up":    { "texture": "#main", "uv": [ 10.75, 2, 11.25, 2.25 ] }, 
                "down":  { "texture": "#main", "uv": [ 10.625, 2, 11.125, 2.25 ] }
            }
        }, 
        {
            "name": "Cube", 
            "from": [ 9, 12, 5 ], 
            "to":   [ 13, 22, 7 ], 
            "faces": {
                "north": { "texture": "#main", "uv": [ 10.875, 2, 11.375, 4 ] }, 
                "east":  { "texture": "#main", "uv": [ 10.5, 2, 10.75, 4 ] }, 
                "south": { "texture": "#main", "uv": [ 11, 2, 11.5, 4 ] }, 
                "west":  { "texture": "#main", "uv": [ 11.125, 2, 11.375, 4 ] }, 
                "up":    { "texture": "#main", "uv": [ 10, 2, 10.5, 2.25 ] }, 
                "down":  { "texture": "#main", "uv": [ 10, 2, 10.5, 2.25 ] }
            }
        }, 
        {
            "name": "Cube", 
            "from": [ 3.5, 19.5, 5.5 ], 
            "to":   [ 12.5, 28.5, 14.5 ], 
            "faces": {
                "north": { "texture": "#main", "uv": [ 10, 2, 12, 4 ] }, 
                "east":  { "texture": "#main", "uv": [ 10, 2, 12, 4 ] }, 
                "south": { "texture": "#main", "uv": [ 10, 2, 12, 4 ] }, 
                "west":  { "texture": "#main", "uv": [ 10, 2, 12, 4 ] }, 
                "up":    { "texture": "#main", "uv": [ 10, 2, 12, 4 ] }, 
                "down":  { "texture": "#main", "uv": [ 10, 2, 12, 4 ] }
            }
        }, 
        {
            "name": "Cube", 
            "from": [ 4.5, 9.5, 6.5 ], 
            "to":   [ 11.5, 23.5, 13.5 ], 
            "faces": {
                "north": { "texture": "#main", "uv": [ 10.5, 2.125, 11.375, 3.875 ] }, 
                "east":  { "texture": "#main", "uv": [ 10.5, 2.125, 11.375, 3.875 ] }, 
                "south": { "texture": "#main", "uv": [ 10.375, 2.125, 11.25, 3.875 ] }, 
                "west":  { "texture": "#main", "uv": [ 10.625, 2.125, 11.5, 3.875 ] }, 
                "up":    { "texture": "#main", "uv": [ 10, 2, 10.25, 2.25 ] }, 
                "down":  { "texture": "#main", "uv": [ 10, 2, 10.875, 2.25 ] }
            }
        }, 
        {
            "name": "Cube", 
            "from": [ 4, -4, 6 ], 
            "to":   [ 8, 8, 10 ], 
            "rotation": { "origin": [8, 8, 8], "axis": "x", "angle": 22.5 }, 
            "faces": {
                "north": { "texture": "#main", "uv": [ 0, 8, 0.5, 9.5 ] }, 
                "east":  { "texture": "#main", "uv": [ 0, 8, 0.5, 9.5 ] }, 
                "south": { "texture": "#main", "uv": [ 0, 8, 0.5, 9.5 ] }, 
                "west":  { "texture": "#main", "uv": [ 0, 8, 0.5, 9.5 ] }, 
                "up":    { "texture": "#main", "uv": [ 0.5, 8.5, 1, 9 ] }, 
                "down":  { "texture": "#main", "uv": [ 0.625, 8.5, 1.125, 9 ] }
            }
        }, 
        {
            "name": "Cube", 
            "from": [ 8, -4, 6 ], 
            "to":   [ 12, 8, 10 ], 
            "rotation": { "origin": [8, 8, 8], "axis": "x", "angle": -22.5 }, 
            "faces": {
                "north": { "texture": "#main", "uv": [ 0, 8, 0.5, 9.5 ] }, 
                "east":  { "texture": "#main", "uv": [ 0, 8, 0.5, 9.5 ] }, 
                "south": { "texture": "#main", "uv": [ 0, 8, 0.5, 9.5 ] }, 
                "west":  { "texture": "#main", "uv": [ 0, 8, 0.5, 9.5 ] }, 
                "up":    { "texture": "#main", "uv": [ 0.5, 8.75, 1, 9.25 ] }, 
                "down":  { "texture": "#main", "uv": [ 0.625, 9, 1.125, 9.5 ] }
            }
        }, 
        {
            "name": "Cube", 
            "from": [ 4, 8, 6 ], 
            "to":   [ 12, 20, 10 ], 
            "faces": {
                "north": { "texture": "#main", "uv": [ 2.5, 8, 3.5, 9.5 ] }, 
                "east":  { "texture": "#main", "uv": [ 2, 8.25, 2.5, 9.75 ] }, 
                "south": { "texture": "#main", "uv": [ 2.5, 8, 3.5, 9.5 ] }, 
                "west":  { "texture": "#main", "uv": [ 2, 8, 2.5, 9.5 ] }, 
                "up":    { "texture": "#main", "uv": [ 2, 8, 3, 8.5 ] }, 
                "down":  { "texture": "#main", "uv": [ 2, 8, 3, 8.5 ] }
            }
        }, 
        {
            "name": "Cube", 
            "from": [ 12, 8, 6 ], 
            "to":   [ 16, 20, 10 ], 
            "faces": {
                "north": { "texture": "#main", "uv": [ 0, 8, 0.5, 9.5 ] }, 
                "east":  { "texture": "#main", "uv": [ 0, 8, 0.5, 9.5 ] }, 
                "south": { "texture": "#main", "uv": [ 0, 8, 0.5, 9.5 ] }, 
                "west":  { "texture": "#main", "uv": [ 0, 8, 0.5, 9.5 ] }, 
                "up":    { "texture": "#main", "uv": [ 0, 8, 0.5, 8.5 ] }, 
                "down":  { "texture": "#main", "uv": [ 0, 8, 0.5, 8.5 ] }
            }
        }, 
        {
            "name": "Cube", 
            "from": [ 0, 8, 6 ], 
            "to":   [ 4, 20, 10 ], 
            "faces": {
                "north": { "texture": "#main", "uv": [ 0, 8, 0.5, 9.5 ] }, 
                "east":  { "texture": "#main", "uv": [ 0, 8, 0.5, 9.5 ] }, 
                "south": { "texture": "#main", "uv": [ 0, 8, 0.5, 9.5 ] }, 
                "west":  { "texture": "#main", "uv": [ 0, 8, 0.5, 9.5 ] }, 
                "up":    { "texture": "#main", "uv": [ 0, 8, 0.5, 8.5 ] }, 
                "down":  { "texture": "#main", "uv": [ 0, 8, 0.5, 8.5 ] }
            }
        }, 
        {
            "name": "Cube", 
            "from": [ 4, 20, 4 ], 
            "to":   [ 12, 28, 12 ], 
            "faces": {
                "north": { "texture": "#main", "uv": [ 4, 8, 5, 9 ] }, 
                "east":  { "texture": "#main", "uv": [ 6, 8, 7, 9 ] }, 
                "south": { "texture": "#main", "uv": [ 6, 8, 7, 9 ] }, 
                "west":  { "texture": "#main", "uv": [ 6, 8, 7, 9 ] }, 
                "up":    { "texture": "#main", "uv": [ 6, 8, 7, 9 ] }, 
                "down":  { "texture": "#main", "uv": [ 6, 8, 7, 9 ] }
            }
        }, 
        {
            "name": "Cube", 
            "from": [ 7, 21, 1 ], 
            "to":   [ 9, 24, 4 ], 
            "faces": {
                "north": { "texture": "#main", "uv": [ 0, 10, 0.25, 10.375 ] }, 
                "east":  { "texture": "#main", "uv": [ 0, 10, 0.375, 10.375 ] }, 
                "south": { "texture": "#main", "uv": [ 0, 10, 0.25, 10.375 ] }, 
                "west":  { "texture": "#main", "uv": [ 0, 10, 0.375, 10.375 ] }, 
                "up":    { "texture": "#main", "uv": [ 0, 10, 0.25, 10.375 ] }, 
                "down":  { "texture": "#main", "uv": [ 0, 10, 0.25, 10.375 ] }
            }
        }, 
        {
            "name": "Cube", 
            "from": [ 3, 12, 5 ], 
            "to":   [ 7, 22, 7 ], 
            "faces": {
                "north": { "texture": "#main", "uv": [ 2.75, 10, 3.25, 12 ] }, 
                "east":  { "texture": "#main", "uv": [ 2.625, 10, 2.875, 12 ] }, 
                "south": { "texture": "#main", "uv": [ 2.25, 10, 2.75, 12 ] }, 
                "west":  { "texture": "#main", "uv": [ 2.75, 10, 3, 12 ] }, 
                "up":    { "texture": "#main", "uv": [ 2.75, 10, 3.25, 10.25 ] }, 
                "down":  { "texture": "#main", "uv": [ 2.625, 10, 3.125, 10.25 ] }
            }
        }, 
        {
            "name": "Cube", 
            "from": [ 9, 12, 5 ], 
            "to":   [ 13, 22, 7 ], 
            "faces": {
                "north": { "texture": "#main", "uv": [ 2.875, 10, 3.375, 12 ] }, 
                "east":  { "texture": "#main", "uv": [ 2.5, 10, 2.75, 12 ] }, 
                "south": { "texture": "#main", "uv": [ 3, 10, 3.5, 12 ] }, 
                "west":  { "texture": "#main", "uv": [ 3.125, 10, 3.375, 12 ] }, 
                "up":    { "texture": "#main", "uv": [ 2, 10, 2.5, 10.25 ] }, 
                "down":  { "texture": "#main", "uv": [ 2, 10, 2.5, 10.25 ] }
            }
        }, 
        {
            "name": "Cube", 
            "from": [ 3.5, 19.5, 5.5 ], 
            "to":   [ 12.5, 28.5, 14.5 ], 
            "faces": {
                "north": { "texture": "#main", "uv": [ 2, 10, 4, 12 ] }, 
                "east":  { "texture": "#main", "uv": [ 2, 10, 4, 12 ] }, 
                "south": { "texture": "#main", "uv": [ 2, 10, 4, 12 ] }, 
                "west":  { "texture": "#main", "uv": [ 2, 10, 4, 12 ] }, 
                "up":    { "texture": "#main", "uv": [ 2, 10, 4, 12 ] }, 
                "down":  { "texture": "#main", "uv": [ 2, 10, 4, 12 ] }
            }
        }, 
        {
            "name": "Cube", 
            "from": [ 4.5, 9.5, 6.5 ], 
            "to":   [ 11.5, 23.5, 13.5 ], 
            "faces": {
                "north": { "texture": "#main", "uv": [ 2.5, 10.125, 3.375, 11.875 ] }, 
                "east":  { "texture": "#main", "uv": [ 2.5, 10.125, 3.375, 11.875 ] }, 
                "south": { "texture": "#main", "uv": [ 2.375, 10.125, 3.25, 11.875 ] }, 
                "west":  { "texture": "#main", "uv": [ 2.625, 10.125, 3.5, 11.875 ] }, 
                "up":    { "texture": "#main", "uv": [ 2, 10, 2.25, 10.25 ] }, 
                "down":  { "texture": "#main", "uv": [ 2, 10, 2.875, 10.25 ] }
            }
        }
    ],
 "display": {
        "ground": {
            "rotation": [ 0, 0, 0 ],
            "translation": [ 0, 0, 0],
            "scale":[ 0.5, 0.5, 0.5 ]
        },
        "head": {
            "rotation": [ 0, 0, 0 ],
            "translation": [ 0, -25, 0],
            "scale":[ 1.7, 1.7, 1.7]
        },
        "thirdperson_righthand": {
            "rotation": [ 0, 0, 0 ],
            "translation": [ 0, 3, 1 ],
            "scale": [ 0.55, 0.55, 0.55 ]
        },
        "firstperson_righthand": {
            "rotation": [ 0, -90, 25 ],
            "translation": [ 1.13, 3.2, 1.13],
            "scale": [ 0, 0, 0 ]
           }
      }
}