{
	"texture_size": [256, 256],
	"textures": {
		"0": "dnd:entity/tyrannosaurus"
	},
	"elements": [
		{
			"from": [6.625, 2.90721, -4.48337],
			"to": [9.375, 7.40721, -0.48337],
			"rotation": {"angle": 22.5, "axis": "x", "origin": [8, 19.99586, 13.03114]},
			"faces": {
				"north": {"uv": [9.5, 9.5625, 10.1875, 10.6875], "texture": "#0", "tintindex": 0},
				"east": {"uv": [8.5, 9.5625, 9.5, 10.6875], "texture": "#0", "tintindex": 0},
				"south": {"uv": [11.1875, 9.5625, 11.875, 10.6875], "texture": "#0", "tintindex": 0},
				"west": {"uv": [10.1875, 9.5625, 11.1875, 10.6875], "texture": "#0", "tintindex": 0},
				"up": {"uv": [10.1875, 9.5625, 9.5, 8.5625], "texture": "#0", "tintindex": 0},
				"down": {"uv": [10.875, 8.5625, 10.1875, 9.5625], "texture": "#0", "tintindex": 0}
			}
		},
		{
			"from": [4.8125, 3.82259, -0.9253],
			"to": [11.1875, 12.32259, 5.0247],
			"rotation": {"angle": 22.5, "axis": "x", "origin": [8, 33.99295, 16.55294]},
			"faces": {
				"north": {"uv": [5.75, 9.4375, 6.6875, 10.6875], "texture": "#0", "tintindex": 0},
				"east": {"uv": [4.875, 9.4375, 5.75, 10.6875], "texture": "#0", "tintindex": 0},
				"south": {"uv": [7.5625, 9.4375, 8.5, 10.6875], "texture": "#0", "tintindex": 0},
				"west": {"uv": [6.6875, 9.4375, 7.5625, 10.6875], "texture": "#0", "tintindex": 0},
				"up": {"uv": [6.6875, 9.4375, 5.75, 8.5625], "texture": "#0", "tintindex": 0},
				"down": {"uv": [7.625, 8.5625, 6.6875, 9.4375], "texture": "#0", "tintindex": 0}
			}
		},
		{
			"from": [5.2375, 7.09576, -6.98737],
			"to": [10.7625, 11.34576, -0.61237],
			"rotation": {"angle": 22.5, "axis": "x", "origin": [8, 34.71613, 17.0282]},
			"faces": {
				"north": {"uv": [0.9375, 11.9375, 1.75, 12.5625], "texture": "#0", "tintindex": 0},
				"east": {"uv": [0, 11.9375, 0.9375, 12.5625], "texture": "#0", "tintindex": 0},
				"south": {"uv": [2.6875, 11.9375, 3.5, 12.5625], "texture": "#0", "tintindex": 0},
				"west": {"uv": [1.75, 11.9375, 2.6875, 12.5625], "texture": "#0", "tintindex": 0},
				"up": {"uv": [1.75, 11.9375, 0.9375, 11], "texture": "#0", "tintindex": 0},
				"down": {"uv": [2.5625, 11, 1.75, 11.9375], "texture": "#0", "tintindex": 0}
			}
		},
		{
			"from": [5.6625, 4.51252, -7.64904],
			"to": [10.3375, 8.33752, -1.27404],
			"rotation": {"angle": 22.5, "axis": "x", "origin": [8, 32.98289, 16.77029]},
			"faces": {
				"north": {"uv": [4.4375, 11.9375, 5.125, 12.5], "texture": "#0", "tintindex": 0},
				"east": {"uv": [3.5, 11.9375, 4.4375, 12.5], "texture": "#0", "tintindex": 0},
				"south": {"uv": [6.0625, 11.9375, 6.75, 12.5], "texture": "#0", "tintindex": 0},
				"west": {"uv": [5.125, 11.9375, 6.0625, 12.5], "texture": "#0", "tintindex": 0},
				"up": {"uv": [5.125, 11.9375, 4.4375, 11], "texture": "#0", "tintindex": 0},
				"down": {"uv": [5.8125, 11, 5.125, 11.9375], "texture": "#0", "tintindex": 0}
			}
		},
		{
			"from": [3.875, 1.71327, -1.43383],
			"to": [7.125, 8.71327, 4.31617],
			"rotation": {"angle": 22.5, "axis": "x", "origin": [8, 2.49586, 3.53114]},
			"faces": {
				"north": {"uv": [11.3125, 6.8125, 12.125, 8.5625], "texture": "#0", "tintindex": 0},
				"east": {"uv": [9.875, 6.8125, 11.3125, 8.5625], "texture": "#0", "tintindex": 0},
				"south": {"uv": [13.5625, 6.8125, 14.375, 8.5625], "texture": "#0", "tintindex": 0},
				"west": {"uv": [12.125, 6.8125, 13.5625, 8.5625], "texture": "#0", "tintindex": 0},
				"up": {"uv": [12.125, 6.8125, 11.3125, 5.375], "texture": "#0", "tintindex": 0},
				"down": {"uv": [12.9375, 5.375, 12.125, 6.8125], "texture": "#0", "tintindex": 0}
			}
		},
		{
			"from": [8.875, 1.71327, -1.43383],
			"to": [12.125, 8.71327, 4.31617],
			"rotation": {"angle": 22.5, "axis": "x", "origin": [8, 2.49586, 3.53114]},
			"faces": {
				"north": {"uv": [6.8125, 6.8125, 7.625, 8.5625], "texture": "#0", "tintindex": 0},
				"east": {"uv": [5.375, 6.8125, 6.8125, 8.5625], "texture": "#0", "tintindex": 0},
				"south": {"uv": [9.0625, 6.8125, 9.875, 8.5625], "texture": "#0", "tintindex": 0},
				"west": {"uv": [7.625, 6.8125, 9.0625, 8.5625], "texture": "#0", "tintindex": 0},
				"up": {"uv": [7.625, 6.8125, 6.8125, 5.375], "texture": "#0", "tintindex": 0},
				"down": {"uv": [8.4375, 5.375, 7.625, 6.8125], "texture": "#0", "tintindex": 0}
			}
		},
		{
			"from": [4.625, -3.78673, 3.06617],
			"to": [6.375, 4.71327, 4.81617],
			"rotation": {"angle": 22.5, "axis": "x", "origin": [8, 2.49586, 3.53114]},
			"faces": {
				"north": {"uv": [8.9375, 11.4375, 9.375, 13.5625], "texture": "#0", "tintindex": 0},
				"east": {"uv": [8.5, 11.4375, 8.9375, 13.5625], "texture": "#0", "tintindex": 0},
				"south": {"uv": [9.8125, 11.4375, 10.25, 13.5625], "texture": "#0", "tintindex": 0},
				"west": {"uv": [9.375, 11.4375, 9.8125, 13.5625], "texture": "#0", "tintindex": 0},
				"up": {"uv": [9.375, 11.4375, 8.9375, 11], "texture": "#0", "tintindex": 0},
				"down": {"uv": [9.8125, 11, 9.375, 11.4375], "texture": "#0", "tintindex": 0}
			}
		},
		{
			"from": [9.625, -3.78673, 3.06617],
			"to": [11.375, 4.71327, 4.81617],
			"rotation": {"angle": 22.5, "axis": "x", "origin": [8, 2.49586, 3.53114]},
			"faces": {
				"north": {"uv": [7.1875, 11.4375, 7.625, 13.5625], "texture": "#0", "tintindex": 0},
				"east": {"uv": [6.75, 11.4375, 7.1875, 13.5625], "texture": "#0", "tintindex": 0},
				"south": {"uv": [8.0625, 11.4375, 8.5, 13.5625], "texture": "#0", "tintindex": 0},
				"west": {"uv": [7.625, 11.4375, 8.0625, 13.5625], "texture": "#0", "tintindex": 0},
				"up": {"uv": [7.625, 11.4375, 7.1875, 11], "texture": "#0", "tintindex": 0},
				"down": {"uv": [8.0625, 11, 7.625, 11.4375], "texture": "#0", "tintindex": 0}
			}
		},
		{
			"from": [4.625, -3.78673, 1.31617],
			"to": [6.375, -2.53673, 3.06617],
			"rotation": {"angle": 22.5, "axis": "x", "origin": [8, 2.49586, 3.53114]},
			"faces": {
				"north": {"uv": [2.1875, 14, 2.625, 14.3125], "texture": "#0", "tintindex": 0},
				"east": {"uv": [1.75, 14, 2.1875, 14.3125], "texture": "#0", "tintindex": 0},
				"south": {"uv": [3.0625, 14, 3.5, 14.3125], "texture": "#0", "tintindex": 0},
				"west": {"uv": [2.625, 14, 3.0625, 14.3125], "texture": "#0", "tintindex": 0},
				"up": {"uv": [2.625, 14, 2.1875, 13.5625], "texture": "#0", "tintindex": 0},
				"down": {"uv": [3.0625, 13.5625, 2.625, 14], "texture": "#0", "tintindex": 0}
			}
		},
		{
			"from": [9.625, -3.78673, 1.31617],
			"to": [11.375, -2.53673, 3.06617],
			"rotation": {"angle": 22.5, "axis": "x", "origin": [8, 2.49586, 3.53114]},
			"faces": {
				"north": {"uv": [0.4375, 14, 0.875, 14.3125], "texture": "#0", "tintindex": 0},
				"east": {"uv": [0, 14, 0.4375, 14.3125], "texture": "#0", "tintindex": 0},
				"south": {"uv": [1.3125, 14, 1.75, 14.3125], "texture": "#0", "tintindex": 0},
				"west": {"uv": [0.875, 14, 1.3125, 14.3125], "texture": "#0", "tintindex": 0},
				"up": {"uv": [0.875, 14, 0.4375, 13.5625], "texture": "#0", "tintindex": 0},
				"down": {"uv": [1.3125, 13.5625, 0.875, 14], "texture": "#0", "tintindex": 0}
			}
		},
		{
			"from": [9.625, -3.78673, 1.06617],
			"to": [11.375, -3.28673, 1.31617],
			"rotation": {"angle": 22.5, "axis": "x", "origin": [8, 2.49586, 3.53114]},
			"faces": {
				"north": {"uv": [5.5625, 13.8125, 6, 13.9375], "texture": "#0", "tintindex": 0},
				"east": {"uv": [5.5, 13.8125, 5.5625, 13.9375], "texture": "#0", "tintindex": 0},
				"south": {"uv": [6.0625, 13.8125, 6.5, 13.9375], "texture": "#0", "tintindex": 0},
				"west": {"uv": [6, 13.8125, 6.0625, 13.9375], "texture": "#0", "tintindex": 0},
				"up": {"uv": [6, 13.8125, 5.5625, 13.75], "texture": "#0", "tintindex": 0},
				"down": {"uv": [6.4375, 13.75, 6, 13.8125], "texture": "#0", "tintindex": 0}
			}
		},
		{
			"from": [4.625, 1.96327, -6.68383],
			"to": [5.625, 4.46327, -5.68383],
			"rotation": {"angle": 22.5, "axis": "x", "origin": [8, 2.49586, 3.53114]},
			"faces": {
				"north": {"uv": [4.75, 13.8125, 5, 14.4375], "texture": "#0", "tintindex": 0},
				"east": {"uv": [4.5, 13.8125, 4.75, 14.4375], "texture": "#0", "tintindex": 0},
				"south": {"uv": [5.25, 13.8125, 5.5, 14.4375], "texture": "#0", "tintindex": 0},
				"west": {"uv": [5, 13.8125, 5.25, 14.4375], "texture": "#0", "tintindex": 0},
				"up": {"uv": [5, 13.8125, 4.75, 13.5625], "texture": "#0", "tintindex": 0},
				"down": {"uv": [5.25, 13.5625, 5, 13.8125], "texture": "#0", "tintindex": 0}
			}
		},
		{
			"from": [10.375, 1.96327, -6.68383],
			"to": [11.375, 4.46327, -5.68383],
			"rotation": {"angle": 22.5, "axis": "x", "origin": [8, 2.49586, 3.53114]},
			"faces": {
				"north": {"uv": [3.75, 13.8125, 4, 14.4375], "texture": "#0", "tintindex": 0},
				"east": {"uv": [3.5, 13.8125, 3.75, 14.4375], "texture": "#0", "tintindex": 0},
				"south": {"uv": [4.25, 13.8125, 4.5, 14.4375], "texture": "#0", "tintindex": 0},
				"west": {"uv": [4, 13.8125, 4.25, 14.4375], "texture": "#0", "tintindex": 0},
				"up": {"uv": [4, 13.8125, 3.75, 13.5625], "texture": "#0", "tintindex": 0},
				"down": {"uv": [4.25, 13.5625, 4, 13.8125], "texture": "#0", "tintindex": 0}
			}
		},
		{
			"from": [4.625, -3.78673, 1.06617],
			"to": [6.375, -3.28673, 1.31617],
			"rotation": {"angle": 22.5, "axis": "x", "origin": [8, 2.49586, 3.53114]},
			"faces": {
				"north": {"uv": [5.5625, 13.625, 6, 13.75], "texture": "#0", "tintindex": 0},
				"east": {"uv": [5.5, 13.625, 5.5625, 13.75], "texture": "#0", "tintindex": 0},
				"south": {"uv": [6.0625, 13.625, 6.5, 13.75], "texture": "#0", "tintindex": 0},
				"west": {"uv": [6, 13.625, 6.0625, 13.75], "texture": "#0", "tintindex": 0},
				"up": {"uv": [6, 13.625, 5.5625, 13.5625], "texture": "#0", "tintindex": 0},
				"down": {"uv": [6.4375, 13.5625, 6, 13.625], "texture": "#0", "tintindex": 0}
			}
		},
		{
			"from": [4.875, 2.96327, -8],
			"to": [11.125, 10.96327, 5.5],
			"rotation": {"angle": 22.5, "axis": "x", "origin": [8, 2.49586, 3.53114]},
			"faces": {
				"north": {"uv": [3.375, 3.375, 4.9375, 5.375], "texture": "#0", "tintindex": 0},
				"east": {"uv": [0, 3.375, 3.375, 5.375], "texture": "#0", "tintindex": 0},
				"south": {"uv": [8.3125, 3.375, 9.875, 5.375], "texture": "#0", "tintindex": 0},
				"west": {"uv": [4.9375, 3.375, 8.3125, 5.375], "texture": "#0", "tintindex": 0},
				"up": {"uv": [4.9375, 3.375, 3.375, 0], "texture": "#0", "tintindex": 0},
				"down": {"uv": [6.5, 0, 4.9375, 3.375], "texture": "#0", "tintindex": 0}
			}
		},
		{
			"from": [6.375, 5.26363, 1.23647],
			"to": [9.625, 8.51363, 8.73647],
			"rotation": {"angle": 22.5, "axis": "x", "origin": [8, -27.67016, 3.93194]},
			"faces": {
				"north": {"uv": [1.875, 7.25, 2.6875, 8.0625], "texture": "#0", "tintindex": 0},
				"east": {"uv": [0, 7.25, 1.875, 8.0625], "texture": "#0", "tintindex": 0},
				"south": {"uv": [4.5625, 7.25, 5.375, 8.0625], "texture": "#0", "tintindex": 0},
				"west": {"uv": [2.6875, 7.25, 4.5625, 8.0625], "texture": "#0", "tintindex": 0},
				"up": {"uv": [2.6875, 7.25, 1.875, 5.375], "texture": "#0", "tintindex": 0},
				"down": {"uv": [3.5, 5.375, 2.6875, 7.25], "texture": "#0", "tintindex": 0}
			}
		},
		{
			"from": [5.625, 4.5217, -1.53655],
			"to": [10.375, 9.7717, 5.71345],
			"rotation": {"angle": 22.5, "axis": "x", "origin": [8, -15.78748, 3.00806]},
			"faces": {
				"north": {"uv": [11.6875, 1.8125, 12.875, 3.125], "texture": "#0", "tintindex": 0},
				"east": {"uv": [9.875, 1.8125, 11.6875, 3.125], "texture": "#0", "tintindex": 0},
				"south": {"uv": [14.6875, 1.8125, 15.875, 3.125], "texture": "#0", "tintindex": 0},
				"west": {"uv": [12.875, 1.8125, 14.6875, 3.125], "texture": "#0", "tintindex": 0},
				"up": {"uv": [12.875, 1.8125, 11.6875, 0], "texture": "#0", "tintindex": 0},
				"down": {"uv": [14.0625, 0, 12.875, 1.8125], "texture": "#0", "tintindex": 0}
			}
		},
		{
			"from": [7.125, 5.50765, 2.4222],
			"to": [8.875, 7.25765, 10.4222],
			"rotation": {"angle": 22.5, "axis": "x", "origin": [8, -44.17016, 3.93194]},
			"faces": {
				"north": {"uv": [2, 10.5625, 2.4375, 11], "texture": "#0", "tintindex": 0},
				"east": {"uv": [0, 10.5625, 2, 11], "texture": "#0", "tintindex": 0},
				"south": {"uv": [4.4375, 10.5625, 4.875, 11], "texture": "#0", "tintindex": 0},
				"west": {"uv": [2.4375, 10.5625, 4.4375, 11], "texture": "#0", "tintindex": 0},
				"up": {"uv": [2.4375, 10.5625, 2, 8.5625], "texture": "#0", "tintindex": 0},
				"down": {"uv": [2.875, 8.5625, 2.4375, 10.5625], "texture": "#0", "tintindex": 0}
			}
		}
	],
	"display": {
		"ground": {
			"rotation": [-157.5, 0, -180],
			"translation": [0, 8.35, 0],
			"scale": [2, 2, 2]
		},
		"head": {
			"rotation": [-22.5, 0, 0],
			"translation": [29.5, -11.5, 11.75],
			"scale": [2.6, 2.6, 2.6]
		},
		"fixed": {
			"rotation": [-67, 0, 0],
			"translation": [0, -0.5, -79],
			"scale": [4, 4, 4]
		}
	},
	"groups": [
		{
			"name": "Entire",
			"origin": [0, 0, 0],
			"children": [
				{
					"name": "Head",
					"origin": [8, 4.40733, -8.74546],
					"children": [0, 1, 2, 3]
				},
				{
					"name": "Limbs",
					"origin": [1, 0.875, -9],
					"children": [4, 5, 6, 7, 8, 9, 10, 11, 12, 13]
				},
				{
					"name": "Body",
					"origin": [-4.5, 0.875, -9],
					"children": [14, 15, 16, 17]
				}
			]
		}
	]
}
