{
  "type": "minecraft:entity",
  "pools": [
    {
      "rolls": 1,
      "entries": [
        {
          "type": "item",
          "name": "minecraft:beef",
          "weight": 1,
          "functions": [
            {
              "function": "minecraft:set_nbt",
              "tag": "{CustomModelData:400006,dnd:{id:\"custom_meat\",entity:{id:\"gallimimus\"}}}"
            },
            {
              "function": "minecraft:set_name",
              "name": {
                "translate": "item.dnd.meat.gallimimus",
                "italic": false
                      }
            },
            {
              "function": "minecraft:set_lore",
              "lore": [{
                "translate": "config.dnd.name",
                "color": "#63E2FF",
                "italic": true
                      }]
            },
            {
              "function": "minecraft:set_count",
              "count": {
                "min": 0.0,
                "max": 2.0,
                "type": "minecraft:uniform"
              }
            },
            {
              "function": "minecraft:looting_enchant",
              "count": {
                "min": 0.0,
                "max": 2.0
              }
            }
          ]
        }
      ]
    }
  ]
}
