{
	"credit": "Made with Blockbench",
	"textures": {
		"2": "block/archaeology_workbench"
	},
	"elements": [
		{
			"from": [0, 0, 0],
			"to": [16, 16, 16],
			"faces": {
				"north": {"uv": [0, 0, 5.3, 5.3], "texture": "#2"},
				"east": {"uv": [0, 5.3, 5.3, 10.6], "texture": "#2"},
				"south": {"uv": [5.3, 0, 10.6, 5.3], "texture": "#2"},
				"west": {"uv": [10.6, 0, 15.9, 5.3], "texture": "#2"},
				"up": {"uv": [5.3, 5.3, 10.6, 10.6], "texture": "#2"},
				"down": {"uv": [10.6, 5.3, 15.9, 10.6], "texture": "#2"}
			}
		}
	],
	"display": {
		"ground": {
			"rotation": [0, 0, 0],
			"translation": [0, 0, 0],
			"scale": [0.5, 0.5, 0.5]
		},
		"head": {
			"rotation": [0, 90, 0],
			"translation": [0, -30, 0],
			"scale": [1.7, 1.7, 1.7]
		},
		"thirdperson_righthand": {
			"rotation": [0, 0, 0],
			"translation": [0, 3, 1],
			"scale": [0.55, 0.55, 0.55]
		},
		"firstperson_righthand": {
			"rotation": [0, -90, 25],
			"translation": [1.13, 3.2, 1.13],
			"scale": [0, 0, 0]
		},
		"gui": {
			"scale": [0.625, 0.625, 0.625],
			"rotation": [30, 135, 0],
			"translation": [0, 0, 0]
		}
	}
}