{
	"credit": "Made with Blockbench",
	"textures": {
		"0": "block/dna_analyzer_side",
		"1": "block/light_blue_stained_glass",
		"2": "block/green_concrete",
		"3": "block/red_concrete"
	},
	"elements": [
		{
			"name": "Bottom",
			"from": [0, 0, 0],
			"to": [16, 16, 16],
			"faces": {
				"north": {"uv": [0, 0, 16, 16], "texture": "#0"},
				"east": {"uv": [0, 0, 16, 16], "texture": "#0"},
				"south": {"uv": [0, 0, 16, 16], "texture": "#0"},
				"west": {"uv": [0, 0, 16, 16], "texture": "#0"},
				"up": {"uv": [0, 0, 16, 16], "texture": "#0"},
				"down": {"uv": [0, 0, 16, 16], "texture": "#0"}
			}
		},
		{
			"name": "ContainerTop",
			"from": [3, 16, 4],
			"to": [13, 20, 12],
			"faces": {
				"north": {"uv": [6, 12, 16, 16], "texture": "#0"},
				"east": {"uv": [3, 12, 11, 16], "texture": "#0"},
				"south": {"uv": [0, 12, 10, 16], "texture": "#0"},
				"west": {"uv": [4, 12, 12, 16], "texture": "#0"},
				"up": {"uv": [0, 0, 10, 8], "texture": "#0"},
				"down": {"uv": [0, 0, 10, 8], "texture": "#0"}
			}
		},
		{
			"name": "ContainerBottom",
			"from": [3, 20, 4],
			"to": [9, 24, 12],
			"faces": {
				"north": {"uv": [10, 0, 16, 4], "texture": "#0"},
				"east": {"uv": [0, 0, 8, 4], "texture": "#0"},
				"south": {"uv": [0, 0, 6, 4], "texture": "#0"},
				"west": {"uv": [3, 0, 11, 4], "texture": "#0"},
				"up": {"uv": [0, 0, 6, 8], "texture": "#0"},
				"down": {"uv": [0, 0, 6, 8], "texture": "#0"}
			}
		},
		{
			"name": "Glass",
			"from": [16, 13, 4.1],
			"to": [20, 19, 11.8],
			"rotation": {"angle": 45, "axis": "z", "origin": [8, 8, 8]},
			"faces": {
				"north": {"uv": [0, 0, 4, 6], "texture": "#1"},
				"east": {"uv": [0, 0, 7.7, 6], "texture": "#1"},
				"south": {"uv": [0, 0, 4, 6], "texture": "#1"},
				"west": {"uv": [0, 0, 7.7, 6], "texture": "#1"},
				"up": {"uv": [0, 0, 4, 7.7], "texture": "#1"},
				"down": {"uv": [0, 0, 4, 7.7], "texture": "#1"}
			}
		},
		{
			"name": "Button1",
			"from": [13, 16, 2],
			"to": [15, 17, 4],
			"faces": {
				"north": {"uv": [0, 0, 2, 1], "texture": "#2"},
				"east": {"uv": [0, 0, 2, 1], "texture": "#2"},
				"south": {"uv": [0, 0, 2, 1], "texture": "#2"},
				"west": {"uv": [0, 0, 2, 1], "texture": "#2"},
				"up": {"uv": [0, 0, 2, 2], "texture": "#2"},
				"down": {"uv": [0, 0, 2, 2], "texture": "#2"}
			}
		},
		{
			"name": "Button2",
			"from": [13, 16, 12],
			"to": [15, 17, 14],
			"faces": {
				"north": {"uv": [0, 0, 2, 1], "texture": "#3"},
				"east": {"uv": [0, 0, 2, 1], "texture": "#3"},
				"south": {"uv": [0, 0, 2, 1], "texture": "#3"},
				"west": {"uv": [0, 0, 2, 1], "texture": "#3"},
				"up": {"uv": [0, 0, 2, 2], "texture": "#3"},
				"down": {"uv": [0, 0, 2, 2], "texture": "#3"}
			}
		},
		{
			"name": "Button3",
			"from": [16, 12, 2],
			"to": [17, 14, 4],
			"faces": {
				"north": {"uv": [0, 0, 1, 2], "texture": "#2"},
				"east": {"uv": [0, 0, 2, 2], "texture": "#2"},
				"south": {"uv": [0, 0, 1, 2], "texture": "#2"},
				"west": {"uv": [0, 0, 2, 2], "texture": "#2"},
				"up": {"uv": [0, 0, 1, 2], "texture": "#2"},
				"down": {"uv": [0, 0, 1, 2], "texture": "#2"}
			}
		},
		{
			"name": "Button4",
			"from": [16, 12, 12],
			"to": [17, 14, 14],
			"faces": {
				"north": {"uv": [0, 0, 1, 2], "texture": "#2"},
				"east": {"uv": [0, 0, 2, 2], "texture": "#2"},
				"south": {"uv": [0, 0, 1, 2], "texture": "#2"},
				"west": {"uv": [0, 0, 2, 2], "texture": "#2"},
				"up": {"uv": [0, 0, 1, 2], "texture": "#2"},
				"down": {"uv": [0, 0, 1, 2], "texture": "#2"}
			}
		},
		{
			"name": "Button5",
			"from": [16, 12, 7],
			"to": [17, 14, 9],
			"faces": {
				"north": {"uv": [0, 0, 1, 2], "texture": "#3"},
				"east": {"uv": [0, 0, 2, 2], "texture": "#3"},
				"south": {"uv": [0, 0, 1, 2], "texture": "#3"},
				"west": {"uv": [0, 0, 2, 2], "texture": "#3"},
				"up": {"uv": [0, 0, 1, 2], "texture": "#3"},
				"down": {"uv": [0, 0, 1, 2], "texture": "#3"}
			}
		},
		{
			"name": "Button6",
			"from": [16, 7, 7],
			"to": [17, 9, 9],
			"faces": {
				"north": {"uv": [0, 0, 1, 2], "texture": "#2"},
				"east": {"uv": [0, 0, 2, 2], "texture": "#2"},
				"south": {"uv": [0, 0, 1, 2], "texture": "#2"},
				"west": {"uv": [0, 0, 2, 2], "texture": "#2"},
				"up": {"uv": [0, 0, 1, 2], "texture": "#2"},
				"down": {"uv": [0, 0, 1, 2], "texture": "#2"}
			}
		},
		{
			"name": "Button7",
			"from": [16, 2, 7],
			"to": [17, 4, 9],
			"faces": {
				"north": {"uv": [0, 0, 1, 2], "texture": "#2"},
				"east": {"uv": [0, 0, 2, 2], "texture": "#2"},
				"south": {"uv": [0, 0, 1, 2], "texture": "#2"},
				"west": {"uv": [0, 0, 2, 2], "texture": "#2"},
				"up": {"uv": [0, 0, 1, 2], "texture": "#2"},
				"down": {"uv": [0, 0, 1, 2], "texture": "#2"}
			}
		},
		{
			"name": "Button8",
			"from": [16, 2, 12],
			"to": [17, 4, 14],
			"faces": {
				"north": {"uv": [0, 0, 1, 2], "texture": "#3"},
				"east": {"uv": [0, 0, 2, 2], "texture": "#3"},
				"south": {"uv": [0, 0, 1, 2], "texture": "#3"},
				"west": {"uv": [0, 0, 2, 2], "texture": "#3"},
				"up": {"uv": [0, 0, 1, 2], "texture": "#3"},
				"down": {"uv": [0, 0, 1, 2], "texture": "#3"}
			}
		},
		{
			"name": "Button9",
			"from": [16, 7, 12],
			"to": [17, 9, 14],
			"faces": {
				"north": {"uv": [0, 0, 1, 2], "texture": "#3"},
				"east": {"uv": [0, 0, 2, 2], "texture": "#3"},
				"south": {"uv": [0, 0, 1, 2], "texture": "#3"},
				"west": {"uv": [0, 0, 2, 2], "texture": "#3"},
				"up": {"uv": [0, 0, 1, 2], "texture": "#3"},
				"down": {"uv": [0, 0, 1, 2], "texture": "#3"}
			}
		},
		{
			"name": "Button10",
			"from": [16, 7, 2],
			"to": [17, 9, 4],
			"faces": {
				"north": {"uv": [0, 0, 1, 2], "texture": "#2"},
				"east": {"uv": [0, 0, 2, 2], "texture": "#2"},
				"south": {"uv": [0, 0, 1, 2], "texture": "#2"},
				"west": {"uv": [0, 0, 2, 2], "texture": "#2"},
				"up": {"uv": [0, 0, 1, 2], "texture": "#2"},
				"down": {"uv": [0, 0, 1, 2], "texture": "#2"}
			}
		},
		{
			"name": "Button11",
			"from": [16, 2, 2],
			"to": [17, 4, 4],
			"faces": {
				"north": {"uv": [0, 0, 1, 2], "texture": "#3"},
				"east": {"uv": [0, 0, 2, 2], "texture": "#3"},
				"south": {"uv": [0, 0, 1, 2], "texture": "#3"},
				"west": {"uv": [0, 0, 2, 2], "texture": "#3"},
				"up": {"uv": [0, 0, 1, 2], "texture": "#3"},
				"down": {"uv": [0, 0, 1, 2], "texture": "#3"}
			}
		}
	],
	"display": {
		"ground": {
			"rotation": [0, 0, 0],
			"translation": [0, 0, 0],
			"scale": [0.5, 0.5, 0.5]
		},
		"head": {
			"rotation": [0, 90, 0],
			"translation": [0, -30, 0],
			"scale": [1.7, 1.7, 1.7]
		},
		"thirdperson_righthand": {
			"rotation": [0, 0, 0],
			"translation": [0, 3, 1],
			"scale": [0.55, 0.55, 0.55]
		},
		"firstperson_righthand": {
			"rotation": [0, -90, 25],
			"translation": [1.13, 3.2, 1.13],
			"scale": [0, 0, 0]
		},
		"gui": {
			"scale": [0.625, 0.625, 0.625],
			"rotation": [30, -135, 0],
			"translation": [0, 0, 0]
		}
	}
}