{ 
	"parent": "item/handheld",
	"textures": { 
		"layer0": "item/golden_hoe" 
 	},
	"overrides": [
		{ "predicate": { "damaged": 0, "damage": 0.03125}, "model": "item/pottery/amphora", "comment":"Damage Value:1"},
		{ "predicate": { "damaged": 0, "damage": 0.0625}, "model": "item/pottery/cylinder_lykethos", "comment":"Damage Value:2"},
		{ "predicate": { "damaged": 0, "damage": 0.09375}, "model": "item/pottery/epichyses", "comment":"Damage Value:3"},
		{ "predicate": { "damaged": 0, "damage": 0.125}, "model": "item/pottery/kalpis", "comment":"Damage Value:4"},
		{ "predicate": { "damaged": 0, "damage": 0.15625}, "model": "item/pottery/kantharos", "comment":"Damage Value:5"},
		{ "predicate": { "damaged": 0, "damage": 0.1875}, "model": "item/pottery/lagynos", "comment":"Damage Value:6"},
		{ "predicate": { "damaged": 0, "damage": 0.21875}, "model": "item/pottery/lebes_gamikos", "comment":"Damage Value:7"},
		{ "predicate": { "damaged": 0, "damage": 0.25}, "model": "item/pottery/loutrophoros", "comment":"Damage Value:8"},
		{ "predicate": { "damaged": 0, "damage": 0.28125}, "model": "item/pottery/mastos", "comment":"Damage Value:9"},
		{ "predicate": { "damaged": 0, "damage": 0.3125}, "model": "item/pottery/nikosthenic", "comment":"Damage Value:10"},
		{ "predicate": { "damaged": 0, "damage": 0.34375}, "model": "item/pottery/olpe", "comment":"Damage Value:11"},
		{ "predicate": { "damaged": 0, "damage": 0.375}, "model": "item/pottery/ovoid_amphora", "comment":"Damage Value:12"},
		{ "predicate": { "damaged": 0, "damage": 0.40625}, "model": "item/pottery/pelike", "comment":"Damage Value:13"},
		{ "predicate": { "damaged": 0, "damage": 0.4375}, "model": "item/pottery/pithos", "comment":"Damage Value:14"},
		{ "predicate": { "damaged": 0, "damage": 0.46875}, "model": "item/pottery/rhyton", "comment":"Damage Value:15"},
		{ "predicate": { "damaged": 0, "damage": 0.5}, "model": "item/pottery/", "comment":"Damage Value:16"},
		{ "predicate": { "damaged": 0, "damage": 0.53125}, "model": "item/pottery/", "comment":"Damage Value:17"},
		{ "predicate": { "damaged": 0, "damage": 0.5625}, "model": "item/pottery/", "comment":"Damage Value:18"},
		{ "predicate": { "damaged": 0, "damage": 0.59375}, "model": "item/pottery/", "comment":"Damage Value:19"},
		{ "predicate": { "damaged": 0, "damage": 0.625}, "model": "item/pottery/", "comment":"Damage Value:20"},
		{ "predicate": { "damaged": 0, "damage": 0.65625}, "model": "item/pottery/", "comment":"Damage Value:21"},
		{ "predicate": { "damaged": 0, "damage": 0.6875}, "model": "item/pottery/", "comment":"Damage Value:22"},
		{ "predicate": { "damaged": 0, "damage": 0.71875}, "model": "item/pottery/", "comment":"Damage Value:23"},
		{ "predicate": { "damaged": 0, "damage": 0.75}, "model": "item/pottery/", "comment":"Damage Value:24"},
		{ "predicate": { "damaged": 0, "damage": 0.78125}, "model": "item/pottery/", "comment":"Damage Value:25"},
		{ "predicate": { "damaged": 0, "damage": 0.8125}, "model": "item/pottery/", "comment":"Damage Value:26"},
		{ "predicate": { "damaged": 0, "damage": 0.84375}, "model": "item/pottery/", "comment":"Damage Value:27"},
		{ "predicate": { "damaged": 0, "damage": 0.875}, "model": "item/pottery/", "comment":"Damage Value:28"},
		{ "predicate": { "damaged": 0, "damage": 0.90625}, "model": "item/pottery/", "comment":"Damage Value:29"},
		{ "predicate": { "damaged": 0, "damage": 0.9375}, "model": "item/pottery/", "comment":"Damage Value:30"},
		{ "predicate": { "damaged": 0, "damage": 0.96875}, "model": "item/pottery/", "comment":"Damage Value:31"},
		{ "predicate": { "damaged": 0, "damage": 1}, "model": "item/pottery/", "comment":"Damage Value:32"}
	]
}