{
    "type": "minecraft:crafting_shaped",
    "pattern": [
        "iii",
        "#R#",
        "iHi"
    ],
    "key": {
        "#": {
            "tag": "dnd:glass_blocks"
        },
        "i": {
            "item": "minecraft:iron_ingot"
        },
        "H": {
            "item": "minecraft:hopper"
        },
        "R": {
            "item": "minecraft:redstone"
        }
    },
    "result": {
        "item": "minecraft:knowledge_book",
        "count": 1
    }
}
