{
    "__comment": "Model generated using MrCrayfish's Model Creator (http://mrcrayfish.com/modelcreator/)",
    "textures": {
        "0": "blocks/ra_skin",
        "1": "blocks/ra_plate",
        "2": "blocks/ra_face",
        "3": "blocks/ra_skin_face",
        "4": "blocks/bird_beak",
        "5": "blocks/gold_blue"
    },
    "elements": [
        {
            "name": "Cube",
            "from": [ 4.0, -4.0, 6.0 ], 
            "to": [ 8.0, 8.0, 10.0 ], 
            "faces": {
                "north": { "texture": "#0", "uv": [ 0.0, 0.0, 4.0, 12.0 ] },
                "east": { "texture": "#0", "uv": [ 0.0, 0.0, 4.0, 12.0 ] },
                "south": { "texture": "#0", "uv": [ 0.0, 0.0, 4.0, 12.0 ] },
                "west": { "texture": "#0", "uv": [ 0.0, 0.0, 4.0, 12.0 ] },
                "up": { "texture": "#0", "uv": [ 4.0, 4.0, 8.0, 8.0 ] },
                "down": { "texture": "#0", "uv": [ 5.0, 4.0, 9.0, 8.0 ] }
            }
        },
        {
            "name": "Cube",
            "from": [ 8.0, -4.0, 6.0 ], 
            "to": [ 12.0, 8.0, 10.0 ], 
            "faces": {
                "north": { "texture": "#0", "uv": [ 0.0, 0.0, 4.0, 12.0 ] },
                "east": { "texture": "#0", "uv": [ 0.0, 0.0, 4.0, 12.0 ] },
                "south": { "texture": "#0", "uv": [ 0.0, 0.0, 4.0, 12.0 ] },
                "west": { "texture": "#0", "uv": [ 0.0, 0.0, 4.0, 12.0 ] },
                "up": { "texture": "#0", "uv": [ 4.0, 6.0, 8.0, 10.0 ] },
                "down": { "texture": "#0", "uv": [ 5.0, 8.0, 9.0, 12.0 ] }
            }
        },
        {
            "name": "Cube",
            "from": [ 4.0, 8.0, 6.0 ], 
            "to": [ 12.0, 20.0, 10.0 ], 
            "faces": {
                "north": { "texture": "#1", "uv": [ 4.0, 0.0, 12.0, 12.0 ] },
                "east": { "texture": "#1", "uv": [ 0.0, 2.0, 4.0, 14.0 ] },
                "south": { "texture": "#1", "uv": [ 4.0, 0.0, 12.0, 12.0 ] },
                "west": { "texture": "#1", "uv": [ 0.0, 0.0, 4.0, 12.0 ] },
                "up": { "texture": "#1", "uv": [ 0.0, 0.0, 8.0, 4.0 ] },
                "down": { "texture": "#1", "uv": [ 0.0, 0.0, 8.0, 4.0 ] }
            }
        },
        {
            "name": "Cube",
            "from": [ 12.0, 8.0, 6.0 ], 
            "to": [ 16.0, 20.0, 10.0 ], 
            "faces": {
                "north": { "texture": "#0", "uv": [ 0.0, 0.0, 4.0, 12.0 ] },
                "east": { "texture": "#0", "uv": [ 0.0, 0.0, 4.0, 12.0 ] },
                "south": { "texture": "#0", "uv": [ 0.0, 0.0, 4.0, 12.0 ] },
                "west": { "texture": "#0", "uv": [ 0.0, 0.0, 4.0, 12.0 ] },
                "up": { "texture": "#0", "uv": [ 0.0, 0.0, 4.0, 4.0 ] },
                "down": { "texture": "#0", "uv": [ 0.0, 0.0, 4.0, 4.0 ] }
            }
        },
        {
            "name": "Cube",
            "from": [ 0.0, 8.0, 6.0 ], 
            "to": [ 4.0, 20.0, 10.0 ], 
            "faces": {
                "north": { "texture": "#0", "uv": [ 0.0, 0.0, 4.0, 12.0 ] },
                "east": { "texture": "#0", "uv": [ 0.0, 0.0, 4.0, 12.0 ] },
                "south": { "texture": "#0", "uv": [ 0.0, 0.0, 4.0, 12.0 ] },
                "west": { "texture": "#0", "uv": [ 0.0, 0.0, 4.0, 12.0 ] },
                "up": { "texture": "#0", "uv": [ 0.0, 0.0, 4.0, 4.0 ] },
                "down": { "texture": "#0", "uv": [ 0.0, 0.0, 4.0, 4.0 ] }
            }
        },
        {
            "name": "Cube",
            "from": [ 4.0, 20.0, 4.0 ], 
            "to": [ 12.0, 28.0, 12.0 ], 
            "faces": {
                "north": { "texture": "#2", "uv": [ 0.0, 0.0, 8.0, 8.0 ] },
                "east": { "texture": "#3", "uv": [ 0.0, 0.0, 8.0, 8.0 ] },
                "south": { "texture": "#3", "uv": [ 0.0, 0.0, 8.0, 8.0 ] },
                "west": { "texture": "#3", "uv": [ 0.0, 0.0, 8.0, 8.0 ] },
                "up": { "texture": "#3", "uv": [ 0.0, 0.0, 8.0, 8.0 ] },
                "down": { "texture": "#3", "uv": [ 0.0, 0.0, 8.0, 8.0 ] }
            }
        },
        {
            "name": "Cube",
            "from": [ 7.0, 21.0, 1.0 ], 
            "to": [ 9.0, 24.0, 4.0 ], 
            "faces": {
                "north": { "texture": "#4", "uv": [ 0.0, 0.0, 2.0, 3.0 ] },
                "east": { "texture": "#4", "uv": [ 0.0, 0.0, 3.0, 3.0 ] },
                "south": { "texture": "#4", "uv": [ 0.0, 0.0, 2.0, 3.0 ] },
                "west": { "texture": "#4", "uv": [ 0.0, 0.0, 3.0, 3.0 ] },
                "up": { "texture": "#4", "uv": [ 0.0, 0.0, 2.0, 3.0 ] },
                "down": { "texture": "#4", "uv": [ 0.0, 0.0, 2.0, 3.0 ] }
            }
        },
        {
            "name": "Cube",
            "from": [ 3.0, 12.0, 5.0 ], 
            "to": [ 7.0, 22.0, 7.0 ], 
            "faces": {
                "north": { "texture": "#5", "uv": [ 6.0, 0.0, 10.0, 16.0 ] },
                "east": { "texture": "#5", "uv": [ 5.0, 0.0, 7.0, 16.0 ] },
                "south": { "texture": "#5", "uv": [ 2.0, 0.0, 6.0, 16.0 ] },
                "west": { "texture": "#5", "uv": [ 6.0, 0.0, 8.0, 16.0 ] },
                "up": { "texture": "#5", "uv": [ 6.0, 0.0, 10.0, 2.0 ] },
                "down": { "texture": "#5", "uv": [ 5.0, 0.0, 9.0, 2.0 ] }
            }
        },
        {
            "name": "Cube",
            "from": [ 9.0, 12.0, 5.0 ], 
            "to": [ 13.0, 22.0, 7.0 ], 
            "faces": {
                "north": { "texture": "#5", "uv": [ 7.0, 0.0, 11.0, 16.0 ] },
                "east": { "texture": "#5", "uv": [ 4.0, 0.0, 6.0, 16.0 ] },
                "south": { "texture": "#5", "uv": [ 8.0, 0.0, 12.0, 16.0 ] },
                "west": { "texture": "#5", "uv": [ 9.0, 0.0, 11.0, 16.0 ] },
                "up": { "texture": "#5", "uv": [ 0.0, 0.0, 4.0, 2.0 ] },
                "down": { "texture": "#5", "uv": [ 0.0, 0.0, 4.0, 2.0 ] }
            }
        },
        {
            "name": "Cube",
            "from": [ 3.5, 19.5, 5.5 ], 
            "to": [ 12.5, 28.5, 14.5 ], 
            "faces": {
                "north": { "texture": "#5", "uv": [ 0.0, 0.0, 16.0, 16.0 ] },
                "east": { "texture": "#5", "uv": [ 0.0, 0.0, 16.0, 16.0 ] },
                "south": { "texture": "#5", "uv": [ 0.0, 0.0, 16.0, 16.0 ] },
                "west": { "texture": "#5", "uv": [ 0.0, 0.0, 16.0, 16.0 ] },
                "up": { "texture": "#5", "uv": [ 0.0, 0.0, 16.0, 16.0 ] },
                "down": { "texture": "#5", "uv": [ 0.0, 0.0, 16.0, 16.0 ] }
            }
        },
        {
            "name": "Cube",
            "from": [ 4.5, 9.5, 6.5 ], 
            "to": [ 11.5, 23.5, 13.5 ], 
            "faces": {
                "north": { "texture": "#5", "uv": [ 4.0, 1.0, 11.0, 15.0 ] },
                "east": { "texture": "#5", "uv": [ 4.0, 1.0, 11.0, 15.0 ] },
                "south": { "texture": "#5", "uv": [ 3.0, 1.0, 10.0, 15.0 ] },
                "west": { "texture": "#5", "uv": [ 5.0, 1.0, 12.0, 15.0 ] },
                "up": { "texture": "#5", "uv": [ 0.0, 0.0, 2.0, 2.0 ] },
                "down": { "texture": "#5", "uv": [ 0.0, 0.0, 7.0, 2.0 ] }
            }
        }
    ],
 "display": {
        "ground": {
            "rotation": [ 0, 0, 0 ],
            "translation": [ 0, 0, 0],
            "scale":[ 0.5, 0.5, 0.5 ]
        },
        "head": {
            "rotation": [ 0, 0, 0 ],
            "translation": [ 0, -25, 0],
            "scale":[ 1.7, 1.7, 1.7]
        },
        "thirdperson_righthand": {
            "rotation": [ 0, 0, 0 ],
            "translation": [ 0, 3, 1 ],
            "scale": [ 0.55, 0.55, 0.55 ]
        },
        "firstperson_righthand": {
            "rotation": [ 0, -90, 25 ],
            "translation": [ 1.13, 3.2, 1.13],
            "scale": [ 0, 0, 0 ]
           }
      }
}