{
    "__comment": "Model generated using MrCrayfish's Model Creator (http://mrcrayfish.com/modelcreator/)",
    "textures": {
        "0": "item/dragon_blood_sapling"
    },
    "elements": [
        {
            "name": "Cube",
            "from": [ 8.0, 0.0, 0.0 ], 
            "to": [ 8.0, 16.0, 16.0 ], 
            "rotation": { "origin": [ 8.0, 8.0, 8.0 ], "axis": "y", "angle": 45.0 },
            "faces": {
                "north": { "texture": "#0", "uv": [ 0.0, 0.0, 0.0, 16.0 ] },
                "east": { "texture": "#0", "uv": [ 0.0, 0.0, 16.0, 16.0 ] },
                "south": { "texture": "#0", "uv": [ 0.0, 0.0, 0.0, 16.0 ] },
                "west": { "texture": "#0", "uv": [ 0.0, 0.0, 16.0, 16.0 ] },
                "up": { "texture": "#0", "uv": [ 0.0, 0.0, 0.0, 16.0 ] },
                "down": { "texture": "#0", "uv": [ 0.0, 0.0, 0.0, 16.0 ] }
            }
        },
        {
            "name": "Cube",
            "from": [ 8.0, 0.0, 0.0 ], 
            "to": [ 8.0, 16.0, 16.0 ], 
            "rotation": { "origin": [ 8.0, 8.0, 8.0 ], "axis": "y", "angle": -45.0 },
            "faces": {
                "north": { "texture": "#0", "uv": [ 0.0, 0.0, 0.0, 16.0 ] },
                "east": { "texture": "#0", "uv": [ 0.0, 0.0, 16.0, 16.0 ] },
                "south": { "texture": "#0", "uv": [ 0.0, 0.0, 0.0, 16.0 ] },
                "west": { "texture": "#0", "uv": [ 0.0, 0.0, 16.0, 16.0 ] },
                "up": { "texture": "#0", "uv": [ 0.0, 0.0, 0.0, 16.0 ] },
                "down": { "texture": "#0", "uv": [ 0.0, 0.0, 0.0, 16.0 ] }
            }
        }
    ]
}