{
  "pools": [
    {
      "rolls": 1,
      "bonus_rolls": {
        "min": 0,
        "max": 1.5
      },
      "entries": [
        {
          "type": "item",
          "name": "minecraft:slime_ball",
          "weight": 1,
          "functions": [
            {
              "function": "set_count",
              "count": {
                "min": 1,
                "max": 5
              }
            },
            {
              "function": "set_nbt",
              "tag": "{display:{Name:\"Royal Jelly\",Lore:[It's So Squishy and Bouncy]}}"
            }
          ]
        }
      ]
    }
  ]
}