{
  "parent": "block/furnace",
  "textures": {
    "layer0": "block/furnace"
  },
  "overrides": [
    {
        "predicate": {
          "custom_model_data": 400001
        },
      "model": "dnd:block/paleontology_workbench"
    },
    {
        "predicate": {
          "custom_model_data": 400002
        },
      "model": "dnd:block/sifter"
    },
    {
        "predicate": {
          "custom_model_data": 400003
        },
      "model": "dnd:block/analyzer"
    },
    {
        "predicate": {
          "custom_model_data": 400004
        },
      "model": "dnd:block/dna_extractor"
    },
    {
        "predicate": {
          "custom_model_data": 400005
        },
      "model": "dnd:block/dna_combinator"
    },
    {
        "predicate": {
          "custom_model_data": 400006
        },
      "model": "dnd:block/cultivator"
    },
    {
        "predicate": {
          "custom_model_data": 400007
        },
      "model": "dnd:item/dinosaur_egg"
    },
    {
        "predicate": {
          "custom_model_data": 400008
        },
      "model": "dnd:block/dinosaur_egg_1"
    },
    {
        "predicate": {
          "custom_model_data": 400009
        },
      "model": "dnd:block/dinosaur_egg_2"
    },
    {
        "predicate": {
          "custom_model_data": 400010
        },
      "model": "dnd:block/dinosaur_egg_3"
    },
    {
        "predicate": {
          "custom_model_data": 400011
        },
      "model": "dnd:block/dinosaur_egg_4"
    },
    {
        "predicate": {
          "custom_model_data": 400012
        },
      "model": "dnd:block/dinosaur_egg_5"
    },
    {
        "predicate": {
          "custom_model_data": 400013
        },
      "model": "dnd:block/dinosaur_egg_6"
    }
  ]
}
