{
    "texture_size": [
        256,
        256
    ],
    "textures": {
        "main": "dnd:entity/adult/corythosaurus_walking"
    },
    "elements": [
        {
            "from": [ -1.81818, 5, -13 ],
            "to":   [ 18.18182, 30, 27 ],
            "rotation": { "angle": 22.5, "axis": "x", "origin": [8.18182, 9.38182, 7.95455] },
            "faces": {
                "north": { "uv": [ 1.25, 1.25, 1.875, 2.03125 ], "texture": "#main", "tintindex":0 },
                "east":  { "uv": [ 0, 1.25, 1.25, 2.03125 ], "texture": "#main", "tintindex":0 },
                "south": { "uv": [ 3.125, 1.25, 3.75, 2.03125 ], "texture": "#main", "tintindex":0 },
                "west":  { "uv": [ 1.875, 1.25, 3.125, 2.03125 ], "texture": "#main", "tintindex":0 },
                "up":    { "uv": [ 1.875, 1.25, 1.25, 0 ], "texture": "#main", "tintindex":0 },
                "down":  { "uv": [ 2.5, 0, 1.875, 1.25 ], "texture": "#main", "tintindex":0 }
            }
        },
        {
            "from": [ 1.18182, 8.52976, -5.52809 ],
            "to":   [ 15.18182, 22.52976, 23.47191 ],
            "rotation": { "angle": 22.5, "axis": "x", "origin": [8.18182, -75.61818, 7.95455] },
            "faces": {
                "north": { "uv": [ 0.90625, 2.9375, 1.34375, 3.375 ], "texture": "#main", "tintindex":0 },
                "east":  { "uv": [ 0, 2.9375, 0.90625, 3.375 ], "texture": "#main", "tintindex":0 },
                "south": { "uv": [ 2.25, 2.9375, 2.6875, 3.375 ], "texture": "#main", "tintindex":0 },
                "west":  { "uv": [ 1.34375, 2.9375, 2.25, 3.375 ], "texture": "#main", "tintindex":0 },
                "up":    { "uv": [ 1.34375, 2.9375, 0.90625, 2.03125 ], "texture": "#main", "tintindex":0 },
                "down":  { "uv": [ 1.78125, 2.03125, 1.34375, 2.9375 ], "texture": "#main", "tintindex":0 }
            }
        },
        {
            "from": [ 2.18182, 7.48651, -3.76509 ],
            "to":   [ 10.18182, 17.48651, 21.23491 ],
            "rotation": { "angle": 22.5, "axis": "x", "origin": [6.18182, -146.10463, 4.49943] },
            "faces": {
                "north": { "uv": [ 3.28125, 0.78125, 3.53125, 1.09375 ], "texture": "#main", "tintindex":0 },
                "east":  { "uv": [ 2.5, 0.78125, 3.28125, 1.09375 ], "texture": "#main", "tintindex":0 },
                "south": { "uv": [ 4.3125, 0.78125, 4.5625, 1.09375 ], "texture": "#main", "tintindex":0 },
                "west":  { "uv": [ 3.53125, 0.78125, 4.3125, 1.09375 ], "texture": "#main", "tintindex":0 },
                "up":    { "uv": [ 3.53125, 0.78125, 3.28125, 0 ], "texture": "#main", "tintindex":0 },
                "down":  { "uv": [ 3.78125, 0, 3.53125, 0.78125 ], "texture": "#main", "tintindex":0 }
            }
        },
        {
            "from": [ 4.18182, 13.40455, 2.17052 ],
            "to":   [ 12.18182, 24.50455, 14.17052 ],
            "rotation": { "angle": 22.5, "axis": "x", "origin": [8.18182, 80.38182, 7.95455] },
            "faces": {
                "north": { "uv": [ 0.375, 3.75, 0.625, 4.09375 ], "texture": "#main", "tintindex":0 },
                "east":  { "uv": [ 0, 3.75, 0.375, 4.09375 ], "texture": "#main", "tintindex":0 },
                "south": { "uv": [ 1, 3.75, 1.25, 4.09375 ], "texture": "#main", "tintindex":0 },
                "west":  { "uv": [ 0.625, 3.75, 1, 4.09375 ], "texture": "#main", "tintindex":0 },
                "up":    { "uv": [ 0.625, 3.75, 0.375, 3.375 ], "texture": "#main", "tintindex":0 },
                "down":  { "uv": [ 0.875, 3.375, 0.625, 3.75 ], "texture": "#main", "tintindex":0 }
            }
        },
        {
            "from": [ 5.18182, 13.40455, -8.82948 ],
            "to":   [ 11.18182, 26.50455, 2.17052 ],
            "rotation": { "angle": 22.5, "axis": "x", "origin": [8.18182, 80.38182, 7.95455] },
            "faces": {
                "north": { "uv": [ 2.125, 2.375, 2.3125, 2.78125 ], "texture": "#main", "tintindex":0 },
                "east":  { "uv": [ 1.78125, 2.375, 2.125, 2.78125 ], "texture": "#main", "tintindex":0 },
                "south": { "uv": [ 2.65625, 2.375, 2.84375, 2.78125 ], "texture": "#main", "tintindex":0 },
                "west":  { "uv": [ 2.3125, 2.375, 2.65625, 2.78125 ], "texture": "#main", "tintindex":0 },
                "up":    { "uv": [ 2.3125, 2.375, 2.125, 2.03125 ], "texture": "#main", "tintindex":0 },
                "down":  { "uv": [ 2.5, 2.03125, 2.3125, 2.375 ], "texture": "#main", "tintindex":0 }
            }
        },
        {
            "from": [ 6.18182, 20.40455, -13.82948 ],
            "to":   [ 10.18182, 26.50455, -8.82948 ],
            "rotation": { "angle": 22.5, "axis": "x", "origin": [8.18182, 80.38182, 7.95455] },
            "faces": {
                "north": { "uv": [ 2.65625, 0.59375, 2.78125, 0.78125 ], "texture": "#main", "tintindex":0 },
                "east":  { "uv": [ 2.5, 0.59375, 2.65625, 0.78125 ], "texture": "#main", "tintindex":0 },
                "south": { "uv": [ 2.9375, 0.59375, 3.0625, 0.78125 ], "texture": "#main", "tintindex":0 },
                "west":  { "uv": [ 2.78125, 0.59375, 2.9375, 0.78125 ], "texture": "#main", "tintindex":0 },
                "up":    { "uv": [ 2.78125, 0.59375, 2.65625, 0.4375 ], "texture": "#main", "tintindex":0 },
                "down":  { "uv": [ 2.90625, 0.4375, 2.78125, 0.59375 ], "texture": "#main", "tintindex":0 }
            }
        },
        {
            "from": [ 7.18182, 26.40455, -7.82948 ],
            "to":   [ 9.18182, 31.50455, -0.82948 ],
            "rotation": { "angle": 22.5, "axis": "x", "origin": [8.18182, 80.38182, 7.95455] },
            "faces": {
                "north": { "uv": [ 2.71875, 0.21875, 2.78125, 0.375 ], "texture": "#main", "tintindex":0 },
                "east":  { "uv": [ 2.5, 0.21875, 2.71875, 0.375 ], "texture": "#main", "tintindex":0 },
                "south": { "uv": [ 3, 0.21875, 3.0625, 0.375 ], "texture": "#main", "tintindex":0 },
                "west":  { "uv": [ 2.78125, 0.21875, 3, 0.375 ], "texture": "#main", "tintindex":0 },
                "up":    { "uv": [ 2.78125, 0.21875, 2.71875, 0 ], "texture": "#main", "tintindex":0 },
                "down":  { "uv": [ 2.84375, 0, 2.78125, 0.21875 ], "texture": "#main", "tintindex":0 }
            }
        },
        {
            "from": [ 12.18182, -15.59409, 13.91293 ],
            "to":   [ 20.18182, 14.40591, 23.91293 ],
            "rotation": { "angle": 22.5, "axis": "x", "origin": [8.18182, 14.90693, 18.44536] },
            "faces": {
                "north": { "uv": [ 0.3125, 0.3125, 0.5625, 1.25 ], "texture": "#main", "tintindex":0 },
                "east":  { "uv": [ 0, 0.3125, 0.3125, 1.25 ], "texture": "#main", "tintindex":0 },
                "south": { "uv": [ 0.875, 0.3125, 1.125, 1.25 ], "texture": "#main", "tintindex":0 },
                "west":  { "uv": [ 0.5625, 0.3125, 0.875, 1.25 ], "texture": "#main", "tintindex":0 },
                "up":    { "uv": [ 0.5625, 0.3125, 0.3125, 0 ], "texture": "#main", "tintindex":0 },
                "down":  { "uv": [ 0.8125, 0, 0.5625, 0.3125 ], "texture": "#main", "tintindex":0 }
            }
        },
        {
            "from": [ -2.81818, -5.37789, -10.35447 ],
            "to":   [ 2.18182, 16.62211, -5.35447 ],
            "shade": false,
            "rotation": { "angle": 22.5, "axis": "x", "origin": [8.18182, 14.31551, -8.36847] },
            "faces": {
                "north": { "uv": [ 0.3125, 2.1875, 0.15625, 2.875 ], "texture": "#main", "tintindex":0 },
                "east":  { "uv": [ 0.46875, 2.1875, 0.3125, 2.875 ], "texture": "#main", "tintindex":0 },
                "south": { "uv": [ 0.625, 2.1875, 0.46875, 2.875 ], "texture": "#main", "tintindex":0 },
                "west":  { "uv": [ 0.15625, 2.1875, 0, 2.875 ], "texture": "#main", "tintindex":0 },
                "up":    { "uv": [ 0.15625, 2.1875, 0.3125, 2.03125 ], "texture": "#main", "tintindex":0 },
                "down":  { "uv": [ 0.3125, 2.03125, 0.46875, 2.1875 ], "texture": "#main", "tintindex":0 }
            }
        },
        {
            "from": [ 14.18182, -5.37789, -10.35447 ],
            "to":   [ 19.18182, 16.62211, -5.35447 ],
            "rotation": { "angle": 22.5, "axis": "x", "origin": [8.18182, 14.31551, -8.36847] },
            "faces": {
                "north": { "uv": [ 0.15625, 2.1875, 0.3125, 2.875 ], "texture": "#main", "tintindex":0 },
                "east":  { "uv": [ 0, 2.1875, 0.15625, 2.875 ], "texture": "#main", "tintindex":0 },
                "south": { "uv": [ 0.46875, 2.1875, 0.625, 2.875 ], "texture": "#main", "tintindex":0 },
                "west":  { "uv": [ 0.3125, 2.1875, 0.46875, 2.875 ], "texture": "#main", "tintindex":0 },
                "up":    { "uv": [ 0.3125, 2.1875, 0.15625, 2.03125 ], "texture": "#main", "tintindex":0 },
                "down":  { "uv": [ 0.46875, 2.03125, 0.3125, 2.1875 ], "texture": "#main", "tintindex":0 }
            }
        },
        {
            "from": [ -3.81818, -15.59409, 13.91293 ],
            "to":   [ 4.18182, 14.40591, 23.91293 ],
            "shade": false,
            "rotation": { "angle": 22.5, "axis": "x", "origin": [8.18182, 14.90693, 18.44536] },
            "faces": {
                "north": { "uv": [ 0.5625, 0.3125, 0.3125, 1.25 ], "texture": "#main", "tintindex":0 },
                "east":  { "uv": [ 0.875, 0.3125, 0.5625, 1.25 ], "texture": "#main", "tintindex":0 },
                "south": { "uv": [ 1.125, 0.3125, 0.875, 1.25 ], "texture": "#main", "tintindex":0 },
                "west":  { "uv": [ 0.3125, 0.3125, 0, 1.25 ], "texture": "#main", "tintindex":0 },
                "up":    { "uv": [ 0.3125, 0.3125, 0.5625, 0 ], "texture": "#main", "tintindex":0 },
                "down":  { "uv": [ 0.5625, 0, 0.8125, 0.3125 ], "texture": "#main", "tintindex":0 }
            }
        },
        {
            "from": [ -1.81818, 5, -13 ],
            "to":   [ 18.18182, 30, 27 ],
            "rotation": { "angle": 22.5, "axis": "x", "origin": [8.18182, 9.38182, 7.95455] },
            "faces": {
                "north": { "uv": [ 9.25, 1.25, 9.875, 2.03125 ], "texture": "#main", "tintindex":0 },
                "east":  { "uv": [ 8, 1.25, 9.25, 2.03125 ], "texture": "#main", "tintindex":0 },
                "south": { "uv": [ 11.125, 1.25, 11.75, 2.03125 ], "texture": "#main", "tintindex":0 },
                "west":  { "uv": [ 9.875, 1.25, 11.125, 2.03125 ], "texture": "#main", "tintindex":0 },
                "up":    { "uv": [ 9.875, 1.25, 9.25, 0 ], "texture": "#main", "tintindex":0 },
                "down":  { "uv": [ 10.5, 0, 9.875, 1.25 ], "texture": "#main", "tintindex":0 }
            }
        },
        {
            "from": [ 1.18182, 8.52976, -5.52809 ],
            "to":   [ 15.18182, 22.52976, 23.47191 ],
            "rotation": { "angle": 22.5, "axis": "x", "origin": [8.18182, -75.61818, 7.95455] },
            "faces": {
                "north": { "uv": [ 8.90625, 2.9375, 9.34375, 3.375 ], "texture": "#main", "tintindex":0 },
                "east":  { "uv": [ 8, 2.9375, 8.90625, 3.375 ], "texture": "#main", "tintindex":0 },
                "south": { "uv": [ 10.25, 2.9375, 10.6875, 3.375 ], "texture": "#main", "tintindex":0 },
                "west":  { "uv": [ 9.34375, 2.9375, 10.25, 3.375 ], "texture": "#main", "tintindex":0 },
                "up":    { "uv": [ 9.34375, 2.9375, 8.90625, 2.03125 ], "texture": "#main", "tintindex":0 },
                "down":  { "uv": [ 9.78125, 2.03125, 9.34375, 2.9375 ], "texture": "#main", "tintindex":0 }
            }
        },
        {
            "from": [ 2.18182, 7.48651, -3.76509 ],
            "to":   [ 10.18182, 17.48651, 21.23491 ],
            "rotation": { "angle": 22.5, "axis": "x", "origin": [6.18182, -146.10463, 4.49943] },
            "faces": {
                "north": { "uv": [ 11.28125, 0.78125, 11.53125, 1.09375 ], "texture": "#main", "tintindex":0 },
                "east":  { "uv": [ 10.5, 0.78125, 11.28125, 1.09375 ], "texture": "#main", "tintindex":0 },
                "south": { "uv": [ 12.3125, 0.78125, 12.5625, 1.09375 ], "texture": "#main", "tintindex":0 },
                "west":  { "uv": [ 11.53125, 0.78125, 12.3125, 1.09375 ], "texture": "#main", "tintindex":0 },
                "up":    { "uv": [ 11.53125, 0.78125, 11.28125, 0 ], "texture": "#main", "tintindex":0 },
                "down":  { "uv": [ 11.78125, 0, 11.53125, 0.78125 ], "texture": "#main", "tintindex":0 }
            }
        },
        {
            "from": [ 4.18182, 13.40455, 2.17052 ],
            "to":   [ 12.18182, 24.50455, 14.17052 ],
            "rotation": { "angle": 22.5, "axis": "x", "origin": [8.18182, 80.38182, 7.95455] },
            "faces": {
                "north": { "uv": [ 8.375, 3.75, 8.625, 4.09375 ], "texture": "#main", "tintindex":0 },
                "east":  { "uv": [ 8, 3.75, 8.375, 4.09375 ], "texture": "#main", "tintindex":0 },
                "south": { "uv": [ 9, 3.75, 9.25, 4.09375 ], "texture": "#main", "tintindex":0 },
                "west":  { "uv": [ 8.625, 3.75, 9, 4.09375 ], "texture": "#main", "tintindex":0 },
                "up":    { "uv": [ 8.625, 3.75, 8.375, 3.375 ], "texture": "#main", "tintindex":0 },
                "down":  { "uv": [ 8.875, 3.375, 8.625, 3.75 ], "texture": "#main", "tintindex":0 }
            }
        },
        {
            "from": [ 5.18182, 13.40455, -8.82948 ],
            "to":   [ 11.18182, 26.50455, 2.17052 ],
            "rotation": { "angle": 22.5, "axis": "x", "origin": [8.18182, 80.38182, 7.95455] },
            "faces": {
                "north": { "uv": [ 10.125, 2.375, 10.3125, 2.78125 ], "texture": "#main", "tintindex":0 },
                "east":  { "uv": [ 9.78125, 2.375, 10.125, 2.78125 ], "texture": "#main", "tintindex":0 },
                "south": { "uv": [ 10.65625, 2.375, 10.84375, 2.78125 ], "texture": "#main", "tintindex":0 },
                "west":  { "uv": [ 10.3125, 2.375, 10.65625, 2.78125 ], "texture": "#main", "tintindex":0 },
                "up":    { "uv": [ 10.3125, 2.375, 10.125, 2.03125 ], "texture": "#main", "tintindex":0 },
                "down":  { "uv": [ 10.5, 2.03125, 10.3125, 2.375 ], "texture": "#main", "tintindex":0 }
            }
        },
        {
            "from": [ 6.18182, 20.40455, -13.82948 ],
            "to":   [ 10.18182, 26.50455, -8.82948 ],
            "rotation": { "angle": 22.5, "axis": "x", "origin": [8.18182, 80.38182, 7.95455] },
            "faces": {
                "north": { "uv": [ 10.65625, 0.59375, 10.78125, 0.78125 ], "texture": "#main", "tintindex":0 },
                "east":  { "uv": [ 10.5, 0.59375, 10.65625, 0.78125 ], "texture": "#main", "tintindex":0 },
                "south": { "uv": [ 10.9375, 0.59375, 11.0625, 0.78125 ], "texture": "#main", "tintindex":0 },
                "west":  { "uv": [ 10.78125, 0.59375, 10.9375, 0.78125 ], "texture": "#main", "tintindex":0 },
                "up":    { "uv": [ 10.78125, 0.59375, 10.65625, 0.4375 ], "texture": "#main", "tintindex":0 },
                "down":  { "uv": [ 10.90625, 0.4375, 10.78125, 0.59375 ], "texture": "#main", "tintindex":0 }
            }
        },
        {
            "from": [ 7.18182, 26.40455, -7.82948 ],
            "to":   [ 9.18182, 31.50455, -0.82948 ],
            "rotation": { "angle": 22.5, "axis": "x", "origin": [8.18182, 80.38182, 7.95455] },
            "faces": {
                "north": { "uv": [ 10.71875, 0.21875, 10.78125, 0.375 ], "texture": "#main", "tintindex":0 },
                "east":  { "uv": [ 10.5, 0.21875, 10.71875, 0.375 ], "texture": "#main", "tintindex":0 },
                "south": { "uv": [ 11, 0.21875, 11.0625, 0.375 ], "texture": "#main", "tintindex":0 },
                "west":  { "uv": [ 10.78125, 0.21875, 11, 0.375 ], "texture": "#main", "tintindex":0 },
                "up":    { "uv": [ 10.78125, 0.21875, 10.71875, 0 ], "texture": "#main", "tintindex":0 },
                "down":  { "uv": [ 10.84375, 0, 10.78125, 0.21875 ], "texture": "#main", "tintindex":0 }
            }
        },
        {
            "from": [ -3.81818, -15.59409, 13.91293 ],
            "to":   [ 4.18182, 14.40591, 23.91293 ],
            "shade": false,
            "rotation": { "angle": 0, "axis": "x", "origin": [8.18182, 14.90693, 18.44536] },
            "faces": {
                "north": { "uv": [ 8.5625, 0.3125, 8.3125, 1.25 ], "texture": "#main", "tintindex":0 },
                "east":  { "uv": [ 8.875, 0.3125, 8.5625, 1.25 ], "texture": "#main", "tintindex":0 },
                "south": { "uv": [ 9.125, 0.3125, 8.875, 1.25 ], "texture": "#main", "tintindex":0 },
                "west":  { "uv": [ 8.3125, 0.3125, 8, 1.25 ], "texture": "#main", "tintindex":0 },
                "up":    { "uv": [ 8.3125, 0.3125, 8.5625, 0 ], "texture": "#main", "tintindex":0 },
                "down":  { "uv": [ 8.5625, 0, 8.8125, 0.3125 ], "texture": "#main", "tintindex":0 }
            }
        },
        {
            "from": [ 12.18182, -15.59409, 13.91293 ],
            "to":   [ 20.18182, 14.40591, 23.91293 ],
            "rotation": { "angle": 45, "axis": "x", "origin": [8.18182, 14.90693, 18.44536] },
            "faces": {
                "north": { "uv": [ 8.3125, 0.3125, 8.5625, 1.25 ], "texture": "#main", "tintindex":0 },
                "east":  { "uv": [ 8, 0.3125, 8.3125, 1.25 ], "texture": "#main", "tintindex":0 },
                "south": { "uv": [ 8.875, 0.3125, 9.125, 1.25 ], "texture": "#main", "tintindex":0 },
                "west":  { "uv": [ 8.5625, 0.3125, 8.875, 1.25 ], "texture": "#main", "tintindex":0 },
                "up":    { "uv": [ 8.5625, 0.3125, 8.3125, 0 ], "texture": "#main", "tintindex":0 },
                "down":  { "uv": [ 8.8125, 0, 8.5625, 0.3125 ], "texture": "#main", "tintindex":0 }
            }
        },
        {
            "from": [ -2.81818, -5.37789, -10.35447 ],
            "to":   [ 2.18182, 16.62211, -5.35447 ],
            "shade": false,
            "rotation": { "angle": 45, "axis": "x", "origin": [8.18182, 14.31551, -8.36847] },
            "faces": {
                "north": { "uv": [ 8.3125, 2.1875, 8.15625, 2.875 ], "texture": "#main", "tintindex":0 },
                "east":  { "uv": [ 8.46875, 2.1875, 8.3125, 2.875 ], "texture": "#main", "tintindex":0 },
                "south": { "uv": [ 8.625, 2.1875, 8.46875, 2.875 ], "texture": "#main", "tintindex":0 },
                "west":  { "uv": [ 8.15625, 2.1875, 8, 2.875 ], "texture": "#main", "tintindex":0 },
                "up":    { "uv": [ 8.15625, 2.1875, 8.3125, 2.03125 ], "texture": "#main", "tintindex":0 },
                "down":  { "uv": [ 8.3125, 2.03125, 8.46875, 2.1875 ], "texture": "#main", "tintindex":0 }
            }
        },
        {
            "from": [ 14.18182, -5.37789, -10.35447 ],
            "to":   [ 19.18182, 16.62211, -5.35447 ],
            "rotation": { "angle": 0, "axis": "x", "origin": [8.18182, 14.31551, -8.36847] },
            "faces": {
                "north": { "uv": [ 8.15625, 2.1875, 8.3125, 2.875 ], "texture": "#main", "tintindex":0 },
                "east":  { "uv": [ 8, 2.1875, 8.15625, 2.875 ], "texture": "#main", "tintindex":0 },
                "south": { "uv": [ 8.46875, 2.1875, 8.625, 2.875 ], "texture": "#main", "tintindex":0 },
                "west":  { "uv": [ 8.3125, 2.1875, 8.46875, 2.875 ], "texture": "#main", "tintindex":0 },
                "up":    { "uv": [ 8.3125, 2.1875, 8.15625, 2.03125 ], "texture": "#main", "tintindex":0 },
                "down":  { "uv": [ 8.46875, 2.03125, 8.3125, 2.1875 ], "texture": "#main", "tintindex":0 }
            }
        },
        {
            "from": [ -1.81818, 5, -13 ],
            "to":   [ 18.18182, 30, 27 ],
            "rotation": { "angle": 22.5, "axis": "x", "origin": [8.18182, 9.38182, 7.95455] },
            "faces": {
                "north": { "uv": [ 1.25, 9.25, 1.875, 10.03125 ], "texture": "#main", "tintindex":0 },
                "east":  { "uv": [ 0, 9.25, 1.25, 10.03125 ], "texture": "#main", "tintindex":0 },
                "south": { "uv": [ 3.125, 9.25, 3.75, 10.03125 ], "texture": "#main", "tintindex":0 },
                "west":  { "uv": [ 1.875, 9.25, 3.125, 10.03125 ], "texture": "#main", "tintindex":0 },
                "up":    { "uv": [ 1.875, 9.25, 1.25, 8 ], "texture": "#main", "tintindex":0 },
                "down":  { "uv": [ 2.5, 8, 1.875, 9.25 ], "texture": "#main", "tintindex":0 }
            }
        },
        {
            "from": [ 1.18182, 8.52976, -5.52809 ],
            "to":   [ 15.18182, 22.52976, 23.47191 ],
            "rotation": { "angle": 22.5, "axis": "x", "origin": [8.18182, -75.61818, 7.95455] },
            "faces": {
                "north": { "uv": [ 0.90625, 10.9375, 1.34375, 11.375 ], "texture": "#main", "tintindex":0 },
                "east":  { "uv": [ 0, 10.9375, 0.90625, 11.375 ], "texture": "#main", "tintindex":0 },
                "south": { "uv": [ 2.25, 10.9375, 2.6875, 11.375 ], "texture": "#main", "tintindex":0 },
                "west":  { "uv": [ 1.34375, 10.9375, 2.25, 11.375 ], "texture": "#main", "tintindex":0 },
                "up":    { "uv": [ 1.34375, 10.9375, 0.90625, 10.03125 ], "texture": "#main", "tintindex":0 },
                "down":  { "uv": [ 1.78125, 10.03125, 1.34375, 10.9375 ], "texture": "#main", "tintindex":0 }
            }
        },
        {
            "from": [ 2.18182, 7.48651, -3.76509 ],
            "to":   [ 10.18182, 17.48651, 21.23491 ],
            "rotation": { "angle": 22.5, "axis": "x", "origin": [6.18182, -146.10463, 4.49943] },
            "faces": {
                "north": { "uv": [ 3.28125, 8.78125, 3.53125, 9.09375 ], "texture": "#main", "tintindex":0 },
                "east":  { "uv": [ 2.5, 8.78125, 3.28125, 9.09375 ], "texture": "#main", "tintindex":0 },
                "south": { "uv": [ 4.3125, 8.78125, 4.5625, 9.09375 ], "texture": "#main", "tintindex":0 },
                "west":  { "uv": [ 3.53125, 8.78125, 4.3125, 9.09375 ], "texture": "#main", "tintindex":0 },
                "up":    { "uv": [ 3.53125, 8.78125, 3.28125, 8 ], "texture": "#main", "tintindex":0 },
                "down":  { "uv": [ 3.78125, 8, 3.53125, 8.78125 ], "texture": "#main", "tintindex":0 }
            }
        },
        {
            "from": [ 4.18182, 13.40455, 2.17052 ],
            "to":   [ 12.18182, 24.50455, 14.17052 ],
            "rotation": { "angle": 22.5, "axis": "x", "origin": [8.18182, 80.38182, 7.95455] },
            "faces": {
                "north": { "uv": [ 0.375, 11.75, 0.625, 12.09375 ], "texture": "#main", "tintindex":0 },
                "east":  { "uv": [ 0, 11.75, 0.375, 12.09375 ], "texture": "#main", "tintindex":0 },
                "south": { "uv": [ 1, 11.75, 1.25, 12.09375 ], "texture": "#main", "tintindex":0 },
                "west":  { "uv": [ 0.625, 11.75, 1, 12.09375 ], "texture": "#main", "tintindex":0 },
                "up":    { "uv": [ 0.625, 11.75, 0.375, 11.375 ], "texture": "#main", "tintindex":0 },
                "down":  { "uv": [ 0.875, 11.375, 0.625, 11.75 ], "texture": "#main", "tintindex":0 }
            }
        },
        {
            "from": [ 5.18182, 13.40455, -8.82948 ],
            "to":   [ 11.18182, 26.50455, 2.17052 ],
            "rotation": { "angle": 22.5, "axis": "x", "origin": [8.18182, 80.38182, 7.95455] },
            "faces": {
                "north": { "uv": [ 2.125, 10.375, 2.3125, 10.78125 ], "texture": "#main", "tintindex":0 },
                "east":  { "uv": [ 1.78125, 10.375, 2.125, 10.78125 ], "texture": "#main", "tintindex":0 },
                "south": { "uv": [ 2.65625, 10.375, 2.84375, 10.78125 ], "texture": "#main", "tintindex":0 },
                "west":  { "uv": [ 2.3125, 10.375, 2.65625, 10.78125 ], "texture": "#main", "tintindex":0 },
                "up":    { "uv": [ 2.3125, 10.375, 2.125, 10.03125 ], "texture": "#main", "tintindex":0 },
                "down":  { "uv": [ 2.5, 10.03125, 2.3125, 10.375 ], "texture": "#main", "tintindex":0 }
            }
        },
        {
            "from": [ 6.18182, 20.40455, -13.82948 ],
            "to":   [ 10.18182, 26.50455, -8.82948 ],
            "rotation": { "angle": 22.5, "axis": "x", "origin": [8.18182, 80.38182, 7.95455] },
            "faces": {
                "north": { "uv": [ 2.65625, 8.59375, 2.78125, 8.78125 ], "texture": "#main", "tintindex":0 },
                "east":  { "uv": [ 2.5, 8.59375, 2.65625, 8.78125 ], "texture": "#main", "tintindex":0 },
                "south": { "uv": [ 2.9375, 8.59375, 3.0625, 8.78125 ], "texture": "#main", "tintindex":0 },
                "west":  { "uv": [ 2.78125, 8.59375, 2.9375, 8.78125 ], "texture": "#main", "tintindex":0 },
                "up":    { "uv": [ 2.78125, 8.59375, 2.65625, 8.4375 ], "texture": "#main", "tintindex":0 },
                "down":  { "uv": [ 2.90625, 8.4375, 2.78125, 8.59375 ], "texture": "#main", "tintindex":0 }
            }
        },
        {
            "from": [ 7.18182, 26.40455, -7.82948 ],
            "to":   [ 9.18182, 31.50455, -0.82948 ],
            "rotation": { "angle": 22.5, "axis": "x", "origin": [8.18182, 80.38182, 7.95455] },
            "faces": {
                "north": { "uv": [ 2.71875, 8.21875, 2.78125, 8.375 ], "texture": "#main", "tintindex":0 },
                "east":  { "uv": [ 2.5, 8.21875, 2.71875, 8.375 ], "texture": "#main", "tintindex":0 },
                "south": { "uv": [ 3, 8.21875, 3.0625, 8.375 ], "texture": "#main", "tintindex":0 },
                "west":  { "uv": [ 2.78125, 8.21875, 3, 8.375 ], "texture": "#main", "tintindex":0 },
                "up":    { "uv": [ 2.78125, 8.21875, 2.71875, 8 ], "texture": "#main", "tintindex":0 },
                "down":  { "uv": [ 2.84375, 8, 2.78125, 8.21875 ], "texture": "#main", "tintindex":0 }
            }
        },
        {
            "from": [ -3.81818, -15.59409, 13.91293 ],
            "to":   [ 4.18182, 14.40591, 23.91293 ],
            "shade": false,
            "rotation": { "angle": 45, "axis": "x", "origin": [8.18182, 14.90693, 18.44536] },
            "faces": {
                "north": { "uv": [ 0.5625, 8.3125, 0.3125, 9.25 ], "texture": "#main", "tintindex":0 },
                "east":  { "uv": [ 0.875, 8.3125, 0.5625, 9.25 ], "texture": "#main", "tintindex":0 },
                "south": { "uv": [ 1.125, 8.3125, 0.875, 9.25 ], "texture": "#main", "tintindex":0 },
                "west":  { "uv": [ 0.3125, 8.3125, 0, 9.25 ], "texture": "#main", "tintindex":0 },
                "up":    { "uv": [ 0.3125, 8.3125, 0.5625, 8 ], "texture": "#main", "tintindex":0 },
                "down":  { "uv": [ 0.5625, 8, 0.8125, 8.3125 ], "texture": "#main", "tintindex":0 }
            }
        },
        {
            "from": [ 12.18182, -15.59409, 13.91293 ],
            "to":   [ 20.18182, 14.40591, 23.91293 ],
            "rotation": { "angle": 0, "axis": "x", "origin": [8.18182, 14.90693, 18.44536] },
            "faces": {
                "north": { "uv": [ 0.3125, 8.3125, 0.5625, 9.25 ], "texture": "#main", "tintindex":0 },
                "east":  { "uv": [ 0, 8.3125, 0.3125, 9.25 ], "texture": "#main", "tintindex":0 },
                "south": { "uv": [ 0.875, 8.3125, 1.125, 9.25 ], "texture": "#main", "tintindex":0 },
                "west":  { "uv": [ 0.5625, 8.3125, 0.875, 9.25 ], "texture": "#main", "tintindex":0 },
                "up":    { "uv": [ 0.5625, 8.3125, 0.3125, 8 ], "texture": "#main", "tintindex":0 },
                "down":  { "uv": [ 0.8125, 8, 0.5625, 8.3125 ], "texture": "#main", "tintindex":0 }
            }
        },
        {
            "from": [ -2.81818, -5.37789, -10.35447 ],
            "to":   [ 2.18182, 16.62211, -5.35447 ],
            "shade": false,
            "rotation": { "angle": 0, "axis": "x", "origin": [8.18182, 14.31551, -8.36847] },
            "faces": {
                "north": { "uv": [ 0.3125, 10.1875, 0.15625, 10.875 ], "texture": "#main", "tintindex":0 },
                "east":  { "uv": [ 0.46875, 10.1875, 0.3125, 10.875 ], "texture": "#main", "tintindex":0 },
                "south": { "uv": [ 0.625, 10.1875, 0.46875, 10.875 ], "texture": "#main", "tintindex":0 },
                "west":  { "uv": [ 0.15625, 10.1875, 0, 10.875 ], "texture": "#main", "tintindex":0 },
                "up":    { "uv": [ 0.15625, 10.1875, 0.3125, 10.03125 ], "texture": "#main", "tintindex":0 },
                "down":  { "uv": [ 0.3125, 10.03125, 0.46875, 10.1875 ], "texture": "#main", "tintindex":0 }
            }
        },
        {
            "from": [ 14.18182, -5.37789, -10.35447 ],
            "to":   [ 19.18182, 16.62211, -5.35447 ],
            "rotation": { "angle": 45, "axis": "x", "origin": [8.18182, 14.31551, -8.36847] },
            "faces": {
                "north": { "uv": [ 0.15625, 10.1875, 0.3125, 10.875 ], "texture": "#main", "tintindex":0 },
                "east":  { "uv": [ 0, 10.1875, 0.15625, 10.875 ], "texture": "#main", "tintindex":0 },
                "south": { "uv": [ 0.46875, 10.1875, 0.625, 10.875 ], "texture": "#main", "tintindex":0 },
                "west":  { "uv": [ 0.3125, 10.1875, 0.46875, 10.875 ], "texture": "#main", "tintindex":0 },
                "up":    { "uv": [ 0.3125, 10.1875, 0.15625, 10.03125 ], "texture": "#main", "tintindex":0 },
                "down":  { "uv": [ 0.46875, 10.03125, 0.3125, 10.1875 ], "texture": "#main", "tintindex":0 }
            }
        }
    ],
    "display": {
        "ground": {
            "rotation": [ -157.5, 0, -180 ],
            "translation": [ 0, 2.5, 0 ]
        },
        "head": {
            "rotation": [ -22.5, 0, 0 ],
            "translation": [ 0, -18, -12 ],
            "scale": [ 1.6, 1.6, 1.6 ]
        }
    },
    "groups": [
        {
            "name": "Entire",
            "origin": [
                0,
                2,
                -19
            ],
            "children": [
                {
                    "name": "Body",
                    "origin": [
                        0,
                        2,
                        -19
                    ],
                    "children": [
                        0,
                        1,
                        2
                    ]
                },
                {
                    "name": "Head",
                    "origin": [
                        0,
                        2,
                        17
                    ],
                    "children": [
                        3,
                        4,
                        5,
                        6
                    ]
                },
                {
                    "name": "Limbs",
                    "origin": [
                        0,
                        2,
                        -19
                    ],
                    "children": [
                        {
                            "name": "Legs1",
                            "origin": [
                                8.18182,
                                14.90693,
                                18.44536
                            ],
                            "children": [
                                7,
                                8,
                                9,
                                10
                            ]
                        }
                    ]
                }
            ]
        }
    ]
}
