{
    "texture_size": [
        256,
        256
    ],
    "textures": {
        "main": "dnd:entity/adult/tyrannosaurus_walking"
    },
    "elements": [
        {
            "from": [ 5.25, 5.81443, -2.96674 ],
            "to":   [ 10.75, 14.81443, 5.03326 ],
            "rotation": { "angle": 22.5, "axis": "x", "origin": [8, 39.99171, 18.06228] },
            "faces": {
                "north": { "uv": [ 4.75, 4.78125, 5.09375, 5.34375 ], "texture": "#main", "tintindex":0 },
                "east":  { "uv": [ 4.25, 4.78125, 4.75, 5.34375 ], "texture": "#main", "tintindex":0 },
                "south": { "uv": [ 5.59375, 4.78125, 5.9375, 5.34375 ], "texture": "#main", "tintindex":0 },
                "west":  { "uv": [ 5.09375, 4.78125, 5.59375, 5.34375 ], "texture": "#main", "tintindex":0 },
                "up":    { "uv": [ 5.09375, 4.78125, 4.75, 4.28125 ], "texture": "#main", "tintindex":0 },
                "down":  { "uv": [ 5.4375, 4.28125, 5.09375, 4.78125 ], "texture": "#main", "tintindex":0 }
            }
        },
        {
            "from": [ 4.25, 7.32069, -6.97094 ],
            "to":   [ 11.75, 17.32069, 0.02906 ],
            "rotation": { "angle": 22.5, "axis": "x", "origin": [8, 39.99171, 18.06228] },
            "faces": {
                "north": { "uv": [ 2.875, 4.71875, 3.34375, 5.34375 ], "texture": "#main", "tintindex":0 },
                "east":  { "uv": [ 2.4375, 4.71875, 2.875, 5.34375 ], "texture": "#main", "tintindex":0 },
                "south": { "uv": [ 3.78125, 4.71875, 4.25, 5.34375 ], "texture": "#main", "tintindex":0 },
                "west":  { "uv": [ 3.34375, 4.71875, 3.78125, 5.34375 ], "texture": "#main", "tintindex":0 },
                "up":    { "uv": [ 3.34375, 4.71875, 2.875, 4.28125 ], "texture": "#main", "tintindex":0 },
                "down":  { "uv": [ 3.8125, 4.28125, 3.34375, 4.71875 ], "texture": "#main", "tintindex":0 }
            }
        },
        {
            "from": [ 4.75, 11.17148, -14.10279 ],
            "to":   [ 11.25, 16.17148, -6.60279 ],
            "rotation": { "angle": 22.5, "axis": "x", "origin": [8, 40.8425, 18.62141] },
            "faces": {
                "north": { "uv": [ 0.46875, 5.96875, 0.875, 6.28125 ], "texture": "#main", "tintindex":0 },
                "east":  { "uv": [ 0, 5.96875, 0.46875, 6.28125 ], "texture": "#main", "tintindex":0 },
                "south": { "uv": [ 1.34375, 5.96875, 1.75, 6.28125 ], "texture": "#main", "tintindex":0 },
                "west":  { "uv": [ 0.875, 5.96875, 1.34375, 6.28125 ], "texture": "#main", "tintindex":0 },
                "up":    { "uv": [ 0.875, 5.96875, 0.46875, 5.5 ], "texture": "#main", "tintindex":0 },
                "down":  { "uv": [ 1.28125, 5.5, 0.875, 5.96875 ], "texture": "#main", "tintindex":0 }
            }
        },
        {
            "from": [ 5.25, 8.13238, -14.88122 ],
            "to":   [ 10.75, 12.63238, -7.38122 ],
            "rotation": { "angle": 22.5, "axis": "x", "origin": [8, 38.8034, 18.31799] },
            "faces": {
                "north": { "uv": [ 2.21875, 5.96875, 2.5625, 6.25 ], "texture": "#main", "tintindex":0 },
                "east":  { "uv": [ 1.75, 5.96875, 2.21875, 6.25 ], "texture": "#main", "tintindex":0 },
                "south": { "uv": [ 3.03125, 5.96875, 3.375, 6.25 ], "texture": "#main", "tintindex":0 },
                "west":  { "uv": [ 2.5625, 5.96875, 3.03125, 6.25 ], "texture": "#main", "tintindex":0 },
                "up":    { "uv": [ 2.5625, 5.96875, 2.21875, 5.5 ], "texture": "#main", "tintindex":0 },
                "down":  { "uv": [ 2.90625, 5.5, 2.5625, 5.96875 ], "texture": "#main", "tintindex":0 }
            }
        },
        {
            "from": [ -0.25, 3.42654, 2.88234 ],
            "to":   [ 6.25, 17.42654, 14.38234 ],
            "rotation": { "angle": 22.5, "axis": "x", "origin": [8, 4.99171, -0.93772] },
            "faces": {
                "north": { "uv": [ 5.65625, 3.40625, 6.0625, 4.28125 ], "texture": "#main", "tintindex":0 },
                "east":  { "uv": [ 4.9375, 3.40625, 5.65625, 4.28125 ], "texture": "#main", "tintindex":0 },
                "south": { "uv": [ 6.78125, 3.40625, 7.1875, 4.28125 ], "texture": "#main", "tintindex":0 },
                "west":  { "uv": [ 6.0625, 3.40625, 6.78125, 4.28125 ], "texture": "#main", "tintindex":0 },
                "up":    { "uv": [ 6.0625, 3.40625, 5.65625, 2.6875 ], "texture": "#main", "tintindex":0 },
                "down":  { "uv": [ 6.46875, 2.6875, 6.0625, 3.40625 ], "texture": "#main", "tintindex":0 }
            }
        },
        {
            "from": [ 9.75, 3.42654, 2.88234 ],
            "to":   [ 16.25, 17.42654, 14.38234 ],
            "rotation": { "angle": 22.5, "axis": "x", "origin": [8, 4.99171, -0.93772] },
            "faces": {
                "north": { "uv": [ 3.40625, 3.40625, 3.8125, 4.28125 ], "texture": "#main", "tintindex":0 },
                "east":  { "uv": [ 2.6875, 3.40625, 3.40625, 4.28125 ], "texture": "#main", "tintindex":0 },
                "south": { "uv": [ 4.53125, 3.40625, 4.9375, 4.28125 ], "texture": "#main", "tintindex":0 },
                "west":  { "uv": [ 3.8125, 3.40625, 4.53125, 4.28125 ], "texture": "#main", "tintindex":0 },
                "up":    { "uv": [ 3.8125, 3.40625, 3.40625, 2.6875 ], "texture": "#main", "tintindex":0 },
                "down":  { "uv": [ 4.21875, 2.6875, 3.8125, 3.40625 ], "texture": "#main", "tintindex":0 }
            }
        },
        {
            "from": [ 1.25, -7.57346, 11.88234 ],
            "to":   [ 4.75, 9.42654, 15.38234 ],
            "rotation": { "angle": 22.5, "axis": "x", "origin": [8, 4.99171, -0.93772] },
            "faces": {
                "north": { "uv": [ 4.46875, 5.71875, 4.6875, 6.78125 ], "texture": "#main", "tintindex":0 },
                "east":  { "uv": [ 4.25, 5.71875, 4.46875, 6.78125 ], "texture": "#main", "tintindex":0 },
                "south": { "uv": [ 4.90625, 5.71875, 5.125, 6.78125 ], "texture": "#main", "tintindex":0 },
                "west":  { "uv": [ 4.6875, 5.71875, 4.90625, 6.78125 ], "texture": "#main", "tintindex":0 },
                "up":    { "uv": [ 4.6875, 5.71875, 4.46875, 5.5 ], "texture": "#main", "tintindex":0 },
                "down":  { "uv": [ 4.90625, 5.5, 4.6875, 5.71875 ], "texture": "#main", "tintindex":0 }
            }
        },
        {
            "from": [ 11.25, -7.57346, 11.88234 ],
            "to":   [ 14.75, 9.42654, 15.38234 ],
            "rotation": { "angle": 22.5, "axis": "x", "origin": [8, 4.99171, -0.93772] },
            "faces": {
                "north": { "uv": [ 3.59375, 5.71875, 3.8125, 6.78125 ], "texture": "#main", "tintindex":0 },
                "east":  { "uv": [ 3.375, 5.71875, 3.59375, 6.78125 ], "texture": "#main", "tintindex":0 },
                "south": { "uv": [ 4.03125, 5.71875, 4.25, 6.78125 ], "texture": "#main", "tintindex":0 },
                "west":  { "uv": [ 3.8125, 5.71875, 4.03125, 6.78125 ], "texture": "#main", "tintindex":0 },
                "up":    { "uv": [ 3.8125, 5.71875, 3.59375, 5.5 ], "texture": "#main", "tintindex":0 },
                "down":  { "uv": [ 4.03125, 5.5, 3.8125, 5.71875 ], "texture": "#main", "tintindex":0 }
            }
        },
        {
            "from": [ 1.25, -7.57346, 8.38234 ],
            "to":   [ 4.75, -5.07346, 11.88234 ],
            "rotation": { "angle": 22.5, "axis": "x", "origin": [8, 4.99171, -0.93772] },
            "faces": {
                "north": { "uv": [ 1.09375, 7, 1.3125, 7.15625 ], "texture": "#main", "tintindex":0 },
                "east":  { "uv": [ 0.875, 7, 1.09375, 7.15625 ], "texture": "#main", "tintindex":0 },
                "south": { "uv": [ 1.53125, 7, 1.75, 7.15625 ], "texture": "#main", "tintindex":0 },
                "west":  { "uv": [ 1.3125, 7, 1.53125, 7.15625 ], "texture": "#main", "tintindex":0 },
                "up":    { "uv": [ 1.3125, 7, 1.09375, 6.78125 ], "texture": "#main", "tintindex":0 },
                "down":  { "uv": [ 1.53125, 6.78125, 1.3125, 7 ], "texture": "#main", "tintindex":0 }
            }
        },
        {
            "from": [ 11.25, -7.57346, 8.38234 ],
            "to":   [ 14.75, -5.07346, 11.88234 ],
            "rotation": { "angle": 22.5, "axis": "x", "origin": [8, 4.99171, -0.93772] },
            "faces": {
                "north": { "uv": [ 0.21875, 7, 0.4375, 7.15625 ], "texture": "#main", "tintindex":0 },
                "east":  { "uv": [ 0, 7, 0.21875, 7.15625 ], "texture": "#main", "tintindex":0 },
                "south": { "uv": [ 0.65625, 7, 0.875, 7.15625 ], "texture": "#main", "tintindex":0 },
                "west":  { "uv": [ 0.4375, 7, 0.65625, 7.15625 ], "texture": "#main", "tintindex":0 },
                "up":    { "uv": [ 0.4375, 7, 0.21875, 6.78125 ], "texture": "#main", "tintindex":0 },
                "down":  { "uv": [ 0.65625, 6.78125, 0.4375, 7 ], "texture": "#main", "tintindex":0 }
            }
        },
        {
            "from": [ 11.25, -7.57346, 7.88234 ],
            "to":   [ 14.75, -6.57346, 8.38234 ],
            "rotation": { "angle": 22.5, "axis": "x", "origin": [8, 4.99171, -0.93772] },
            "faces": {
                "north": { "uv": [ 2.78125, 6.90625, 3, 6.96875 ], "texture": "#main", "tintindex":0 },
                "east":  { "uv": [ 2.75, 6.90625, 2.78125, 6.96875 ], "texture": "#main", "tintindex":0 },
                "south": { "uv": [ 3.03125, 6.90625, 3.25, 6.96875 ], "texture": "#main", "tintindex":0 },
                "west":  { "uv": [ 3, 6.90625, 3.03125, 6.96875 ], "texture": "#main", "tintindex":0 },
                "up":    { "uv": [ 3, 6.90625, 2.78125, 6.875 ], "texture": "#main", "tintindex":0 },
                "down":  { "uv": [ 3.21875, 6.875, 3, 6.90625 ], "texture": "#main", "tintindex":0 }
            }
        },
        {
            "from": [ 1.25, 3.92654, -7.61766 ],
            "to":   [ 3.25, 8.92654, -5.61766 ],
            "rotation": { "angle": 22.5, "axis": "x", "origin": [8, 4.99171, -0.93772] },
            "faces": {
                "north": { "uv": [ 2.375, 6.90625, 2.5, 7.21875 ], "texture": "#main", "tintindex":0 },
                "east":  { "uv": [ 2.25, 6.90625, 2.375, 7.21875 ], "texture": "#main", "tintindex":0 },
                "south": { "uv": [ 2.625, 6.90625, 2.75, 7.21875 ], "texture": "#main", "tintindex":0 },
                "west":  { "uv": [ 2.5, 6.90625, 2.625, 7.21875 ], "texture": "#main", "tintindex":0 },
                "up":    { "uv": [ 2.5, 6.90625, 2.375, 6.78125 ], "texture": "#main", "tintindex":0 },
                "down":  { "uv": [ 2.625, 6.78125, 2.5, 6.90625 ], "texture": "#main", "tintindex":0 }
            }
        },
        {
            "from": [ 12.75, 3.92654, -7.61766 ],
            "to":   [ 14.75, 8.92654, -5.61766 ],
            "rotation": { "angle": 22.5, "axis": "x", "origin": [8, 4.99171, -0.93772] },
            "faces": {
                "north": { "uv": [ 1.875, 6.90625, 2, 7.21875 ], "texture": "#main", "tintindex":0 },
                "east":  { "uv": [ 1.75, 6.90625, 1.875, 7.21875 ], "texture": "#main", "tintindex":0 },
                "south": { "uv": [ 2.125, 6.90625, 2.25, 7.21875 ], "texture": "#main", "tintindex":0 },
                "west":  { "uv": [ 2, 6.90625, 2.125, 7.21875 ], "texture": "#main", "tintindex":0 },
                "up":    { "uv": [ 2, 6.90625, 1.875, 6.78125 ], "texture": "#main", "tintindex":0 },
                "down":  { "uv": [ 2.125, 6.78125, 2, 6.90625 ], "texture": "#main", "tintindex":0 }
            }
        },
        {
            "from": [ 1.25, -7.57346, 7.88234 ],
            "to":   [ 4.75, -6.57346, 8.38234 ],
            "rotation": { "angle": 22.5, "axis": "x", "origin": [8, 4.99171, -0.93772] },
            "faces": {
                "north": { "uv": [ 2.78125, 6.8125, 3, 6.875 ], "texture": "#main", "tintindex":0 },
                "east":  { "uv": [ 2.75, 6.8125, 2.78125, 6.875 ], "texture": "#main", "tintindex":0 },
                "south": { "uv": [ 3.03125, 6.8125, 3.25, 6.875 ], "texture": "#main", "tintindex":0 },
                "west":  { "uv": [ 3, 6.8125, 3.03125, 6.875 ], "texture": "#main", "tintindex":0 },
                "up":    { "uv": [ 3, 6.8125, 2.78125, 6.78125 ], "texture": "#main", "tintindex":0 },
                "down":  { "uv": [ 3.21875, 6.78125, 3, 6.8125 ], "texture": "#main", "tintindex":0 }
            }
        },
        {
            "from": [ 1.75, 5.92654, -10 ],
            "to":   [ 14.25, 21.92654, 17 ],
            "rotation": { "angle": 22.5, "axis": "x", "origin": [8, 4.99171, -0.93772] },
            "faces": {
                "north": { "uv": [ 1.6875, 1.6875, 2.46875, 2.6875 ], "texture": "#main", "tintindex":0 },
                "east":  { "uv": [ 0, 1.6875, 1.6875, 2.6875 ], "texture": "#main", "tintindex":0 },
                "south": { "uv": [ 4.15625, 1.6875, 4.9375, 2.6875 ], "texture": "#main", "tintindex":0 },
                "west":  { "uv": [ 2.46875, 1.6875, 4.15625, 2.6875 ], "texture": "#main", "tintindex":0 },
                "up":    { "uv": [ 2.46875, 1.6875, 1.6875, 0 ], "texture": "#main", "tintindex":0 },
                "down":  { "uv": [ 3.25, 0, 2.46875, 1.6875 ], "texture": "#main", "tintindex":0 }
            }
        },
        {
            "from": [ 4.75, 10.52727, 8.47295 ],
            "to":   [ 11.25, 17.02727, 23.47295 ],
            "rotation": { "angle": 22.5, "axis": "x", "origin": [8, -55.34033, -0.13611] },
            "faces": {
                "north": { "uv": [ 0.9375, 3.625, 1.34375, 4.03125 ], "texture": "#main", "tintindex":0 },
                "east":  { "uv": [ 0, 3.625, 0.9375, 4.03125 ], "texture": "#main", "tintindex":0 },
                "south": { "uv": [ 2.28125, 3.625, 2.6875, 4.03125 ], "texture": "#main", "tintindex":0 },
                "west":  { "uv": [ 1.34375, 3.625, 2.28125, 4.03125 ], "texture": "#main", "tintindex":0 },
                "up":    { "uv": [ 1.34375, 3.625, 0.9375, 2.6875 ], "texture": "#main", "tintindex":0 },
                "down":  { "uv": [ 1.75, 2.6875, 1.34375, 3.625 ], "texture": "#main", "tintindex":0 }
            }
        },
        {
            "from": [ 3.25, 9.04341, 2.92691 ],
            "to":   [ 12.75, 19.54341, 17.42691 ],
            "rotation": { "angle": 22.5, "axis": "x", "origin": [8, -31.57496, -1.98387] },
            "faces": {
                "north": { "uv": [ 5.84375, 0.90625, 6.4375, 1.5625 ], "texture": "#main", "tintindex":0 },
                "east":  { "uv": [ 4.9375, 0.90625, 5.84375, 1.5625 ], "texture": "#main", "tintindex":0 },
                "south": { "uv": [ 7.34375, 0.90625, 7.9375, 1.5625 ], "texture": "#main", "tintindex":0 },
                "west":  { "uv": [ 6.4375, 0.90625, 7.34375, 1.5625 ], "texture": "#main", "tintindex":0 },
                "up":    { "uv": [ 6.4375, 0.90625, 5.84375, 0 ], "texture": "#main", "tintindex":0 },
                "down":  { "uv": [ 7.03125, 0, 6.4375, 0.90625 ], "texture": "#main", "tintindex":0 }
            }
        },
        {
            "from": [ 6.25, 11.0153, 10.84439 ],
            "to":   [ 9.75, 14.5153, 26.84439 ],
            "rotation": { "angle": 22.5, "axis": "x", "origin": [8, -88.34033, -0.13612] },
            "faces": {
                "north": { "uv": [ 1, 5.28125, 1.21875, 5.5 ], "texture": "#main", "tintindex":0 },
                "east":  { "uv": [ 0, 5.28125, 1, 5.5 ], "texture": "#main", "tintindex":0 },
                "south": { "uv": [ 2.21875, 5.28125, 2.4375, 5.5 ], "texture": "#main", "tintindex":0 },
                "west":  { "uv": [ 1.21875, 5.28125, 2.21875, 5.5 ], "texture": "#main", "tintindex":0 },
                "up":    { "uv": [ 1.21875, 5.28125, 1, 4.28125 ], "texture": "#main", "tintindex":0 },
                "down":  { "uv": [ 1.4375, 4.28125, 1.21875, 5.28125 ], "texture": "#main", "tintindex":0 }
            }
        },
        {
            "from": [ 5.25, 5.81443, -2.96674 ],
            "to":   [ 10.75, 14.81443, 5.03326 ],
            "rotation": { "angle": 22.5, "axis": "x", "origin": [8, 39.99171, 18.06228] },
            "faces": {
                "north": { "uv": [ 12.75, 4.78125, 13.09375, 5.34375 ], "texture": "#main", "tintindex":0 },
                "east":  { "uv": [ 12.25, 4.78125, 12.75, 5.34375 ], "texture": "#main", "tintindex":0 },
                "south": { "uv": [ 13.59375, 4.78125, 13.9375, 5.34375 ], "texture": "#main", "tintindex":0 },
                "west":  { "uv": [ 13.09375, 4.78125, 13.59375, 5.34375 ], "texture": "#main", "tintindex":0 },
                "up":    { "uv": [ 13.09375, 4.78125, 12.75, 4.28125 ], "texture": "#main", "tintindex":0 },
                "down":  { "uv": [ 13.4375, 4.28125, 13.09375, 4.78125 ], "texture": "#main", "tintindex":0 }
            }
        },
        {
            "from": [ 4.25, 7.32069, -6.97094 ],
            "to":   [ 11.75, 17.32069, 0.02906 ],
            "rotation": { "angle": 22.5, "axis": "x", "origin": [8, 39.99171, 18.06228] },
            "faces": {
                "north": { "uv": [ 10.875, 4.71875, 11.34375, 5.34375 ], "texture": "#main", "tintindex":0 },
                "east":  { "uv": [ 10.4375, 4.71875, 10.875, 5.34375 ], "texture": "#main", "tintindex":0 },
                "south": { "uv": [ 11.78125, 4.71875, 12.25, 5.34375 ], "texture": "#main", "tintindex":0 },
                "west":  { "uv": [ 11.34375, 4.71875, 11.78125, 5.34375 ], "texture": "#main", "tintindex":0 },
                "up":    { "uv": [ 11.34375, 4.71875, 10.875, 4.28125 ], "texture": "#main", "tintindex":0 },
                "down":  { "uv": [ 11.8125, 4.28125, 11.34375, 4.71875 ], "texture": "#main", "tintindex":0 }
            }
        },
        {
            "from": [ 4.75, 11.17148, -14.10279 ],
            "to":   [ 11.25, 16.17148, -6.60279 ],
            "rotation": { "angle": 22.5, "axis": "x", "origin": [8, 40.8425, 18.62141] },
            "faces": {
                "north": { "uv": [ 8.46875, 5.96875, 8.875, 6.28125 ], "texture": "#main", "tintindex":0 },
                "east":  { "uv": [ 8, 5.96875, 8.46875, 6.28125 ], "texture": "#main", "tintindex":0 },
                "south": { "uv": [ 9.34375, 5.96875, 9.75, 6.28125 ], "texture": "#main", "tintindex":0 },
                "west":  { "uv": [ 8.875, 5.96875, 9.34375, 6.28125 ], "texture": "#main", "tintindex":0 },
                "up":    { "uv": [ 8.875, 5.96875, 8.46875, 5.5 ], "texture": "#main", "tintindex":0 },
                "down":  { "uv": [ 9.28125, 5.5, 8.875, 5.96875 ], "texture": "#main", "tintindex":0 }
            }
        },
        {
            "from": [ 5.25, 8.13238, -14.88122 ],
            "to":   [ 10.75, 12.63238, -7.38122 ],
            "rotation": { "angle": 22.5, "axis": "x", "origin": [8, 38.8034, 18.31799] },
            "faces": {
                "north": { "uv": [ 10.21875, 5.96875, 10.5625, 6.25 ], "texture": "#main", "tintindex":0 },
                "east":  { "uv": [ 9.75, 5.96875, 10.21875, 6.25 ], "texture": "#main", "tintindex":0 },
                "south": { "uv": [ 11.03125, 5.96875, 11.375, 6.25 ], "texture": "#main", "tintindex":0 },
                "west":  { "uv": [ 10.5625, 5.96875, 11.03125, 6.25 ], "texture": "#main", "tintindex":0 },
                "up":    { "uv": [ 10.5625, 5.96875, 10.21875, 5.5 ], "texture": "#main", "tintindex":0 },
                "down":  { "uv": [ 10.90625, 5.5, 10.5625, 5.96875 ], "texture": "#main", "tintindex":0 }
            }
        },
        {
            "from": [ 9.75, -1.01029, 6.82012 ],
            "to":   [ 16.25, 12.98971, 18.32012 ],
            "rotation": { "angle": 0, "axis": "x", "origin": [8, 12.67158, 12.1839] },
            "faces": {
                "north": { "uv": [ 11.40625, 3.40625, 11.8125, 4.28125 ], "texture": "#main", "tintindex":0 },
                "east":  { "uv": [ 10.6875, 3.40625, 11.40625, 4.28125 ], "texture": "#main", "tintindex":0 },
                "south": { "uv": [ 12.53125, 3.40625, 12.9375, 4.28125 ], "texture": "#main", "tintindex":0 },
                "west":  { "uv": [ 11.8125, 3.40625, 12.53125, 4.28125 ], "texture": "#main", "tintindex":0 },
                "up":    { "uv": [ 11.8125, 3.40625, 11.40625, 2.6875 ], "texture": "#main", "tintindex":0 },
                "down":  { "uv": [ 12.21875, 2.6875, 11.8125, 3.40625 ], "texture": "#main", "tintindex":0 }
            }
        },
        {
            "from": [ 11.25, -12.01029, 15.82012 ],
            "to":   [ 14.75, 4.98971, 19.32012 ],
            "rotation": { "angle": 0, "axis": "x", "origin": [8, 12.67158, 12.1839] },
            "faces": {
                "north": { "uv": [ 11.59375, 5.71875, 11.8125, 6.78125 ], "texture": "#main", "tintindex":0 },
                "east":  { "uv": [ 11.375, 5.71875, 11.59375, 6.78125 ], "texture": "#main", "tintindex":0 },
                "south": { "uv": [ 12.03125, 5.71875, 12.25, 6.78125 ], "texture": "#main", "tintindex":0 },
                "west":  { "uv": [ 11.8125, 5.71875, 12.03125, 6.78125 ], "texture": "#main", "tintindex":0 },
                "up":    { "uv": [ 11.8125, 5.71875, 11.59375, 5.5 ], "texture": "#main", "tintindex":0 },
                "down":  { "uv": [ 12.03125, 5.5, 11.8125, 5.71875 ], "texture": "#main", "tintindex":0 }
            }
        },
        {
            "from": [ 11.25, -12.01029, 12.32012 ],
            "to":   [ 14.75, -9.51029, 15.82012 ],
            "rotation": { "angle": 0, "axis": "x", "origin": [8, 12.67158, 12.1839] },
            "faces": {
                "north": { "uv": [ 8.21875, 7, 8.4375, 7.15625 ], "texture": "#main", "tintindex":0 },
                "east":  { "uv": [ 8, 7, 8.21875, 7.15625 ], "texture": "#main", "tintindex":0 },
                "south": { "uv": [ 8.65625, 7, 8.875, 7.15625 ], "texture": "#main", "tintindex":0 },
                "west":  { "uv": [ 8.4375, 7, 8.65625, 7.15625 ], "texture": "#main", "tintindex":0 },
                "up":    { "uv": [ 8.4375, 7, 8.21875, 6.78125 ], "texture": "#main", "tintindex":0 },
                "down":  { "uv": [ 8.65625, 6.78125, 8.4375, 7 ], "texture": "#main", "tintindex":0 }
            }
        },
        {
            "from": [ 11.25, -12.01029, 11.82012 ],
            "to":   [ 14.75, -11.01029, 12.32012 ],
            "rotation": { "angle": 0, "axis": "x", "origin": [8, 12.67158, 12.1839] },
            "faces": {
                "north": { "uv": [ 10.78125, 6.90625, 11, 6.96875 ], "texture": "#main", "tintindex":0 },
                "east":  { "uv": [ 10.75, 6.90625, 10.78125, 6.96875 ], "texture": "#main", "tintindex":0 },
                "south": { "uv": [ 11.03125, 6.90625, 11.25, 6.96875 ], "texture": "#main", "tintindex":0 },
                "west":  { "uv": [ 11, 6.90625, 11.03125, 6.96875 ], "texture": "#main", "tintindex":0 },
                "up":    { "uv": [ 11, 6.90625, 10.78125, 6.875 ], "texture": "#main", "tintindex":0 },
                "down":  { "uv": [ 11.21875, 6.875, 11, 6.90625 ], "texture": "#main", "tintindex":0 }
            }
        },
        {
            "from": [ -0.25, -1.01029, 6.82012 ],
            "to":   [ 6.25, 12.98971, 18.32012 ],
            "rotation": { "angle": 45, "axis": "x", "origin": [8, 12.67158, 12.1839] },
            "faces": {
                "north": { "uv": [ 13.65625, 3.40625, 14.0625, 4.28125 ], "texture": "#main", "tintindex":0 },
                "east":  { "uv": [ 12.9375, 3.40625, 13.65625, 4.28125 ], "texture": "#main", "tintindex":0 },
                "south": { "uv": [ 14.78125, 3.40625, 15.1875, 4.28125 ], "texture": "#main", "tintindex":0 },
                "west":  { "uv": [ 14.0625, 3.40625, 14.78125, 4.28125 ], "texture": "#main", "tintindex":0 },
                "up":    { "uv": [ 14.0625, 3.40625, 13.65625, 2.6875 ], "texture": "#main", "tintindex":0 },
                "down":  { "uv": [ 14.46875, 2.6875, 14.0625, 3.40625 ], "texture": "#main", "tintindex":0 }
            }
        },
        {
            "from": [ 1.25, -12.01029, 15.82012 ],
            "to":   [ 4.75, 4.98971, 19.32012 ],
            "rotation": { "angle": 45, "axis": "x", "origin": [8, 12.67158, 12.1839] },
            "faces": {
                "north": { "uv": [ 12.46875, 5.71875, 12.6875, 6.78125 ], "texture": "#main", "tintindex":0 },
                "east":  { "uv": [ 12.25, 5.71875, 12.46875, 6.78125 ], "texture": "#main", "tintindex":0 },
                "south": { "uv": [ 12.90625, 5.71875, 13.125, 6.78125 ], "texture": "#main", "tintindex":0 },
                "west":  { "uv": [ 12.6875, 5.71875, 12.90625, 6.78125 ], "texture": "#main", "tintindex":0 },
                "up":    { "uv": [ 12.6875, 5.71875, 12.46875, 5.5 ], "texture": "#main", "tintindex":0 },
                "down":  { "uv": [ 12.90625, 5.5, 12.6875, 5.71875 ], "texture": "#main", "tintindex":0 }
            }
        },
        {
            "from": [ 1.25, -12.01029, 12.32012 ],
            "to":   [ 4.75, -9.51029, 15.82012 ],
            "rotation": { "angle": 45, "axis": "x", "origin": [8, 12.67158, 12.1839] },
            "faces": {
                "north": { "uv": [ 9.09375, 7, 9.3125, 7.15625 ], "texture": "#main", "tintindex":0 },
                "east":  { "uv": [ 8.875, 7, 9.09375, 7.15625 ], "texture": "#main", "tintindex":0 },
                "south": { "uv": [ 9.53125, 7, 9.75, 7.15625 ], "texture": "#main", "tintindex":0 },
                "west":  { "uv": [ 9.3125, 7, 9.53125, 7.15625 ], "texture": "#main", "tintindex":0 },
                "up":    { "uv": [ 9.3125, 7, 9.09375, 6.78125 ], "texture": "#main", "tintindex":0 },
                "down":  { "uv": [ 9.53125, 6.78125, 9.3125, 7 ], "texture": "#main", "tintindex":0 }
            }
        },
        {
            "from": [ 1.25, -12.01029, 11.82012 ],
            "to":   [ 4.75, -11.01029, 12.32012 ],
            "rotation": { "angle": 45, "axis": "x", "origin": [8, 12.67158, 12.1839] },
            "faces": {
                "north": { "uv": [ 10.78125, 6.8125, 11, 6.875 ], "texture": "#main", "tintindex":0 },
                "east":  { "uv": [ 10.75, 6.8125, 10.78125, 6.875 ], "texture": "#main", "tintindex":0 },
                "south": { "uv": [ 11.03125, 6.8125, 11.25, 6.875 ], "texture": "#main", "tintindex":0 },
                "west":  { "uv": [ 11, 6.8125, 11.03125, 6.875 ], "texture": "#main", "tintindex":0 },
                "up":    { "uv": [ 11, 6.8125, 10.78125, 6.78125 ], "texture": "#main", "tintindex":0 },
                "down":  { "uv": [ 11.21875, 6.78125, 11, 6.8125 ], "texture": "#main", "tintindex":0 }
            }
        },
        {
            "from": [ 1.25, 3.92654, -7.61766 ],
            "to":   [ 3.25, 8.92654, -5.61766 ],
            "rotation": { "angle": 22.5, "axis": "x", "origin": [8, 4.99171, -0.93772] },
            "faces": {
                "north": { "uv": [ 10.375, 6.90625, 10.5, 7.21875 ], "texture": "#main", "tintindex":0 },
                "east":  { "uv": [ 10.25, 6.90625, 10.375, 7.21875 ], "texture": "#main", "tintindex":0 },
                "south": { "uv": [ 10.625, 6.90625, 10.75, 7.21875 ], "texture": "#main", "tintindex":0 },
                "west":  { "uv": [ 10.5, 6.90625, 10.625, 7.21875 ], "texture": "#main", "tintindex":0 },
                "up":    { "uv": [ 10.5, 6.90625, 10.375, 6.78125 ], "texture": "#main", "tintindex":0 },
                "down":  { "uv": [ 10.625, 6.78125, 10.5, 6.90625 ], "texture": "#main", "tintindex":0 }
            }
        },
        {
            "from": [ 12.75, 3.92654, -7.61766 ],
            "to":   [ 14.75, 8.92654, -5.61766 ],
            "rotation": { "angle": 22.5, "axis": "x", "origin": [8, 4.99171, -0.93772] },
            "faces": {
                "north": { "uv": [ 9.875, 6.90625, 10, 7.21875 ], "texture": "#main", "tintindex":0 },
                "east":  { "uv": [ 9.75, 6.90625, 9.875, 7.21875 ], "texture": "#main", "tintindex":0 },
                "south": { "uv": [ 10.125, 6.90625, 10.25, 7.21875 ], "texture": "#main", "tintindex":0 },
                "west":  { "uv": [ 10, 6.90625, 10.125, 7.21875 ], "texture": "#main", "tintindex":0 },
                "up":    { "uv": [ 10, 6.90625, 9.875, 6.78125 ], "texture": "#main", "tintindex":0 },
                "down":  { "uv": [ 10.125, 6.78125, 10, 6.90625 ], "texture": "#main", "tintindex":0 }
            }
        },
        {
            "from": [ 1.75, 5.92654, -10 ],
            "to":   [ 14.25, 21.92654, 17 ],
            "rotation": { "angle": 22.5, "axis": "x", "origin": [8, 4.99171, -0.93772] },
            "faces": {
                "north": { "uv": [ 9.6875, 1.6875, 10.46875, 2.6875 ], "texture": "#main", "tintindex":0 },
                "east":  { "uv": [ 8, 1.6875, 9.6875, 2.6875 ], "texture": "#main", "tintindex":0 },
                "south": { "uv": [ 12.15625, 1.6875, 12.9375, 2.6875 ], "texture": "#main", "tintindex":0 },
                "west":  { "uv": [ 10.46875, 1.6875, 12.15625, 2.6875 ], "texture": "#main", "tintindex":0 },
                "up":    { "uv": [ 10.46875, 1.6875, 9.6875, 0 ], "texture": "#main", "tintindex":0 },
                "down":  { "uv": [ 11.25, 0, 10.46875, 1.6875 ], "texture": "#main", "tintindex":0 }
            }
        },
        {
            "from": [ 4.75, 10.52727, 8.47295 ],
            "to":   [ 11.25, 17.02727, 23.47295 ],
            "rotation": { "angle": 22.5, "axis": "x", "origin": [8, -55.34033, -0.13611] },
            "faces": {
                "north": { "uv": [ 8.9375, 3.625, 9.34375, 4.03125 ], "texture": "#main", "tintindex":0 },
                "east":  { "uv": [ 8, 3.625, 8.9375, 4.03125 ], "texture": "#main", "tintindex":0 },
                "south": { "uv": [ 10.28125, 3.625, 10.6875, 4.03125 ], "texture": "#main", "tintindex":0 },
                "west":  { "uv": [ 9.34375, 3.625, 10.28125, 4.03125 ], "texture": "#main", "tintindex":0 },
                "up":    { "uv": [ 9.34375, 3.625, 8.9375, 2.6875 ], "texture": "#main", "tintindex":0 },
                "down":  { "uv": [ 9.75, 2.6875, 9.34375, 3.625 ], "texture": "#main", "tintindex":0 }
            }
        },
        {
            "from": [ 3.25, 9.04341, 2.92691 ],
            "to":   [ 12.75, 19.54341, 17.42691 ],
            "rotation": { "angle": 22.5, "axis": "x", "origin": [8, -31.57496, -1.98387] },
            "faces": {
                "north": { "uv": [ 13.84375, 0.90625, 14.4375, 1.5625 ], "texture": "#main", "tintindex":0 },
                "east":  { "uv": [ 12.9375, 0.90625, 13.84375, 1.5625 ], "texture": "#main", "tintindex":0 },
                "south": { "uv": [ 15.34375, 0.90625, 15.9375, 1.5625 ], "texture": "#main", "tintindex":0 },
                "west":  { "uv": [ 14.4375, 0.90625, 15.34375, 1.5625 ], "texture": "#main", "tintindex":0 },
                "up":    { "uv": [ 14.4375, 0.90625, 13.84375, 0 ], "texture": "#main", "tintindex":0 },
                "down":  { "uv": [ 15.03125, 0, 14.4375, 0.90625 ], "texture": "#main", "tintindex":0 }
            }
        },
        {
            "from": [ 6.25, 11.0153, 10.84439 ],
            "to":   [ 9.75, 14.5153, 26.84439 ],
            "rotation": { "angle": 22.5, "axis": "x", "origin": [8, -88.34033, -0.13612] },
            "faces": {
                "north": { "uv": [ 9, 5.28125, 9.21875, 5.5 ], "texture": "#main", "tintindex":0 },
                "east":  { "uv": [ 8, 5.28125, 9, 5.5 ], "texture": "#main", "tintindex":0 },
                "south": { "uv": [ 10.21875, 5.28125, 10.4375, 5.5 ], "texture": "#main", "tintindex":0 },
                "west":  { "uv": [ 9.21875, 5.28125, 10.21875, 5.5 ], "texture": "#main", "tintindex":0 },
                "up":    { "uv": [ 9.21875, 5.28125, 9, 4.28125 ], "texture": "#main", "tintindex":0 },
                "down":  { "uv": [ 9.4375, 4.28125, 9.21875, 5.28125 ], "texture": "#main", "tintindex":0 }
            }
        },
        {
            "from": [ 5.25, 5.81443, -2.96674 ],
            "to":   [ 10.75, 14.81443, 5.03326 ],
            "rotation": { "angle": 22.5, "axis": "x", "origin": [8, 39.99171, 18.06228] },
            "faces": {
                "north": { "uv": [ 4.75, 12.78125, 5.09375, 13.34375 ], "texture": "#main", "tintindex":0 },
                "east":  { "uv": [ 4.25, 12.78125, 4.75, 13.34375 ], "texture": "#main", "tintindex":0 },
                "south": { "uv": [ 5.59375, 12.78125, 5.9375, 13.34375 ], "texture": "#main", "tintindex":0 },
                "west":  { "uv": [ 5.09375, 12.78125, 5.59375, 13.34375 ], "texture": "#main", "tintindex":0 },
                "up":    { "uv": [ 5.09375, 12.78125, 4.75, 12.28125 ], "texture": "#main", "tintindex":0 },
                "down":  { "uv": [ 5.4375, 12.28125, 5.09375, 12.78125 ], "texture": "#main", "tintindex":0 }
            }
        },
        {
            "from": [ 4.25, 7.32069, -6.97094 ],
            "to":   [ 11.75, 17.32069, 0.02906 ],
            "rotation": { "angle": 22.5, "axis": "x", "origin": [8, 39.99171, 18.06228] },
            "faces": {
                "north": { "uv": [ 2.875, 12.71875, 3.34375, 13.34375 ], "texture": "#main", "tintindex":0 },
                "east":  { "uv": [ 2.4375, 12.71875, 2.875, 13.34375 ], "texture": "#main", "tintindex":0 },
                "south": { "uv": [ 3.78125, 12.71875, 4.25, 13.34375 ], "texture": "#main", "tintindex":0 },
                "west":  { "uv": [ 3.34375, 12.71875, 3.78125, 13.34375 ], "texture": "#main", "tintindex":0 },
                "up":    { "uv": [ 3.34375, 12.71875, 2.875, 12.28125 ], "texture": "#main", "tintindex":0 },
                "down":  { "uv": [ 3.8125, 12.28125, 3.34375, 12.71875 ], "texture": "#main", "tintindex":0 }
            }
        },
        {
            "from": [ 4.75, 11.17148, -14.10279 ],
            "to":   [ 11.25, 16.17148, -6.60279 ],
            "rotation": { "angle": 22.5, "axis": "x", "origin": [8, 40.8425, 18.62141] },
            "faces": {
                "north": { "uv": [ 0.46875, 13.96875, 0.875, 14.28125 ], "texture": "#main", "tintindex":0 },
                "east":  { "uv": [ 0, 13.96875, 0.46875, 14.28125 ], "texture": "#main", "tintindex":0 },
                "south": { "uv": [ 1.34375, 13.96875, 1.75, 14.28125 ], "texture": "#main", "tintindex":0 },
                "west":  { "uv": [ 0.875, 13.96875, 1.34375, 14.28125 ], "texture": "#main", "tintindex":0 },
                "up":    { "uv": [ 0.875, 13.96875, 0.46875, 13.5 ], "texture": "#main", "tintindex":0 },
                "down":  { "uv": [ 1.28125, 13.5, 0.875, 13.96875 ], "texture": "#main", "tintindex":0 }
            }
        },
        {
            "from": [ 5.25, 8.13238, -14.88122 ],
            "to":   [ 10.75, 12.63238, -7.38122 ],
            "rotation": { "angle": 22.5, "axis": "x", "origin": [8, 38.8034, 18.31799] },
            "faces": {
                "north": { "uv": [ 2.21875, 13.96875, 2.5625, 14.25 ], "texture": "#main", "tintindex":0 },
                "east":  { "uv": [ 1.75, 13.96875, 2.21875, 14.25 ], "texture": "#main", "tintindex":0 },
                "south": { "uv": [ 3.03125, 13.96875, 3.375, 14.25 ], "texture": "#main", "tintindex":0 },
                "west":  { "uv": [ 2.5625, 13.96875, 3.03125, 14.25 ], "texture": "#main", "tintindex":0 },
                "up":    { "uv": [ 2.5625, 13.96875, 2.21875, 13.5 ], "texture": "#main", "tintindex":0 },
                "down":  { "uv": [ 2.90625, 13.5, 2.5625, 13.96875 ], "texture": "#main", "tintindex":0 }
            }
        },
        {
            "from": [ 9.75, -1.01029, 6.82012 ],
            "to":   [ 16.25, 12.98971, 18.32012 ],
            "rotation": { "angle": 45, "axis": "x", "origin": [8, 12.67158, 12.1839] },
            "faces": {
                "north": { "uv": [ 3.40625, 11.40625, 3.8125, 12.28125 ], "texture": "#main", "tintindex":0 },
                "east":  { "uv": [ 2.6875, 11.40625, 3.40625, 12.28125 ], "texture": "#main", "tintindex":0 },
                "south": { "uv": [ 4.53125, 11.40625, 4.9375, 12.28125 ], "texture": "#main", "tintindex":0 },
                "west":  { "uv": [ 3.8125, 11.40625, 4.53125, 12.28125 ], "texture": "#main", "tintindex":0 },
                "up":    { "uv": [ 3.8125, 11.40625, 3.40625, 10.6875 ], "texture": "#main", "tintindex":0 },
                "down":  { "uv": [ 4.21875, 10.6875, 3.8125, 11.40625 ], "texture": "#main", "tintindex":0 }
            }
        },
        {
            "from": [ 11.25, -12.01029, 15.82012 ],
            "to":   [ 14.75, 4.98971, 19.32012 ],
            "rotation": { "angle": 45, "axis": "x", "origin": [8, 12.67158, 12.1839] },
            "faces": {
                "north": { "uv": [ 3.59375, 13.71875, 3.8125, 14.78125 ], "texture": "#main", "tintindex":0 },
                "east":  { "uv": [ 3.375, 13.71875, 3.59375, 14.78125 ], "texture": "#main", "tintindex":0 },
                "south": { "uv": [ 4.03125, 13.71875, 4.25, 14.78125 ], "texture": "#main", "tintindex":0 },
                "west":  { "uv": [ 3.8125, 13.71875, 4.03125, 14.78125 ], "texture": "#main", "tintindex":0 },
                "up":    { "uv": [ 3.8125, 13.71875, 3.59375, 13.5 ], "texture": "#main", "tintindex":0 },
                "down":  { "uv": [ 4.03125, 13.5, 3.8125, 13.71875 ], "texture": "#main", "tintindex":0 }
            }
        },
        {
            "from": [ 11.25, -12.01029, 12.32012 ],
            "to":   [ 14.75, -9.51029, 15.82012 ],
            "rotation": { "angle": 45, "axis": "x", "origin": [8, 12.67158, 12.1839] },
            "faces": {
                "north": { "uv": [ 0.21875, 15, 0.4375, 15.15625 ], "texture": "#main", "tintindex":0 },
                "east":  { "uv": [ 0, 15, 0.21875, 15.15625 ], "texture": "#main", "tintindex":0 },
                "south": { "uv": [ 0.65625, 15, 0.875, 15.15625 ], "texture": "#main", "tintindex":0 },
                "west":  { "uv": [ 0.4375, 15, 0.65625, 15.15625 ], "texture": "#main", "tintindex":0 },
                "up":    { "uv": [ 0.4375, 15, 0.21875, 14.78125 ], "texture": "#main", "tintindex":0 },
                "down":  { "uv": [ 0.65625, 14.78125, 0.4375, 15 ], "texture": "#main", "tintindex":0 }
            }
        },
        {
            "from": [ 11.25, -12.01029, 11.82012 ],
            "to":   [ 14.75, -11.01029, 12.32012 ],
            "rotation": { "angle": 45, "axis": "x", "origin": [8, 12.67158, 12.1839] },
            "faces": {
                "north": { "uv": [ 2.78125, 14.90625, 3, 14.96875 ], "texture": "#main", "tintindex":0 },
                "east":  { "uv": [ 2.75, 14.90625, 2.78125, 14.96875 ], "texture": "#main", "tintindex":0 },
                "south": { "uv": [ 3.03125, 14.90625, 3.25, 14.96875 ], "texture": "#main", "tintindex":0 },
                "west":  { "uv": [ 3, 14.90625, 3.03125, 14.96875 ], "texture": "#main", "tintindex":0 },
                "up":    { "uv": [ 3, 14.90625, 2.78125, 14.875 ], "texture": "#main", "tintindex":0 },
                "down":  { "uv": [ 3.21875, 14.875, 3, 14.90625 ], "texture": "#main", "tintindex":0 }
            }
        },
        {
            "from": [ -0.25, -1.01029, 6.82012 ],
            "to":   [ 6.25, 12.98971, 18.32012 ],
            "rotation": { "angle": 0, "axis": "x", "origin": [8, 12.67158, 12.1839] },
            "faces": {
                "north": { "uv": [ 5.65625, 11.40625, 6.0625, 12.28125 ], "texture": "#main", "tintindex":0 },
                "east":  { "uv": [ 4.9375, 11.40625, 5.65625, 12.28125 ], "texture": "#main", "tintindex":0 },
                "south": { "uv": [ 6.78125, 11.40625, 7.1875, 12.28125 ], "texture": "#main", "tintindex":0 },
                "west":  { "uv": [ 6.0625, 11.40625, 6.78125, 12.28125 ], "texture": "#main", "tintindex":0 },
                "up":    { "uv": [ 6.0625, 11.40625, 5.65625, 10.6875 ], "texture": "#main", "tintindex":0 },
                "down":  { "uv": [ 6.46875, 10.6875, 6.0625, 11.40625 ], "texture": "#main", "tintindex":0 }
            }
        },
        {
            "from": [ 1.25, -12.01029, 15.82012 ],
            "to":   [ 4.75, 4.98971, 19.32012 ],
            "rotation": { "angle": 0, "axis": "x", "origin": [8, 12.67158, 12.1839] },
            "faces": {
                "north": { "uv": [ 4.46875, 13.71875, 4.6875, 14.78125 ], "texture": "#main", "tintindex":0 },
                "east":  { "uv": [ 4.25, 13.71875, 4.46875, 14.78125 ], "texture": "#main", "tintindex":0 },
                "south": { "uv": [ 4.90625, 13.71875, 5.125, 14.78125 ], "texture": "#main", "tintindex":0 },
                "west":  { "uv": [ 4.6875, 13.71875, 4.90625, 14.78125 ], "texture": "#main", "tintindex":0 },
                "up":    { "uv": [ 4.6875, 13.71875, 4.46875, 13.5 ], "texture": "#main", "tintindex":0 },
                "down":  { "uv": [ 4.90625, 13.5, 4.6875, 13.71875 ], "texture": "#main", "tintindex":0 }
            }
        },
        {
            "from": [ 1.25, -12.01029, 12.32012 ],
            "to":   [ 4.75, -9.51029, 15.82012 ],
            "rotation": { "angle": 0, "axis": "x", "origin": [8, 12.67158, 12.1839] },
            "faces": {
                "north": { "uv": [ 1.09375, 15, 1.3125, 15.15625 ], "texture": "#main", "tintindex":0 },
                "east":  { "uv": [ 0.875, 15, 1.09375, 15.15625 ], "texture": "#main", "tintindex":0 },
                "south": { "uv": [ 1.53125, 15, 1.75, 15.15625 ], "texture": "#main", "tintindex":0 },
                "west":  { "uv": [ 1.3125, 15, 1.53125, 15.15625 ], "texture": "#main", "tintindex":0 },
                "up":    { "uv": [ 1.3125, 15, 1.09375, 14.78125 ], "texture": "#main", "tintindex":0 },
                "down":  { "uv": [ 1.53125, 14.78125, 1.3125, 15 ], "texture": "#main", "tintindex":0 }
            }
        },
        {
            "from": [ 1.25, -12.01029, 11.82012 ],
            "to":   [ 4.75, -11.01029, 12.32012 ],
            "rotation": { "angle": 0, "axis": "x", "origin": [8, 12.67158, 12.1839] },
            "faces": {
                "north": { "uv": [ 2.78125, 14.8125, 3, 14.875 ], "texture": "#main", "tintindex":0 },
                "east":  { "uv": [ 2.75, 14.8125, 2.78125, 14.875 ], "texture": "#main", "tintindex":0 },
                "south": { "uv": [ 3.03125, 14.8125, 3.25, 14.875 ], "texture": "#main", "tintindex":0 },
                "west":  { "uv": [ 3, 14.8125, 3.03125, 14.875 ], "texture": "#main", "tintindex":0 },
                "up":    { "uv": [ 3, 14.8125, 2.78125, 14.78125 ], "texture": "#main", "tintindex":0 },
                "down":  { "uv": [ 3.21875, 14.78125, 3, 14.8125 ], "texture": "#main", "tintindex":0 }
            }
        },
        {
            "from": [ 1.25, 3.92654, -7.61766 ],
            "to":   [ 3.25, 8.92654, -5.61766 ],
            "rotation": { "angle": 22.5, "axis": "x", "origin": [8, 4.99171, -0.93772] },
            "faces": {
                "north": { "uv": [ 2.375, 14.90625, 2.5, 15.21875 ], "texture": "#main", "tintindex":0 },
                "east":  { "uv": [ 2.25, 14.90625, 2.375, 15.21875 ], "texture": "#main", "tintindex":0 },
                "south": { "uv": [ 2.625, 14.90625, 2.75, 15.21875 ], "texture": "#main", "tintindex":0 },
                "west":  { "uv": [ 2.5, 14.90625, 2.625, 15.21875 ], "texture": "#main", "tintindex":0 },
                "up":    { "uv": [ 2.5, 14.90625, 2.375, 14.78125 ], "texture": "#main", "tintindex":0 },
                "down":  { "uv": [ 2.625, 14.78125, 2.5, 14.90625 ], "texture": "#main", "tintindex":0 }
            }
        },
        {
            "from": [ 12.75, 3.92654, -7.61766 ],
            "to":   [ 14.75, 8.92654, -5.61766 ],
            "rotation": { "angle": 22.5, "axis": "x", "origin": [8, 4.99171, -0.93772] },
            "faces": {
                "north": { "uv": [ 1.875, 14.90625, 2, 15.21875 ], "texture": "#main", "tintindex":0 },
                "east":  { "uv": [ 1.75, 14.90625, 1.875, 15.21875 ], "texture": "#main", "tintindex":0 },
                "south": { "uv": [ 2.125, 14.90625, 2.25, 15.21875 ], "texture": "#main", "tintindex":0 },
                "west":  { "uv": [ 2, 14.90625, 2.125, 15.21875 ], "texture": "#main", "tintindex":0 },
                "up":    { "uv": [ 2, 14.90625, 1.875, 14.78125 ], "texture": "#main", "tintindex":0 },
                "down":  { "uv": [ 2.125, 14.78125, 2, 14.90625 ], "texture": "#main", "tintindex":0 }
            }
        },
        {
            "from": [ 1.75, 5.92654, -10 ],
            "to":   [ 14.25, 21.92654, 17 ],
            "rotation": { "angle": 22.5, "axis": "x", "origin": [8, 4.99171, -0.93772] },
            "faces": {
                "north": { "uv": [ 1.6875, 9.6875, 2.46875, 10.6875 ], "texture": "#main", "tintindex":0 },
                "east":  { "uv": [ 0, 9.6875, 1.6875, 10.6875 ], "texture": "#main", "tintindex":0 },
                "south": { "uv": [ 4.15625, 9.6875, 4.9375, 10.6875 ], "texture": "#main", "tintindex":0 },
                "west":  { "uv": [ 2.46875, 9.6875, 4.15625, 10.6875 ], "texture": "#main", "tintindex":0 },
                "up":    { "uv": [ 2.46875, 9.6875, 1.6875, 8 ], "texture": "#main", "tintindex":0 },
                "down":  { "uv": [ 3.25, 8, 2.46875, 9.6875 ], "texture": "#main", "tintindex":0 }
            }
        },
        {
            "from": [ 4.75, 10.52727, 8.47295 ],
            "to":   [ 11.25, 17.02727, 23.47295 ],
            "rotation": { "angle": 22.5, "axis": "x", "origin": [8, -55.34033, -0.13611] },
            "faces": {
                "north": { "uv": [ 0.9375, 11.625, 1.34375, 12.03125 ], "texture": "#main", "tintindex":0 },
                "east":  { "uv": [ 0, 11.625, 0.9375, 12.03125 ], "texture": "#main", "tintindex":0 },
                "south": { "uv": [ 2.28125, 11.625, 2.6875, 12.03125 ], "texture": "#main", "tintindex":0 },
                "west":  { "uv": [ 1.34375, 11.625, 2.28125, 12.03125 ], "texture": "#main", "tintindex":0 },
                "up":    { "uv": [ 1.34375, 11.625, 0.9375, 10.6875 ], "texture": "#main", "tintindex":0 },
                "down":  { "uv": [ 1.75, 10.6875, 1.34375, 11.625 ], "texture": "#main", "tintindex":0 }
            }
        },
        {
            "from": [ 3.25, 9.04341, 2.92691 ],
            "to":   [ 12.75, 19.54341, 17.42691 ],
            "rotation": { "angle": 22.5, "axis": "x", "origin": [8, -31.57496, -1.98387] },
            "faces": {
                "north": { "uv": [ 5.84375, 8.90625, 6.4375, 9.5625 ], "texture": "#main", "tintindex":0 },
                "east":  { "uv": [ 4.9375, 8.90625, 5.84375, 9.5625 ], "texture": "#main", "tintindex":0 },
                "south": { "uv": [ 7.34375, 8.90625, 7.9375, 9.5625 ], "texture": "#main", "tintindex":0 },
                "west":  { "uv": [ 6.4375, 8.90625, 7.34375, 9.5625 ], "texture": "#main", "tintindex":0 },
                "up":    { "uv": [ 6.4375, 8.90625, 5.84375, 8 ], "texture": "#main", "tintindex":0 },
                "down":  { "uv": [ 7.03125, 8, 6.4375, 8.90625 ], "texture": "#main", "tintindex":0 }
            }
        },
        {
            "from": [ 6.25, 11.0153, 10.84439 ],
            "to":   [ 9.75, 14.5153, 26.84439 ],
            "rotation": { "angle": 22.5, "axis": "x", "origin": [8, -88.34033, -0.13612] },
            "faces": {
                "north": { "uv": [ 1, 13.28125, 1.21875, 13.5 ], "texture": "#main", "tintindex":0 },
                "east":  { "uv": [ 0, 13.28125, 1, 13.5 ], "texture": "#main", "tintindex":0 },
                "south": { "uv": [ 2.21875, 13.28125, 2.4375, 13.5 ], "texture": "#main", "tintindex":0 },
                "west":  { "uv": [ 1.21875, 13.28125, 2.21875, 13.5 ], "texture": "#main", "tintindex":0 },
                "up":    { "uv": [ 1.21875, 13.28125, 1, 12.28125 ], "texture": "#main", "tintindex":0 },
                "down":  { "uv": [ 1.4375, 12.28125, 1.21875, 13.28125 ], "texture": "#main", "tintindex":0 }
            }
        }
    ],
    "display": {
        "ground": {
            "rotation": [ -157.5, 0, -180 ],
            "translation": [ 0, 20, 0 ],
            "scale": [ 2, 2, 2 ]
        },
        "head": {
            "rotation": [ -22.5, 0, 0 ],
            "translation": [ 0, 3.75, 0 ],
            "scale": [ 2.6, 2.6, 2.6 ]
        },
        "fixed": {
            "rotation": [ -67, 0, 0 ],
            "translation": [ 0, -0.5, -79 ],
            "scale": [ 4, 4, 4 ]
        }
    },
    "groups": [
        {
            "name": "Entire",
            "origin": [
                0,
                0,
                0
            ],
            "children": [
                {
                    "name": "Head",
                    "origin": [
                        8,
                        4.40733,
                        -8.74546
                    ],
                    "children": [
                        0,
                        1,
                        2,
                        3
                    ]
                },
                {
                    "name": "Limbs",
                    "origin": [
                        1,
                        0.875,
                        -9
                    ],
                    "children": [
                        4,
                        5,
                        6,
                        7,
                        8,
                        9,
                        10,
                        11,
                        12,
                        13
                    ]
                },
                {
                    "name": "Body",
                    "origin": [
                        -4.5,
                        0.875,
                        -9
                    ],
                    "children": [
                        14,
                        15,
                        16,
                        17
                    ]
                }
            ]
        }
    ]
}
