{
    "texture_size": [
        256,
        256
    ],
    "textures": {
        "main": "dnd:entity/baby/tyrannosaurus_walking"
    },
    "elements": [
        {
            "from": [ 6.625, 2.90721, -4.48337 ],
            "to":   [ 9.375, 7.40721, -0.48337 ],
            "rotation": { "angle": 22.5, "axis": "x", "origin": [8, 19.99586, 13.03114] },
            "faces": {
                "north": { "uv": [ 4.75, 4.78125, 5.09375, 5.34375 ], "texture": "#main", "tintindex":0 },
                "east":  { "uv": [ 4.25, 4.78125, 4.75, 5.34375 ], "texture": "#main", "tintindex":0 },
                "south": { "uv": [ 5.59375, 4.78125, 5.9375, 5.34375 ], "texture": "#main", "tintindex":0 },
                "west":  { "uv": [ 5.09375, 4.78125, 5.59375, 5.34375 ], "texture": "#main", "tintindex":0 },
                "up":    { "uv": [ 5.09375, 4.78125, 4.75, 4.28125 ], "texture": "#main", "tintindex":0 },
                "down":  { "uv": [ 5.4375, 4.28125, 5.09375, 4.78125 ], "texture": "#main", "tintindex":0 }
            }
        },
        {
            "from": [ 4.8125, 3.82259, -0.9253 ],
            "to":   [ 11.1875, 12.32259, 5.0247 ],
            "rotation": { "angle": 22.5, "axis": "x", "origin": [8, 33.99295, 16.55294] },
            "faces": {
                "north": { "uv": [ 2.875, 4.71875, 3.34375, 5.34375 ], "texture": "#main", "tintindex":0 },
                "east":  { "uv": [ 2.4375, 4.71875, 2.875, 5.34375 ], "texture": "#main", "tintindex":0 },
                "south": { "uv": [ 3.78125, 4.71875, 4.25, 5.34375 ], "texture": "#main", "tintindex":0 },
                "west":  { "uv": [ 3.34375, 4.71875, 3.78125, 5.34375 ], "texture": "#main", "tintindex":0 },
                "up":    { "uv": [ 3.34375, 4.71875, 2.875, 4.28125 ], "texture": "#main", "tintindex":0 },
                "down":  { "uv": [ 3.8125, 4.28125, 3.34375, 4.71875 ], "texture": "#main", "tintindex":0 }
            }
        },
        {
            "from": [ 5.2375, 7.09576, -6.98737 ],
            "to":   [ 10.7625, 11.34576, -0.61237 ],
            "rotation": { "angle": 22.5, "axis": "x", "origin": [8, 34.71613, 17.0282] },
            "faces": {
                "north": { "uv": [ 0.46875, 5.96875, 0.875, 6.28125 ], "texture": "#main", "tintindex":0 },
                "east":  { "uv": [ 0, 5.96875, 0.46875, 6.28125 ], "texture": "#main", "tintindex":0 },
                "south": { "uv": [ 1.34375, 5.96875, 1.75, 6.28125 ], "texture": "#main", "tintindex":0 },
                "west":  { "uv": [ 0.875, 5.96875, 1.34375, 6.28125 ], "texture": "#main", "tintindex":0 },
                "up":    { "uv": [ 0.875, 5.96875, 0.46875, 5.5 ], "texture": "#main", "tintindex":0 },
                "down":  { "uv": [ 1.28125, 5.5, 0.875, 5.96875 ], "texture": "#main", "tintindex":0 }
            }
        },
        {
            "from": [ 5.6625, 4.51252, -7.64904 ],
            "to":   [ 10.3375, 8.33752, -1.27404 ],
            "rotation": { "angle": 22.5, "axis": "x", "origin": [8, 32.98289, 16.77029] },
            "faces": {
                "north": { "uv": [ 2.21875, 5.96875, 2.5625, 6.25 ], "texture": "#main", "tintindex":0 },
                "east":  { "uv": [ 1.75, 5.96875, 2.21875, 6.25 ], "texture": "#main", "tintindex":0 },
                "south": { "uv": [ 3.03125, 5.96875, 3.375, 6.25 ], "texture": "#main", "tintindex":0 },
                "west":  { "uv": [ 2.5625, 5.96875, 3.03125, 6.25 ], "texture": "#main", "tintindex":0 },
                "up":    { "uv": [ 2.5625, 5.96875, 2.21875, 5.5 ], "texture": "#main", "tintindex":0 },
                "down":  { "uv": [ 2.90625, 5.5, 2.5625, 5.96875 ], "texture": "#main", "tintindex":0 }
            }
        },
        {
            "from": [ 3.875, 1.71327, -1.43383 ],
            "to":   [ 7.125, 8.71327, 4.31617 ],
            "rotation": { "angle": 22.5, "axis": "x", "origin": [8, 2.49586, 3.53114] },
            "faces": {
                "north": { "uv": [ 5.65625, 3.40625, 6.0625, 4.28125 ], "texture": "#main", "tintindex":0 },
                "east":  { "uv": [ 4.9375, 3.40625, 5.65625, 4.28125 ], "texture": "#main", "tintindex":0 },
                "south": { "uv": [ 6.78125, 3.40625, 7.1875, 4.28125 ], "texture": "#main", "tintindex":0 },
                "west":  { "uv": [ 6.0625, 3.40625, 6.78125, 4.28125 ], "texture": "#main", "tintindex":0 },
                "up":    { "uv": [ 6.0625, 3.40625, 5.65625, 2.6875 ], "texture": "#main", "tintindex":0 },
                "down":  { "uv": [ 6.46875, 2.6875, 6.0625, 3.40625 ], "texture": "#main", "tintindex":0 }
            }
        },
        {
            "from": [ 8.875, 1.71327, -1.43383 ],
            "to":   [ 12.125, 8.71327, 4.31617 ],
            "rotation": { "angle": 22.5, "axis": "x", "origin": [8, 2.49586, 3.53114] },
            "faces": {
                "north": { "uv": [ 3.40625, 3.40625, 3.8125, 4.28125 ], "texture": "#main", "tintindex":0 },
                "east":  { "uv": [ 2.6875, 3.40625, 3.40625, 4.28125 ], "texture": "#main", "tintindex":0 },
                "south": { "uv": [ 4.53125, 3.40625, 4.9375, 4.28125 ], "texture": "#main", "tintindex":0 },
                "west":  { "uv": [ 3.8125, 3.40625, 4.53125, 4.28125 ], "texture": "#main", "tintindex":0 },
                "up":    { "uv": [ 3.8125, 3.40625, 3.40625, 2.6875 ], "texture": "#main", "tintindex":0 },
                "down":  { "uv": [ 4.21875, 2.6875, 3.8125, 3.40625 ], "texture": "#main", "tintindex":0 }
            }
        },
        {
            "from": [ 4.625, -3.78673, 3.06617 ],
            "to":   [ 6.375, 4.71327, 4.81617 ],
            "rotation": { "angle": 22.5, "axis": "x", "origin": [8, 2.49586, 3.53114] },
            "faces": {
                "north": { "uv": [ 4.46875, 5.71875, 4.6875, 6.78125 ], "texture": "#main", "tintindex":0 },
                "east":  { "uv": [ 4.25, 5.71875, 4.46875, 6.78125 ], "texture": "#main", "tintindex":0 },
                "south": { "uv": [ 4.90625, 5.71875, 5.125, 6.78125 ], "texture": "#main", "tintindex":0 },
                "west":  { "uv": [ 4.6875, 5.71875, 4.90625, 6.78125 ], "texture": "#main", "tintindex":0 },
                "up":    { "uv": [ 4.6875, 5.71875, 4.46875, 5.5 ], "texture": "#main", "tintindex":0 },
                "down":  { "uv": [ 4.90625, 5.5, 4.6875, 5.71875 ], "texture": "#main", "tintindex":0 }
            }
        },
        {
            "from": [ 9.625, -3.78673, 3.06617 ],
            "to":   [ 11.375, 4.71327, 4.81617 ],
            "rotation": { "angle": 22.5, "axis": "x", "origin": [8, 2.49586, 3.53114] },
            "faces": {
                "north": { "uv": [ 3.59375, 5.71875, 3.8125, 6.78125 ], "texture": "#main", "tintindex":0 },
                "east":  { "uv": [ 3.375, 5.71875, 3.59375, 6.78125 ], "texture": "#main", "tintindex":0 },
                "south": { "uv": [ 4.03125, 5.71875, 4.25, 6.78125 ], "texture": "#main", "tintindex":0 },
                "west":  { "uv": [ 3.8125, 5.71875, 4.03125, 6.78125 ], "texture": "#main", "tintindex":0 },
                "up":    { "uv": [ 3.8125, 5.71875, 3.59375, 5.5 ], "texture": "#main", "tintindex":0 },
                "down":  { "uv": [ 4.03125, 5.5, 3.8125, 5.71875 ], "texture": "#main", "tintindex":0 }
            }
        },
        {
            "from": [ 4.625, -3.78673, 1.31617 ],
            "to":   [ 6.375, -2.53673, 3.06617 ],
            "rotation": { "angle": 22.5, "axis": "x", "origin": [8, 2.49586, 3.53114] },
            "faces": {
                "north": { "uv": [ 1.09375, 7, 1.3125, 7.15625 ], "texture": "#main", "tintindex":0 },
                "east":  { "uv": [ 0.875, 7, 1.09375, 7.15625 ], "texture": "#main", "tintindex":0 },
                "south": { "uv": [ 1.53125, 7, 1.75, 7.15625 ], "texture": "#main", "tintindex":0 },
                "west":  { "uv": [ 1.3125, 7, 1.53125, 7.15625 ], "texture": "#main", "tintindex":0 },
                "up":    { "uv": [ 1.3125, 7, 1.09375, 6.78125 ], "texture": "#main", "tintindex":0 },
                "down":  { "uv": [ 1.53125, 6.78125, 1.3125, 7 ], "texture": "#main", "tintindex":0 }
            }
        },
        {
            "from": [ 9.625, -3.78673, 1.31617 ],
            "to":   [ 11.375, -2.53673, 3.06617 ],
            "rotation": { "angle": 22.5, "axis": "x", "origin": [8, 2.49586, 3.53114] },
            "faces": {
                "north": { "uv": [ 0.21875, 7, 0.4375, 7.15625 ], "texture": "#main", "tintindex":0 },
                "east":  { "uv": [ 0, 7, 0.21875, 7.15625 ], "texture": "#main", "tintindex":0 },
                "south": { "uv": [ 0.65625, 7, 0.875, 7.15625 ], "texture": "#main", "tintindex":0 },
                "west":  { "uv": [ 0.4375, 7, 0.65625, 7.15625 ], "texture": "#main", "tintindex":0 },
                "up":    { "uv": [ 0.4375, 7, 0.21875, 6.78125 ], "texture": "#main", "tintindex":0 },
                "down":  { "uv": [ 0.65625, 6.78125, 0.4375, 7 ], "texture": "#main", "tintindex":0 }
            }
        },
        {
            "from": [ 9.625, -3.78673, 1.06617 ],
            "to":   [ 11.375, -3.28673, 1.31617 ],
            "rotation": { "angle": 22.5, "axis": "x", "origin": [8, 2.49586, 3.53114] },
            "faces": {
                "north": { "uv": [ 2.78125, 6.90625, 3, 6.96875 ], "texture": "#main", "tintindex":0 },
                "east":  { "uv": [ 2.75, 6.90625, 2.78125, 6.96875 ], "texture": "#main", "tintindex":0 },
                "south": { "uv": [ 3.03125, 6.90625, 3.25, 6.96875 ], "texture": "#main", "tintindex":0 },
                "west":  { "uv": [ 3, 6.90625, 3.03125, 6.96875 ], "texture": "#main", "tintindex":0 },
                "up":    { "uv": [ 3, 6.90625, 2.78125, 6.875 ], "texture": "#main", "tintindex":0 },
                "down":  { "uv": [ 3.21875, 6.875, 3, 6.90625 ], "texture": "#main", "tintindex":0 }
            }
        },
        {
            "from": [ 4.625, 1.96327, -6.68383 ],
            "to":   [ 5.625, 4.46327, -5.68383 ],
            "rotation": { "angle": 22.5, "axis": "x", "origin": [8, 2.49586, 3.53114] },
            "faces": {
                "north": { "uv": [ 2.375, 6.90625, 2.5, 7.21875 ], "texture": "#main", "tintindex":0 },
                "east":  { "uv": [ 2.25, 6.90625, 2.375, 7.21875 ], "texture": "#main", "tintindex":0 },
                "south": { "uv": [ 2.625, 6.90625, 2.75, 7.21875 ], "texture": "#main", "tintindex":0 },
                "west":  { "uv": [ 2.5, 6.90625, 2.625, 7.21875 ], "texture": "#main", "tintindex":0 },
                "up":    { "uv": [ 2.5, 6.90625, 2.375, 6.78125 ], "texture": "#main", "tintindex":0 },
                "down":  { "uv": [ 2.625, 6.78125, 2.5, 6.90625 ], "texture": "#main", "tintindex":0 }
            }
        },
        {
            "from": [ 10.375, 1.96327, -6.68383 ],
            "to":   [ 11.375, 4.46327, -5.68383 ],
            "rotation": { "angle": 22.5, "axis": "x", "origin": [8, 2.49586, 3.53114] },
            "faces": {
                "north": { "uv": [ 1.875, 6.90625, 2, 7.21875 ], "texture": "#main", "tintindex":0 },
                "east":  { "uv": [ 1.75, 6.90625, 1.875, 7.21875 ], "texture": "#main", "tintindex":0 },
                "south": { "uv": [ 2.125, 6.90625, 2.25, 7.21875 ], "texture": "#main", "tintindex":0 },
                "west":  { "uv": [ 2, 6.90625, 2.125, 7.21875 ], "texture": "#main", "tintindex":0 },
                "up":    { "uv": [ 2, 6.90625, 1.875, 6.78125 ], "texture": "#main", "tintindex":0 },
                "down":  { "uv": [ 2.125, 6.78125, 2, 6.90625 ], "texture": "#main", "tintindex":0 }
            }
        },
        {
            "from": [ 4.625, -3.78673, 1.06617 ],
            "to":   [ 6.375, -3.28673, 1.31617 ],
            "rotation": { "angle": 22.5, "axis": "x", "origin": [8, 2.49586, 3.53114] },
            "faces": {
                "north": { "uv": [ 2.78125, 6.8125, 3, 6.875 ], "texture": "#main", "tintindex":0 },
                "east":  { "uv": [ 2.75, 6.8125, 2.78125, 6.875 ], "texture": "#main", "tintindex":0 },
                "south": { "uv": [ 3.03125, 6.8125, 3.25, 6.875 ], "texture": "#main", "tintindex":0 },
                "west":  { "uv": [ 3, 6.8125, 3.03125, 6.875 ], "texture": "#main", "tintindex":0 },
                "up":    { "uv": [ 3, 6.8125, 2.78125, 6.78125 ], "texture": "#main", "tintindex":0 },
                "down":  { "uv": [ 3.21875, 6.78125, 3, 6.8125 ], "texture": "#main", "tintindex":0 }
            }
        },
        {
            "from": [ 4.875, 2.96327, -8 ],
            "to":   [ 11.125, 10.96327, 5.5 ],
            "rotation": { "angle": 22.5, "axis": "x", "origin": [8, 2.49586, 3.53114] },
            "faces": {
                "north": { "uv": [ 1.6875, 1.6875, 2.46875, 2.6875 ], "texture": "#main", "tintindex":0 },
                "east":  { "uv": [ 0, 1.6875, 1.6875, 2.6875 ], "texture": "#main", "tintindex":0 },
                "south": { "uv": [ 4.15625, 1.6875, 4.9375, 2.6875 ], "texture": "#main", "tintindex":0 },
                "west":  { "uv": [ 2.46875, 1.6875, 4.15625, 2.6875 ], "texture": "#main", "tintindex":0 },
                "up":    { "uv": [ 2.46875, 1.6875, 1.6875, 0 ], "texture": "#main", "tintindex":0 },
                "down":  { "uv": [ 3.25, 0, 2.46875, 1.6875 ], "texture": "#main", "tintindex":0 }
            }
        },
        {
            "from": [ 6.375, 5.26363, 1.23647 ],
            "to":   [ 9.625, 8.51363, 8.73647 ],
            "rotation": { "angle": 22.5, "axis": "x", "origin": [8, -27.67016, 3.93194] },
            "faces": {
                "north": { "uv": [ 0.9375, 3.625, 1.34375, 4.03125 ], "texture": "#main", "tintindex":0 },
                "east":  { "uv": [ 0, 3.625, 0.9375, 4.03125 ], "texture": "#main", "tintindex":0 },
                "south": { "uv": [ 2.28125, 3.625, 2.6875, 4.03125 ], "texture": "#main", "tintindex":0 },
                "west":  { "uv": [ 1.34375, 3.625, 2.28125, 4.03125 ], "texture": "#main", "tintindex":0 },
                "up":    { "uv": [ 1.34375, 3.625, 0.9375, 2.6875 ], "texture": "#main", "tintindex":0 },
                "down":  { "uv": [ 1.75, 2.6875, 1.34375, 3.625 ], "texture": "#main", "tintindex":0 }
            }
        },
        {
            "from": [ 5.625, 4.5217, -1.53655 ],
            "to":   [ 10.375, 9.7717, 5.71345 ],
            "rotation": { "angle": 22.5, "axis": "x", "origin": [8, -15.78748, 3.00806] },
            "faces": {
                "north": { "uv": [ 5.84375, 0.90625, 6.4375, 1.5625 ], "texture": "#main", "tintindex":0 },
                "east":  { "uv": [ 4.9375, 0.90625, 5.84375, 1.5625 ], "texture": "#main", "tintindex":0 },
                "south": { "uv": [ 7.34375, 0.90625, 7.9375, 1.5625 ], "texture": "#main", "tintindex":0 },
                "west":  { "uv": [ 6.4375, 0.90625, 7.34375, 1.5625 ], "texture": "#main", "tintindex":0 },
                "up":    { "uv": [ 6.4375, 0.90625, 5.84375, 0 ], "texture": "#main", "tintindex":0 },
                "down":  { "uv": [ 7.03125, 0, 6.4375, 0.90625 ], "texture": "#main", "tintindex":0 }
            }
        },
        {
            "from": [ 7.125, 5.50765, 2.4222 ],
            "to":   [ 8.875, 7.25765, 10.4222 ],
            "rotation": { "angle": 22.5, "axis": "x", "origin": [8, -44.17016, 3.93194] },
            "faces": {
                "north": { "uv": [ 1, 5.28125, 1.21875, 5.5 ], "texture": "#main", "tintindex":0 },
                "east":  { "uv": [ 0, 5.28125, 1, 5.5 ], "texture": "#main", "tintindex":0 },
                "south": { "uv": [ 2.21875, 5.28125, 2.4375, 5.5 ], "texture": "#main", "tintindex":0 },
                "west":  { "uv": [ 1.21875, 5.28125, 2.21875, 5.5 ], "texture": "#main", "tintindex":0 },
                "up":    { "uv": [ 1.21875, 5.28125, 1, 4.28125 ], "texture": "#main", "tintindex":0 },
                "down":  { "uv": [ 1.4375, 4.28125, 1.21875, 5.28125 ], "texture": "#main", "tintindex":0 }
            }
        },
        {
            "from": [ 6.625, 2.90721, -4.48337 ],
            "to":   [ 9.375, 7.40721, -0.48337 ],
            "rotation": { "angle": 22.5, "axis": "x", "origin": [8, 19.99586, 13.03114] },
            "faces": {
                "north": { "uv": [ 12.75, 4.78125, 13.09375, 5.34375 ], "texture": "#main", "tintindex":0 },
                "east":  { "uv": [ 12.25, 4.78125, 12.75, 5.34375 ], "texture": "#main", "tintindex":0 },
                "south": { "uv": [ 13.59375, 4.78125, 13.9375, 5.34375 ], "texture": "#main", "tintindex":0 },
                "west":  { "uv": [ 13.09375, 4.78125, 13.59375, 5.34375 ], "texture": "#main", "tintindex":0 },
                "up":    { "uv": [ 13.09375, 4.78125, 12.75, 4.28125 ], "texture": "#main", "tintindex":0 },
                "down":  { "uv": [ 13.4375, 4.28125, 13.09375, 4.78125 ], "texture": "#main", "tintindex":0 }
            }
        },
        {
            "from": [ 4.8125, 3.82259, -0.9253 ],
            "to":   [ 11.1875, 12.32259, 5.0247 ],
            "rotation": { "angle": 22.5, "axis": "x", "origin": [8, 33.99295, 16.55294] },
            "faces": {
                "north": { "uv": [ 10.875, 4.71875, 11.34375, 5.34375 ], "texture": "#main", "tintindex":0 },
                "east":  { "uv": [ 10.4375, 4.71875, 10.875, 5.34375 ], "texture": "#main", "tintindex":0 },
                "south": { "uv": [ 11.78125, 4.71875, 12.25, 5.34375 ], "texture": "#main", "tintindex":0 },
                "west":  { "uv": [ 11.34375, 4.71875, 11.78125, 5.34375 ], "texture": "#main", "tintindex":0 },
                "up":    { "uv": [ 11.34375, 4.71875, 10.875, 4.28125 ], "texture": "#main", "tintindex":0 },
                "down":  { "uv": [ 11.8125, 4.28125, 11.34375, 4.71875 ], "texture": "#main", "tintindex":0 }
            }
        },
        {
            "from": [ 5.2375, 7.09576, -6.98737 ],
            "to":   [ 10.7625, 11.34576, -0.61237 ],
            "rotation": { "angle": 22.5, "axis": "x", "origin": [8, 34.71613, 17.0282] },
            "faces": {
                "north": { "uv": [ 8.46875, 5.96875, 8.875, 6.28125 ], "texture": "#main", "tintindex":0 },
                "east":  { "uv": [ 8, 5.96875, 8.46875, 6.28125 ], "texture": "#main", "tintindex":0 },
                "south": { "uv": [ 9.34375, 5.96875, 9.75, 6.28125 ], "texture": "#main", "tintindex":0 },
                "west":  { "uv": [ 8.875, 5.96875, 9.34375, 6.28125 ], "texture": "#main", "tintindex":0 },
                "up":    { "uv": [ 8.875, 5.96875, 8.46875, 5.5 ], "texture": "#main", "tintindex":0 },
                "down":  { "uv": [ 9.28125, 5.5, 8.875, 5.96875 ], "texture": "#main", "tintindex":0 }
            }
        },
        {
            "from": [ 5.6625, 4.51252, -7.64904 ],
            "to":   [ 10.3375, 8.33752, -1.27404 ],
            "rotation": { "angle": 22.5, "axis": "x", "origin": [8, 32.98289, 16.77029] },
            "faces": {
                "north": { "uv": [ 10.21875, 5.96875, 10.5625, 6.25 ], "texture": "#main", "tintindex":0 },
                "east":  { "uv": [ 9.75, 5.96875, 10.21875, 6.25 ], "texture": "#main", "tintindex":0 },
                "south": { "uv": [ 11.03125, 5.96875, 11.375, 6.25 ], "texture": "#main", "tintindex":0 },
                "west":  { "uv": [ 10.5625, 5.96875, 11.03125, 6.25 ], "texture": "#main", "tintindex":0 },
                "up":    { "uv": [ 10.5625, 5.96875, 10.21875, 5.5 ], "texture": "#main", "tintindex":0 },
                "down":  { "uv": [ 10.90625, 5.5, 10.5625, 5.96875 ], "texture": "#main", "tintindex":0 }
            }
        },
        {
            "from": [ 4.625, -3.43173, 5.72217 ],
            "to":   [ 6.375, 5.06827, 7.47217 ],
            "rotation": { "angle": 0, "axis": "x", "origin": [8, 9.34967, 3.9668] },
            "faces": {
                "north": { "uv": [ 12.46875, 5.71875, 12.6875, 6.78125 ], "texture": "#main", "tintindex":0 },
                "east":  { "uv": [ 12.25, 5.71875, 12.46875, 6.78125 ], "texture": "#main", "tintindex":0 },
                "south": { "uv": [ 12.90625, 5.71875, 13.125, 6.78125 ], "texture": "#main", "tintindex":0 },
                "west":  { "uv": [ 12.6875, 5.71875, 12.90625, 6.78125 ], "texture": "#main", "tintindex":0 },
                "up":    { "uv": [ 12.6875, 5.71875, 12.46875, 5.5 ], "texture": "#main", "tintindex":0 },
                "down":  { "uv": [ 12.90625, 5.5, 12.6875, 5.71875 ], "texture": "#main", "tintindex":0 }
            }
        },
        {
            "from": [ 4.625, -3.43173, 3.97217 ],
            "to":   [ 6.375, -2.18173, 5.72217 ],
            "rotation": { "angle": 0, "axis": "x", "origin": [8, 9.34967, 3.9668] },
            "faces": {
                "north": { "uv": [ 9.09375, 7, 9.3125, 7.15625 ], "texture": "#main", "tintindex":0 },
                "east":  { "uv": [ 8.875, 7, 9.09375, 7.15625 ], "texture": "#main", "tintindex":0 },
                "south": { "uv": [ 9.53125, 7, 9.75, 7.15625 ], "texture": "#main", "tintindex":0 },
                "west":  { "uv": [ 9.3125, 7, 9.53125, 7.15625 ], "texture": "#main", "tintindex":0 },
                "up":    { "uv": [ 9.3125, 7, 9.09375, 6.78125 ], "texture": "#main", "tintindex":0 },
                "down":  { "uv": [ 9.53125, 6.78125, 9.3125, 7 ], "texture": "#main", "tintindex":0 }
            }
        },
        {
            "from": [ 4.625, -3.43173, 3.72217 ],
            "to":   [ 6.375, -2.93173, 3.97217 ],
            "rotation": { "angle": 0, "axis": "x", "origin": [8, 9.34967, 3.9668] },
            "faces": {
                "north": { "uv": [ 10.78125, 6.8125, 11, 6.875 ], "texture": "#main", "tintindex":0 },
                "east":  { "uv": [ 10.75, 6.8125, 10.78125, 6.875 ], "texture": "#main", "tintindex":0 },
                "south": { "uv": [ 11.03125, 6.8125, 11.25, 6.875 ], "texture": "#main", "tintindex":0 },
                "west":  { "uv": [ 11, 6.8125, 11.03125, 6.875 ], "texture": "#main", "tintindex":0 },
                "up":    { "uv": [ 11, 6.8125, 10.78125, 6.78125 ], "texture": "#main", "tintindex":0 },
                "down":  { "uv": [ 11.21875, 6.78125, 11, 6.8125 ], "texture": "#main", "tintindex":0 }
            }
        },
        {
            "from": [ 3.875, 2.06827, 1.22217 ],
            "to":   [ 7.125, 9.06827, 6.97217 ],
            "rotation": { "angle": 0, "axis": "x", "origin": [8, 9.34967, 3.9668] },
            "faces": {
                "north": { "uv": [ 13.65625, 3.40625, 14.0625, 4.28125 ], "texture": "#main", "tintindex":0 },
                "east":  { "uv": [ 12.9375, 3.40625, 13.65625, 4.28125 ], "texture": "#main", "tintindex":0 },
                "south": { "uv": [ 14.78125, 3.40625, 15.1875, 4.28125 ], "texture": "#main", "tintindex":0 },
                "west":  { "uv": [ 14.0625, 3.40625, 14.78125, 4.28125 ], "texture": "#main", "tintindex":0 },
                "up":    { "uv": [ 14.0625, 3.40625, 13.65625, 2.6875 ], "texture": "#main", "tintindex":0 },
                "down":  { "uv": [ 14.46875, 2.6875, 14.0625, 3.40625 ], "texture": "#main", "tintindex":0 }
            }
        },
        {
            "from": [ 8.875, 2.06827, 1.22217 ],
            "to":   [ 12.125, 9.06827, 6.97217 ],
            "rotation": { "angle": 45, "axis": "x", "origin": [8, 9.34967, 3.9668] },
            "faces": {
                "north": { "uv": [ 11.40625, 3.40625, 11.8125, 4.28125 ], "texture": "#main", "tintindex":0 },
                "east":  { "uv": [ 10.6875, 3.40625, 11.40625, 4.28125 ], "texture": "#main", "tintindex":0 },
                "south": { "uv": [ 12.53125, 3.40625, 12.9375, 4.28125 ], "texture": "#main", "tintindex":0 },
                "west":  { "uv": [ 11.8125, 3.40625, 12.53125, 4.28125 ], "texture": "#main", "tintindex":0 },
                "up":    { "uv": [ 11.8125, 3.40625, 11.40625, 2.6875 ], "texture": "#main", "tintindex":0 },
                "down":  { "uv": [ 12.21875, 2.6875, 11.8125, 3.40625 ], "texture": "#main", "tintindex":0 }
            }
        },
        {
            "from": [ 9.625, -3.43173, 5.72217 ],
            "to":   [ 11.375, 5.06827, 7.47217 ],
            "rotation": { "angle": 45, "axis": "x", "origin": [8, 9.34967, 3.9668] },
            "faces": {
                "north": { "uv": [ 11.59375, 5.71875, 11.8125, 6.78125 ], "texture": "#main", "tintindex":0 },
                "east":  { "uv": [ 11.375, 5.71875, 11.59375, 6.78125 ], "texture": "#main", "tintindex":0 },
                "south": { "uv": [ 12.03125, 5.71875, 12.25, 6.78125 ], "texture": "#main", "tintindex":0 },
                "west":  { "uv": [ 11.8125, 5.71875, 12.03125, 6.78125 ], "texture": "#main", "tintindex":0 },
                "up":    { "uv": [ 11.8125, 5.71875, 11.59375, 5.5 ], "texture": "#main", "tintindex":0 },
                "down":  { "uv": [ 12.03125, 5.5, 11.8125, 5.71875 ], "texture": "#main", "tintindex":0 }
            }
        },
        {
            "from": [ 9.625, -3.43173, 3.97217 ],
            "to":   [ 11.375, -2.18173, 5.72217 ],
            "rotation": { "angle": 45, "axis": "x", "origin": [8, 9.34967, 3.9668] },
            "faces": {
                "north": { "uv": [ 8.21875, 7, 8.4375, 7.15625 ], "texture": "#main", "tintindex":0 },
                "east":  { "uv": [ 8, 7, 8.21875, 7.15625 ], "texture": "#main", "tintindex":0 },
                "south": { "uv": [ 8.65625, 7, 8.875, 7.15625 ], "texture": "#main", "tintindex":0 },
                "west":  { "uv": [ 8.4375, 7, 8.65625, 7.15625 ], "texture": "#main", "tintindex":0 },
                "up":    { "uv": [ 8.4375, 7, 8.21875, 6.78125 ], "texture": "#main", "tintindex":0 },
                "down":  { "uv": [ 8.65625, 6.78125, 8.4375, 7 ], "texture": "#main", "tintindex":0 }
            }
        },
        {
            "from": [ 9.625, -3.43173, 3.72217 ],
            "to":   [ 11.375, -2.93173, 3.97217 ],
            "rotation": { "angle": 45, "axis": "x", "origin": [8, 9.34967, 3.9668] },
            "faces": {
                "north": { "uv": [ 10.78125, 6.90625, 11, 6.96875 ], "texture": "#main", "tintindex":0 },
                "east":  { "uv": [ 10.75, 6.90625, 10.78125, 6.96875 ], "texture": "#main", "tintindex":0 },
                "south": { "uv": [ 11.03125, 6.90625, 11.25, 6.96875 ], "texture": "#main", "tintindex":0 },
                "west":  { "uv": [ 11, 6.90625, 11.03125, 6.96875 ], "texture": "#main", "tintindex":0 },
                "up":    { "uv": [ 11, 6.90625, 10.78125, 6.875 ], "texture": "#main", "tintindex":0 },
                "down":  { "uv": [ 11.21875, 6.875, 11, 6.90625 ], "texture": "#main", "tintindex":0 }
            }
        },
        {
            "from": [ 4.625, 1.96327, -6.68383 ],
            "to":   [ 5.625, 4.46327, -5.68383 ],
            "rotation": { "angle": 22.5, "axis": "x", "origin": [8, 2.49586, 3.53114] },
            "faces": {
                "north": { "uv": [ 10.375, 6.90625, 10.5, 7.21875 ], "texture": "#main", "tintindex":0 },
                "east":  { "uv": [ 10.25, 6.90625, 10.375, 7.21875 ], "texture": "#main", "tintindex":0 },
                "south": { "uv": [ 10.625, 6.90625, 10.75, 7.21875 ], "texture": "#main", "tintindex":0 },
                "west":  { "uv": [ 10.5, 6.90625, 10.625, 7.21875 ], "texture": "#main", "tintindex":0 },
                "up":    { "uv": [ 10.5, 6.90625, 10.375, 6.78125 ], "texture": "#main", "tintindex":0 },
                "down":  { "uv": [ 10.625, 6.78125, 10.5, 6.90625 ], "texture": "#main", "tintindex":0 }
            }
        },
        {
            "from": [ 10.375, 1.96327, -6.68383 ],
            "to":   [ 11.375, 4.46327, -5.68383 ],
            "rotation": { "angle": 22.5, "axis": "x", "origin": [8, 2.49586, 3.53114] },
            "faces": {
                "north": { "uv": [ 9.875, 6.90625, 10, 7.21875 ], "texture": "#main", "tintindex":0 },
                "east":  { "uv": [ 9.75, 6.90625, 9.875, 7.21875 ], "texture": "#main", "tintindex":0 },
                "south": { "uv": [ 10.125, 6.90625, 10.25, 7.21875 ], "texture": "#main", "tintindex":0 },
                "west":  { "uv": [ 10, 6.90625, 10.125, 7.21875 ], "texture": "#main", "tintindex":0 },
                "up":    { "uv": [ 10, 6.90625, 9.875, 6.78125 ], "texture": "#main", "tintindex":0 },
                "down":  { "uv": [ 10.125, 6.78125, 10, 6.90625 ], "texture": "#main", "tintindex":0 }
            }
        },
        {
            "from": [ 4.875, 2.96327, -8 ],
            "to":   [ 11.125, 10.96327, 5.5 ],
            "rotation": { "angle": 22.5, "axis": "x", "origin": [8, 2.49586, 3.53114] },
            "faces": {
                "north": { "uv": [ 9.6875, 1.6875, 10.46875, 2.6875 ], "texture": "#main", "tintindex":0 },
                "east":  { "uv": [ 8, 1.6875, 9.6875, 2.6875 ], "texture": "#main", "tintindex":0 },
                "south": { "uv": [ 12.15625, 1.6875, 12.9375, 2.6875 ], "texture": "#main", "tintindex":0 },
                "west":  { "uv": [ 10.46875, 1.6875, 12.15625, 2.6875 ], "texture": "#main", "tintindex":0 },
                "up":    { "uv": [ 10.46875, 1.6875, 9.6875, 0 ], "texture": "#main", "tintindex":0 },
                "down":  { "uv": [ 11.25, 0, 10.46875, 1.6875 ], "texture": "#main", "tintindex":0 }
            }
        },
        {
            "from": [ 6.375, 5.26363, 1.23647 ],
            "to":   [ 9.625, 8.51363, 8.73647 ],
            "rotation": { "angle": 22.5, "axis": "x", "origin": [8, -27.67016, 3.93194] },
            "faces": {
                "north": { "uv": [ 8.9375, 3.625, 9.34375, 4.03125 ], "texture": "#main", "tintindex":0 },
                "east":  { "uv": [ 8, 3.625, 8.9375, 4.03125 ], "texture": "#main", "tintindex":0 },
                "south": { "uv": [ 10.28125, 3.625, 10.6875, 4.03125 ], "texture": "#main", "tintindex":0 },
                "west":  { "uv": [ 9.34375, 3.625, 10.28125, 4.03125 ], "texture": "#main", "tintindex":0 },
                "up":    { "uv": [ 9.34375, 3.625, 8.9375, 2.6875 ], "texture": "#main", "tintindex":0 },
                "down":  { "uv": [ 9.75, 2.6875, 9.34375, 3.625 ], "texture": "#main", "tintindex":0 }
            }
        },
        {
            "from": [ 5.625, 4.5217, -1.53655 ],
            "to":   [ 10.375, 9.7717, 5.71345 ],
            "rotation": { "angle": 22.5, "axis": "x", "origin": [8, -15.78748, 3.00806] },
            "faces": {
                "north": { "uv": [ 13.84375, 0.90625, 14.4375, 1.5625 ], "texture": "#main", "tintindex":0 },
                "east":  { "uv": [ 12.9375, 0.90625, 13.84375, 1.5625 ], "texture": "#main", "tintindex":0 },
                "south": { "uv": [ 15.34375, 0.90625, 15.9375, 1.5625 ], "texture": "#main", "tintindex":0 },
                "west":  { "uv": [ 14.4375, 0.90625, 15.34375, 1.5625 ], "texture": "#main", "tintindex":0 },
                "up":    { "uv": [ 14.4375, 0.90625, 13.84375, 0 ], "texture": "#main", "tintindex":0 },
                "down":  { "uv": [ 15.03125, 0, 14.4375, 0.90625 ], "texture": "#main", "tintindex":0 }
            }
        },
        {
            "from": [ 7.125, 5.50765, 2.4222 ],
            "to":   [ 8.875, 7.25765, 10.4222 ],
            "rotation": { "angle": 22.5, "axis": "x", "origin": [8, -44.17016, 3.93194] },
            "faces": {
                "north": { "uv": [ 9, 5.28125, 9.21875, 5.5 ], "texture": "#main", "tintindex":0 },
                "east":  { "uv": [ 8, 5.28125, 9, 5.5 ], "texture": "#main", "tintindex":0 },
                "south": { "uv": [ 10.21875, 5.28125, 10.4375, 5.5 ], "texture": "#main", "tintindex":0 },
                "west":  { "uv": [ 9.21875, 5.28125, 10.21875, 5.5 ], "texture": "#main", "tintindex":0 },
                "up":    { "uv": [ 9.21875, 5.28125, 9, 4.28125 ], "texture": "#main", "tintindex":0 },
                "down":  { "uv": [ 9.4375, 4.28125, 9.21875, 5.28125 ], "texture": "#main", "tintindex":0 }
            }
        },
        {
            "from": [ 6.625, 2.90721, -4.48337 ],
            "to":   [ 9.375, 7.40721, -0.48337 ],
            "rotation": { "angle": 22.5, "axis": "x", "origin": [8, 19.99586, 13.03114] },
            "faces": {
                "north": { "uv": [ 4.75, 12.78125, 5.09375, 13.34375 ], "texture": "#main", "tintindex":0 },
                "east":  { "uv": [ 4.25, 12.78125, 4.75, 13.34375 ], "texture": "#main", "tintindex":0 },
                "south": { "uv": [ 5.59375, 12.78125, 5.9375, 13.34375 ], "texture": "#main", "tintindex":0 },
                "west":  { "uv": [ 5.09375, 12.78125, 5.59375, 13.34375 ], "texture": "#main", "tintindex":0 },
                "up":    { "uv": [ 5.09375, 12.78125, 4.75, 12.28125 ], "texture": "#main", "tintindex":0 },
                "down":  { "uv": [ 5.4375, 12.28125, 5.09375, 12.78125 ], "texture": "#main", "tintindex":0 }
            }
        },
        {
            "from": [ 4.8125, 3.82259, -0.9253 ],
            "to":   [ 11.1875, 12.32259, 5.0247 ],
            "rotation": { "angle": 22.5, "axis": "x", "origin": [8, 33.99295, 16.55294] },
            "faces": {
                "north": { "uv": [ 2.875, 12.71875, 3.34375, 13.34375 ], "texture": "#main", "tintindex":0 },
                "east":  { "uv": [ 2.4375, 12.71875, 2.875, 13.34375 ], "texture": "#main", "tintindex":0 },
                "south": { "uv": [ 3.78125, 12.71875, 4.25, 13.34375 ], "texture": "#main", "tintindex":0 },
                "west":  { "uv": [ 3.34375, 12.71875, 3.78125, 13.34375 ], "texture": "#main", "tintindex":0 },
                "up":    { "uv": [ 3.34375, 12.71875, 2.875, 12.28125 ], "texture": "#main", "tintindex":0 },
                "down":  { "uv": [ 3.8125, 12.28125, 3.34375, 12.71875 ], "texture": "#main", "tintindex":0 }
            }
        },
        {
            "from": [ 5.2375, 7.09576, -6.98737 ],
            "to":   [ 10.7625, 11.34576, -0.61237 ],
            "rotation": { "angle": 22.5, "axis": "x", "origin": [8, 34.71613, 17.0282] },
            "faces": {
                "north": { "uv": [ 0.46875, 13.96875, 0.875, 14.28125 ], "texture": "#main", "tintindex":0 },
                "east":  { "uv": [ 0, 13.96875, 0.46875, 14.28125 ], "texture": "#main", "tintindex":0 },
                "south": { "uv": [ 1.34375, 13.96875, 1.75, 14.28125 ], "texture": "#main", "tintindex":0 },
                "west":  { "uv": [ 0.875, 13.96875, 1.34375, 14.28125 ], "texture": "#main", "tintindex":0 },
                "up":    { "uv": [ 0.875, 13.96875, 0.46875, 13.5 ], "texture": "#main", "tintindex":0 },
                "down":  { "uv": [ 1.28125, 13.5, 0.875, 13.96875 ], "texture": "#main", "tintindex":0 }
            }
        },
        {
            "from": [ 5.6625, 4.51252, -7.64904 ],
            "to":   [ 10.3375, 8.33752, -1.27404 ],
            "rotation": { "angle": 22.5, "axis": "x", "origin": [8, 32.98289, 16.77029] },
            "faces": {
                "north": { "uv": [ 2.21875, 13.96875, 2.5625, 14.25 ], "texture": "#main", "tintindex":0 },
                "east":  { "uv": [ 1.75, 13.96875, 2.21875, 14.25 ], "texture": "#main", "tintindex":0 },
                "south": { "uv": [ 3.03125, 13.96875, 3.375, 14.25 ], "texture": "#main", "tintindex":0 },
                "west":  { "uv": [ 2.5625, 13.96875, 3.03125, 14.25 ], "texture": "#main", "tintindex":0 },
                "up":    { "uv": [ 2.5625, 13.96875, 2.21875, 13.5 ], "texture": "#main", "tintindex":0 },
                "down":  { "uv": [ 2.90625, 13.5, 2.5625, 13.96875 ], "texture": "#main", "tintindex":0 }
            }
        },
        {
            "from": [ 4.625, 5.84429, -8.81461 ],
            "to":   [ 6.375, 7.59429, -0.31461 ],
            "rotation": { "angle": -45, "axis": "x", "origin": [8, 9.34967, 3.9668] },
            "faces": {
                "north": { "uv": [ 4.90625, 13.5, 4.6875, 13.71875 ], "rotation":180, "texture": "#main", "tintindex":0 },
                "east":  { "uv": [ 4.25, 13.71875, 4.46875, 14.78125 ], "rotation":270, "texture": "#main", "tintindex":0 },
                "south": { "uv": [ 4.6875, 13.71875, 4.46875, 13.5 ], "texture": "#main", "tintindex":0 },
                "west":  { "uv": [ 4.6875, 13.71875, 4.90625, 14.78125 ], "rotation":90, "texture": "#main", "tintindex":0 },
                "up":    { "uv": [ 4.46875, 13.71875, 4.6875, 14.78125 ], "rotation":180, "texture": "#main", "tintindex":0 },
                "down":  { "uv": [ 4.90625, 13.71875, 5.125, 14.78125 ], "texture": "#main", "tintindex":0 }
            }
        },
        {
            "from": [ 4.625, 7.59429, -8.81461 ],
            "to":   [ 6.375, 9.34429, -7.56461 ],
            "rotation": { "angle": -45, "axis": "x", "origin": [8, 9.34967, 3.9668] },
            "faces": {
                "north": { "uv": [ 1.53125, 14.78125, 1.3125, 15 ], "rotation":180, "texture": "#main", "tintindex":0 },
                "east":  { "uv": [ 0.875, 15, 1.09375, 15.15625 ], "rotation":270, "texture": "#main", "tintindex":0 },
                "south": { "uv": [ 1.3125, 15, 1.09375, 14.78125 ], "texture": "#main", "tintindex":0 },
                "west":  { "uv": [ 1.3125, 15, 1.53125, 15.15625 ], "rotation":90, "texture": "#main", "tintindex":0 },
                "up":    { "uv": [ 1.09375, 15, 1.3125, 15.15625 ], "rotation":180, "texture": "#main", "tintindex":0 },
                "down":  { "uv": [ 1.53125, 15, 1.75, 15.15625 ], "texture": "#main", "tintindex":0 }
            }
        },
        {
            "from": [ 4.625, 9.34429, -8.81461 ],
            "to":   [ 6.375, 9.59429, -8.31461 ],
            "rotation": { "angle": -45, "axis": "x", "origin": [8, 9.34967, 3.9668] },
            "faces": {
                "north": { "uv": [ 3.21875, 14.78125, 3, 14.8125 ], "rotation":180, "texture": "#main", "tintindex":0 },
                "east":  { "uv": [ 2.75, 14.8125, 2.78125, 14.875 ], "rotation":270, "texture": "#main", "tintindex":0 },
                "south": { "uv": [ 3, 14.8125, 2.78125, 14.78125 ], "texture": "#main", "tintindex":0 },
                "west":  { "uv": [ 3, 14.8125, 3.03125, 14.875 ], "rotation":90, "texture": "#main", "tintindex":0 },
                "up":    { "uv": [ 2.78125, 14.8125, 3, 14.875 ], "rotation":180, "texture": "#main", "tintindex":0 },
                "down":  { "uv": [ 3.03125, 14.8125, 3.25, 14.875 ], "texture": "#main", "tintindex":0 }
            }
        },
        {
            "from": [ 3.875, 6.34429, -3.31461 ],
            "to":   [ 7.125, 12.09429, 3.68539 ],
            "rotation": { "angle": -45, "axis": "x", "origin": [8, 9.34967, 3.9668] },
            "faces": {
                "north": { "uv": [ 6.46875, 10.6875, 6.0625, 11.40625 ], "rotation":180, "texture": "#main", "tintindex":0 },
                "east":  { "uv": [ 4.9375, 11.40625, 5.65625, 12.28125 ], "rotation":270, "texture": "#main", "tintindex":0 },
                "south": { "uv": [ 6.0625, 11.40625, 5.65625, 10.6875 ], "texture": "#main", "tintindex":0 },
                "west":  { "uv": [ 6.0625, 11.40625, 6.78125, 12.28125 ], "rotation":90, "texture": "#main", "tintindex":0 },
                "up":    { "uv": [ 5.65625, 11.40625, 6.0625, 12.28125 ], "rotation":180, "texture": "#main", "tintindex":0 },
                "down":  { "uv": [ 6.78125, 11.40625, 7.1875, 12.28125 ], "texture": "#main", "tintindex":0 }
            }
        },
        {
            "from": [ 8.875, 2.06827, 1.22217 ],
            "to":   [ 12.125, 9.06827, 6.97217 ],
            "rotation": { "angle": 0, "axis": "x", "origin": [8, 9.34967, 3.9668] },
            "faces": {
                "north": { "uv": [ 3.40625, 11.40625, 3.8125, 12.28125 ], "texture": "#main", "tintindex":0 },
                "east":  { "uv": [ 2.6875, 11.40625, 3.40625, 12.28125 ], "texture": "#main", "tintindex":0 },
                "south": { "uv": [ 4.53125, 11.40625, 4.9375, 12.28125 ], "texture": "#main", "tintindex":0 },
                "west":  { "uv": [ 3.8125, 11.40625, 4.53125, 12.28125 ], "texture": "#main", "tintindex":0 },
                "up":    { "uv": [ 3.8125, 11.40625, 3.40625, 10.6875 ], "texture": "#main", "tintindex":0 },
                "down":  { "uv": [ 4.21875, 10.6875, 3.8125, 11.40625 ], "texture": "#main", "tintindex":0 }
            }
        },
        {
            "from": [ 9.625, -3.43173, 5.72217 ],
            "to":   [ 11.375, 5.06827, 7.47217 ],
            "rotation": { "angle": 0, "axis": "x", "origin": [8, 9.34967, 3.9668] },
            "faces": {
                "north": { "uv": [ 3.59375, 13.71875, 3.8125, 14.78125 ], "texture": "#main", "tintindex":0 },
                "east":  { "uv": [ 3.375, 13.71875, 3.59375, 14.78125 ], "texture": "#main", "tintindex":0 },
                "south": { "uv": [ 4.03125, 13.71875, 4.25, 14.78125 ], "texture": "#main", "tintindex":0 },
                "west":  { "uv": [ 3.8125, 13.71875, 4.03125, 14.78125 ], "texture": "#main", "tintindex":0 },
                "up":    { "uv": [ 3.8125, 13.71875, 3.59375, 13.5 ], "texture": "#main", "tintindex":0 },
                "down":  { "uv": [ 4.03125, 13.5, 3.8125, 13.71875 ], "texture": "#main", "tintindex":0 }
            }
        },
        {
            "from": [ 9.625, -3.43173, 3.97217 ],
            "to":   [ 11.375, -2.18173, 5.72217 ],
            "rotation": { "angle": 0, "axis": "x", "origin": [8, 9.34967, 3.9668] },
            "faces": {
                "north": { "uv": [ 0.21875, 15, 0.4375, 15.15625 ], "texture": "#main", "tintindex":0 },
                "east":  { "uv": [ 0, 15, 0.21875, 15.15625 ], "texture": "#main", "tintindex":0 },
                "south": { "uv": [ 0.65625, 15, 0.875, 15.15625 ], "texture": "#main", "tintindex":0 },
                "west":  { "uv": [ 0.4375, 15, 0.65625, 15.15625 ], "texture": "#main", "tintindex":0 },
                "up":    { "uv": [ 0.4375, 15, 0.21875, 14.78125 ], "texture": "#main", "tintindex":0 },
                "down":  { "uv": [ 0.65625, 14.78125, 0.4375, 15 ], "texture": "#main", "tintindex":0 }
            }
        },
        {
            "from": [ 9.625, -3.43173, 3.72217 ],
            "to":   [ 11.375, -2.93173, 3.97217 ],
            "rotation": { "angle": 0, "axis": "x", "origin": [8, 9.34967, 3.9668] },
            "faces": {
                "north": { "uv": [ 2.78125, 14.90625, 3, 14.96875 ], "texture": "#main", "tintindex":0 },
                "east":  { "uv": [ 2.75, 14.90625, 2.78125, 14.96875 ], "texture": "#main", "tintindex":0 },
                "south": { "uv": [ 3.03125, 14.90625, 3.25, 14.96875 ], "texture": "#main", "tintindex":0 },
                "west":  { "uv": [ 3, 14.90625, 3.03125, 14.96875 ], "texture": "#main", "tintindex":0 },
                "up":    { "uv": [ 3, 14.90625, 2.78125, 14.875 ], "texture": "#main", "tintindex":0 },
                "down":  { "uv": [ 3.21875, 14.875, 3, 14.90625 ], "texture": "#main", "tintindex":0 }
            }
        },
        {
            "from": [ 4.625, 1.96327, -6.68383 ],
            "to":   [ 5.625, 4.46327, -5.68383 ],
            "rotation": { "angle": 22.5, "axis": "x", "origin": [8, 2.49586, 3.53114] },
            "faces": {
                "north": { "uv": [ 2.375, 14.90625, 2.5, 15.21875 ], "texture": "#main", "tintindex":0 },
                "east":  { "uv": [ 2.25, 14.90625, 2.375, 15.21875 ], "texture": "#main", "tintindex":0 },
                "south": { "uv": [ 2.625, 14.90625, 2.75, 15.21875 ], "texture": "#main", "tintindex":0 },
                "west":  { "uv": [ 2.5, 14.90625, 2.625, 15.21875 ], "texture": "#main", "tintindex":0 },
                "up":    { "uv": [ 2.5, 14.90625, 2.375, 14.78125 ], "texture": "#main", "tintindex":0 },
                "down":  { "uv": [ 2.625, 14.78125, 2.5, 14.90625 ], "texture": "#main", "tintindex":0 }
            }
        },
        {
            "from": [ 10.375, 1.96327, -6.68383 ],
            "to":   [ 11.375, 4.46327, -5.68383 ],
            "rotation": { "angle": 22.5, "axis": "x", "origin": [8, 2.49586, 3.53114] },
            "faces": {
                "north": { "uv": [ 1.875, 14.90625, 2, 15.21875 ], "texture": "#main", "tintindex":0 },
                "east":  { "uv": [ 1.75, 14.90625, 1.875, 15.21875 ], "texture": "#main", "tintindex":0 },
                "south": { "uv": [ 2.125, 14.90625, 2.25, 15.21875 ], "texture": "#main", "tintindex":0 },
                "west":  { "uv": [ 2, 14.90625, 2.125, 15.21875 ], "texture": "#main", "tintindex":0 },
                "up":    { "uv": [ 2, 14.90625, 1.875, 14.78125 ], "texture": "#main", "tintindex":0 },
                "down":  { "uv": [ 2.125, 14.78125, 2, 14.90625 ], "texture": "#main", "tintindex":0 }
            }
        },
        {
            "from": [ 4.875, 2.96327, -8 ],
            "to":   [ 11.125, 10.96327, 5.5 ],
            "rotation": { "angle": 22.5, "axis": "x", "origin": [8, 2.49586, 3.53114] },
            "faces": {
                "north": { "uv": [ 1.6875, 9.6875, 2.46875, 10.6875 ], "texture": "#main", "tintindex":0 },
                "east":  { "uv": [ 0, 9.6875, 1.6875, 10.6875 ], "texture": "#main", "tintindex":0 },
                "south": { "uv": [ 4.15625, 9.6875, 4.9375, 10.6875 ], "texture": "#main", "tintindex":0 },
                "west":  { "uv": [ 2.46875, 9.6875, 4.15625, 10.6875 ], "texture": "#main", "tintindex":0 },
                "up":    { "uv": [ 2.46875, 9.6875, 1.6875, 8 ], "texture": "#main", "tintindex":0 },
                "down":  { "uv": [ 3.25, 8, 2.46875, 9.6875 ], "texture": "#main", "tintindex":0 }
            }
        },
        {
            "from": [ 6.375, 5.26363, 1.23647 ],
            "to":   [ 9.625, 8.51363, 8.73647 ],
            "rotation": { "angle": 22.5, "axis": "x", "origin": [8, -27.67016, 3.93194] },
            "faces": {
                "north": { "uv": [ 0.9375, 11.625, 1.34375, 12.03125 ], "texture": "#main", "tintindex":0 },
                "east":  { "uv": [ 0, 11.625, 0.9375, 12.03125 ], "texture": "#main", "tintindex":0 },
                "south": { "uv": [ 2.28125, 11.625, 2.6875, 12.03125 ], "texture": "#main", "tintindex":0 },
                "west":  { "uv": [ 1.34375, 11.625, 2.28125, 12.03125 ], "texture": "#main", "tintindex":0 },
                "up":    { "uv": [ 1.34375, 11.625, 0.9375, 10.6875 ], "texture": "#main", "tintindex":0 },
                "down":  { "uv": [ 1.75, 10.6875, 1.34375, 11.625 ], "texture": "#main", "tintindex":0 }
            }
        },
        {
            "from": [ 5.625, 4.5217, -1.53655 ],
            "to":   [ 10.375, 9.7717, 5.71345 ],
            "rotation": { "angle": 22.5, "axis": "x", "origin": [8, -15.78748, 3.00806] },
            "faces": {
                "north": { "uv": [ 5.84375, 8.90625, 6.4375, 9.5625 ], "texture": "#main", "tintindex":0 },
                "east":  { "uv": [ 4.9375, 8.90625, 5.84375, 9.5625 ], "texture": "#main", "tintindex":0 },
                "south": { "uv": [ 7.34375, 8.90625, 7.9375, 9.5625 ], "texture": "#main", "tintindex":0 },
                "west":  { "uv": [ 6.4375, 8.90625, 7.34375, 9.5625 ], "texture": "#main", "tintindex":0 },
                "up":    { "uv": [ 6.4375, 8.90625, 5.84375, 8 ], "texture": "#main", "tintindex":0 },
                "down":  { "uv": [ 7.03125, 8, 6.4375, 8.90625 ], "texture": "#main", "tintindex":0 }
            }
        },
        {
            "from": [ 7.125, 5.50765, 2.4222 ],
            "to":   [ 8.875, 7.25765, 10.4222 ],
            "rotation": { "angle": 22.5, "axis": "x", "origin": [8, -44.17016, 3.93194] },
            "faces": {
                "north": { "uv": [ 1, 13.28125, 1.21875, 13.5 ], "texture": "#main", "tintindex":0 },
                "east":  { "uv": [ 0, 13.28125, 1, 13.5 ], "texture": "#main", "tintindex":0 },
                "south": { "uv": [ 2.21875, 13.28125, 2.4375, 13.5 ], "texture": "#main", "tintindex":0 },
                "west":  { "uv": [ 1.21875, 13.28125, 2.21875, 13.5 ], "texture": "#main", "tintindex":0 },
                "up":    { "uv": [ 1.21875, 13.28125, 1, 12.28125 ], "texture": "#main", "tintindex":0 },
                "down":  { "uv": [ 1.4375, 12.28125, 1.21875, 13.28125 ], "texture": "#main", "tintindex":0 }
            }
        }
    ],
    "display": {
        "ground": {
            "rotation": [ -157.5, 0, -180 ],
            "translation": [ 0, 8.35, 0 ],
            "scale": [ 2, 2, 2 ]
        },
        "head": {
            "rotation": [ -22.5, 0, 0 ],
            "translation": [ 29.5, -11.5, 11.75 ],
            "scale": [ 2.6, 2.6, 2.6 ]
        },
        "fixed": {
            "rotation": [ -67, 0, 0 ],
            "translation": [ 0, -0.5, -79 ],
            "scale": [ 4, 4, 4 ]
        }
    },
    "groups": [
        {
            "name": "Entire",
            "origin": [
                0,
                0,
                0
            ],
            "children": [
                {
                    "name": "Head",
                    "origin": [
                        8,
                        4.40733,
                        -8.74546
                    ],
                    "children": [
                        0,
                        1,
                        2,
                        3
                    ]
                },
                {
                    "name": "Limbs",
                    "origin": [
                        1,
                        0.875,
                        -9
                    ],
                    "children": [
                        4,
                        5,
                        6,
                        7,
                        8,
                        9,
                        10,
                        11,
                        12,
                        13
                    ]
                },
                {
                    "name": "Body",
                    "origin": [
                        -4.5,
                        0.875,
                        -9
                    ],
                    "children": [
                        14,
                        15,
                        16,
                        17
                    ]
                }
            ]
        }
    ],
    "__comment": "Model animated using Fizzy's model animator - http://fizzy81.github.io/animated-models/"
}
