{
    "texture_size": [
        128,
        128
    ],
    "textures": {
        "main": "dnd:entity/baby/concavenator_walking"
    },
    "elements": [
        {
            "from": [ 5.99964, 9, -7 ],
            "to":   [ 9.99964, 14.5, 6 ],
            "rotation": { "angle": 22.5, "axis": "x", "origin": [7.99995, 2.65625, -7.49531] },
            "faces": {
                "north": { "uv": [ 1.625, 1.625, 2.125, 2.3125 ], "texture": "#main", "tintindex":0 },
                "east":  { "uv": [ 0, 1.625, 1.625, 2.3125 ], "texture": "#main", "tintindex":0 },
                "south": { "uv": [ 3.75, 1.625, 4.25, 2.3125 ], "texture": "#main", "tintindex":0 },
                "west":  { "uv": [ 2.125, 1.625, 3.75, 2.3125 ], "texture": "#main", "tintindex":0 },
                "up":    { "uv": [ 2.125, 1.625, 1.625, 0 ], "texture": "#main", "tintindex":0 },
                "down":  { "uv": [ 2.625, 0, 2.125, 1.625 ], "texture": "#main", "tintindex":0 }
            }
        },
        {
            "from": [ 6.49964, 9.39626, 0.45109 ],
            "to":   [ 9.49964, 13.39626, 11.45109 ],
            "rotation": { "angle": 22.5, "axis": "x", "origin": [7.99995, -11.84375, -7.49531] },
            "faces": {
                "north": { "uv": [ 1.375, 4.9375, 1.75, 5.4375 ], "texture": "#main", "tintindex":0 },
                "east":  { "uv": [ 0, 4.9375, 1.375, 5.4375 ], "texture": "#main", "tintindex":0 },
                "south": { "uv": [ 3.125, 4.9375, 3.5, 5.4375 ], "texture": "#main", "tintindex":0 },
                "west":  { "uv": [ 1.75, 4.9375, 3.125, 5.4375 ], "texture": "#main", "tintindex":0 },
                "up":    { "uv": [ 1.75, 4.9375, 1.375, 3.5625 ], "texture": "#main", "tintindex":0 },
                "down":  { "uv": [ 2.125, 3.5625, 1.75, 4.9375 ], "texture": "#main", "tintindex":0 }
            }
        },
        {
            "from": [ 6.99964, 8.2701, -1.75149 ],
            "to":   [ 8.99964, 10.7701, 12.24851 ],
            "rotation": { "angle": 22.5, "axis": "x", "origin": [7.99995, -46.34375, -7.49531] },
            "faces": {
                "north": { "uv": [ 3.875, 4.0625, 4.125, 4.375 ], "texture": "#main", "tintindex":0 },
                "east":  { "uv": [ 2.125, 4.0625, 3.875, 4.375 ], "texture": "#main", "tintindex":0 },
                "south": { "uv": [ 5.875, 4.0625, 6.125, 4.375 ], "texture": "#main", "tintindex":0 },
                "west":  { "uv": [ 4.125, 4.0625, 5.875, 4.375 ], "texture": "#main", "tintindex":0 },
                "up":    { "uv": [ 4.125, 4.0625, 3.875, 2.3125 ], "texture": "#main", "tintindex":0 },
                "down":  { "uv": [ 4.375, 2.3125, 4.125, 4.0625 ], "texture": "#main", "tintindex":0 }
            }
        },
        {
            "from": [ 7.99964, 10.7701, -4.25149 ],
            "to":   [ 8.00464, 15.7701, 11.24851 ],
            "rotation": { "angle": 22.5, "axis": "x", "origin": [7.99995, -46.34375, -7.49531] },
            "faces": {
                "north": { "uv": [ 1.9375, 2.9375, 1.9375, 3.5625 ], "texture": "#main", "tintindex":0 },
                "east":  { "uv": [ 0, 2.9375, 1.9375, 3.5625 ], "texture": "#main", "tintindex":0 },
                "south": { "uv": [ 3.875, 2.9375, 3.875, 3.5625 ], "texture": "#main", "tintindex":0 },
                "west":  { "uv": [ 1.9375, 2.9375, 3.875, 3.5625 ], "texture": "#main", "tintindex":0 },
                "up":    { "uv": [ 1.9375, 2.9375, 1.9375, 1 ], "texture": "#main", "tintindex":0 },
                "down":  { "uv": [ 1.9375, 1, 1.9375, 2.9375 ], "texture": "#main", "tintindex":0 }
            }
        },
        {
            "from": [ 7.99964, 13.79765, -6.46907 ],
            "to":   [ 8.00464, 18.79765, 9.03093 ],
            "rotation": { "angle": 22.5, "axis": "x", "origin": [7.99995, -11.44235, -8.46438] },
            "faces": {
                "north": { "uv": [ 1.9375, 2.3125, 1.9375, 2.9375 ], "texture": "#main", "tintindex":0 },
                "east":  { "uv": [ 0, 2.3125, 1.9375, 2.9375 ], "texture": "#main", "tintindex":0 },
                "south": { "uv": [ 3.875, 2.3125, 3.875, 2.9375 ], "texture": "#main", "tintindex":0 },
                "west":  { "uv": [ 1.9375, 2.3125, 3.875, 2.9375 ], "texture": "#main", "tintindex":0 },
                "up":    { "uv": [ 1.9375, 2.3125, 1.9375, 0.375 ], "texture": "#main", "tintindex":0 },
                "down":  { "uv": [ 1.9375, 0.375, 1.9375, 2.3125 ], "texture": "#main", "tintindex":0 }
            }
        },
        {
            "from": [ 6.99964, 15.27221, -4.97 ],
            "to":   [ 8.99964, 21.77221, -1.97 ],
            "rotation": { "angle": 22.5, "axis": "x", "origin": [7.99964, 15.17245, -17.47606] },
            "faces": {
                "north": { "uv": [ 0.375, 3.9375, 0.625, 4.75 ], "texture": "#main", "tintindex":0 },
                "east":  { "uv": [ 0, 3.9375, 0.375, 4.75 ], "texture": "#main", "tintindex":0 },
                "south": { "uv": [ 1, 3.9375, 1.25, 4.75 ], "texture": "#main", "tintindex":0 },
                "west":  { "uv": [ 0.625, 3.9375, 1, 4.75 ], "texture": "#main", "tintindex":0 },
                "up":    { "uv": [ 0.625, 3.9375, 0.375, 3.5625 ], "texture": "#main", "tintindex":0 },
                "down":  { "uv": [ 0.875, 3.5625, 0.625, 3.9375 ], "texture": "#main", "tintindex":0 }
            }
        },
        {
            "from": [ 5.45, 12.63775, -5.61149 ],
            "to":   [ 10.55, 19.43775, 2.03851 ],
            "rotation": { "angle": 22.5, "axis": "x", "origin": [8, 25.79317, -4.70929] },
            "faces": {
                "north": { "uv": [ 4.0625, 4.9375, 4.4375, 5.4375 ], "texture": "#main", "tintindex":0 },
                "east":  { "uv": [ 3.5, 4.9375, 4.0625, 5.4375 ], "texture": "#main", "tintindex":0 },
                "south": { "uv": [ 5, 4.9375, 5.375, 5.4375 ], "texture": "#main", "tintindex":0 },
                "west":  { "uv": [ 4.4375, 4.9375, 5, 5.4375 ], "texture": "#main", "tintindex":0 },
                "up":    { "uv": [ 4.4375, 4.9375, 4.0625, 4.375 ], "texture": "#main", "tintindex":0 },
                "down":  { "uv": [ 4.8125, 4.375, 4.4375, 4.9375 ], "texture": "#main", "tintindex":0 }
            }
        },
        {
            "from": [ 6.3, 14.33775, -10.71149 ],
            "to":   [ 9.7, 20.28775, -3.06149 ],
            "rotation": { "angle": 22.5, "axis": "x", "origin": [8, 25.79317, -4.70929] },
            "faces": {
                "north": { "uv": [ 0.5625, 0.5625, 0.8125, 1 ], "texture": "#main", "tintindex":0 },
                "east":  { "uv": [ 0, 0.5625, 0.5625, 1 ], "texture": "#main", "tintindex":0 },
                "south": { "uv": [ 1.375, 0.5625, 1.625, 1 ], "texture": "#main", "tintindex":0 },
                "west":  { "uv": [ 0.8125, 0.5625, 1.375, 1 ], "texture": "#main", "tintindex":0 },
                "up":    { "uv": [ 0.8125, 0.5625, 0.5625, 0 ], "texture": "#main", "tintindex":0 },
                "down":  { "uv": [ 1.0625, 0, 0.8125, 0.5625 ], "texture": "#main", "tintindex":0 }
            }
        },
        {
            "from": [ 5.49964, 5.5, -5.5 ],
            "to":   [ 6.99964, 10, -4 ],
            "rotation": { "angle": 22.5, "axis": "x", "origin": [7.99995, 2.65625, -7.49531] },
            "faces": {
                "north": { "uv": [ 4.5625, 0.1875, 4.75, 0.75 ], "texture": "#main", "tintindex":0 },
                "east":  { "uv": [ 4.375, 0.1875, 4.5625, 0.75 ], "texture": "#main", "tintindex":0 },
                "south": { "uv": [ 4.9375, 0.1875, 5.125, 0.75 ], "texture": "#main", "tintindex":0 },
                "west":  { "uv": [ 4.75, 0.1875, 4.9375, 0.75 ], "texture": "#main", "tintindex":0 },
                "up":    { "uv": [ 4.75, 0.1875, 4.5625, 0 ], "texture": "#main", "tintindex":0 },
                "down":  { "uv": [ 4.9375, 0, 4.75, 0.1875 ], "texture": "#main", "tintindex":0 }
            }
        },
        {
            "from": [ 8.99964, 5.5, -5.5 ],
            "to":   [ 10.49964, 10, -4 ],
            "shade": false,
            "rotation": { "angle": 22.5, "axis": "x", "origin": [7.99995, 2.65625, -7.49531] },
            "faces": {
                "north": { "uv": [ 4.75, 0.1875, 4.5625, 0.75 ], "texture": "#main", "tintindex":0 },
                "east":  { "uv": [ 4.9375, 0.1875, 4.75, 0.75 ], "texture": "#main", "tintindex":0 },
                "south": { "uv": [ 5.125, 0.1875, 4.9375, 0.75 ], "texture": "#main", "tintindex":0 },
                "west":  { "uv": [ 4.5625, 0.1875, 4.375, 0.75 ], "texture": "#main", "tintindex":0 },
                "up":    { "uv": [ 4.5625, 0.1875, 4.75, 0 ], "texture": "#main", "tintindex":0 },
                "down":  { "uv": [ 4.75, 0, 4.9375, 0.1875 ], "texture": "#main", "tintindex":0 }
            }
        },
        {
            "from": [ 4.99964, 6.5, 0.5125 ],
            "to":   [ 7.49964, 12.5, 5.0125 ],
            "rotation": { "angle": 22.5, "axis": "x", "origin": [7.99995, 2.65625, -7.49531] },
            "faces": {
                "north": { "uv": [ 3.1875, 0.5625, 3.5, 1.3125 ], "texture": "#main", "tintindex":0 },
                "east":  { "uv": [ 2.625, 0.5625, 3.1875, 1.3125 ], "texture": "#main", "tintindex":0 },
                "south": { "uv": [ 4.0625, 0.5625, 4.375, 1.3125 ], "texture": "#main", "tintindex":0 },
                "west":  { "uv": [ 3.5, 0.5625, 4.0625, 1.3125 ], "texture": "#main", "tintindex":0 },
                "up":    { "uv": [ 3.5, 0.5625, 3.1875, 0 ], "texture": "#main", "tintindex":0 },
                "down":  { "uv": [ 3.8125, 0, 3.5, 0.5625 ], "texture": "#main", "tintindex":0 }
            }
        },
        {
            "from": [ 8.49964, 6.5, 0.5125 ],
            "to":   [ 10.99964, 12.5, 5.0125 ],
            "shade": false,
            "rotation": { "angle": 22.5, "axis": "x", "origin": [7.99995, 2.65625, -7.49531] },
            "faces": {
                "north": { "uv": [ 3.5, 0.5625, 3.1875, 1.3125 ], "texture": "#main", "tintindex":0 },
                "east":  { "uv": [ 4.0625, 0.5625, 3.5, 1.3125 ], "texture": "#main", "tintindex":0 },
                "south": { "uv": [ 4.375, 0.5625, 4.0625, 1.3125 ], "texture": "#main", "tintindex":0 },
                "west":  { "uv": [ 3.1875, 0.5625, 2.625, 1.3125 ], "texture": "#main", "tintindex":0 },
                "up":    { "uv": [ 3.1875, 0.5625, 3.5, 0 ], "texture": "#main", "tintindex":0 },
                "down":  { "uv": [ 3.5, 0, 3.8125, 0.5625 ], "texture": "#main", "tintindex":0 }
            }
        },
        {
            "from": [ 5.49964, 2.5, 3.5125 ],
            "to":   [ 6.99964, 10.5, 5.5125 ],
            "rotation": { "angle": 22.5, "axis": "x", "origin": [7.99995, 2.65625, -7.49531] },
            "faces": {
                "north": { "uv": [ 4.625, 2.3125, 4.8125, 3.3125 ], "texture": "#main", "tintindex":0 },
                "east":  { "uv": [ 4.375, 2.3125, 4.625, 3.3125 ], "texture": "#main", "tintindex":0 },
                "south": { "uv": [ 5.0625, 2.3125, 5.25, 3.3125 ], "texture": "#main", "tintindex":0 },
                "west":  { "uv": [ 4.8125, 2.3125, 5.0625, 3.3125 ], "texture": "#main", "tintindex":0 },
                "up":    { "uv": [ 4.8125, 2.3125, 4.625, 2.0625 ], "texture": "#main", "tintindex":0 },
                "down":  { "uv": [ 5, 2.0625, 4.8125, 2.3125 ], "texture": "#main", "tintindex":0 }
            }
        },
        {
            "from": [ 8.99964, 2.5, 3.5125 ],
            "to":   [ 10.49964, 10.5, 5.5125 ],
            "shade": false,
            "rotation": { "angle": 22.5, "axis": "x", "origin": [7.99995, 2.65625, -7.49531] },
            "faces": {
                "north": { "uv": [ 4.8125, 2.3125, 4.625, 3.3125 ], "texture": "#main", "tintindex":0 },
                "east":  { "uv": [ 5.0625, 2.3125, 4.8125, 3.3125 ], "texture": "#main", "tintindex":0 },
                "south": { "uv": [ 5.25, 2.3125, 5.0625, 3.3125 ], "texture": "#main", "tintindex":0 },
                "west":  { "uv": [ 4.625, 2.3125, 4.375, 3.3125 ], "texture": "#main", "tintindex":0 },
                "up":    { "uv": [ 4.625, 2.3125, 4.8125, 2.0625 ], "texture": "#main", "tintindex":0 },
                "down":  { "uv": [ 4.8125, 2.0625, 5, 2.3125 ], "texture": "#main", "tintindex":0 }
            }
        },
        {
            "from": [ 5.49964, 2.5, 1.5125 ],
            "to":   [ 6.99964, 3.5, 3.5125 ],
            "rotation": { "angle": 22.5, "axis": "x", "origin": [7.99995, 2.65625, -7.49531] },
            "faces": {
                "north": { "uv": [ 0.25, 1.25, 0.4375, 1.375 ], "texture": "#main", "tintindex":0 },
                "east":  { "uv": [ 0, 1.25, 0.25, 1.375 ], "texture": "#main", "tintindex":0 },
                "south": { "uv": [ 0.6875, 1.25, 0.875, 1.375 ], "texture": "#main", "tintindex":0 },
                "west":  { "uv": [ 0.4375, 1.25, 0.6875, 1.375 ], "texture": "#main", "tintindex":0 },
                "up":    { "uv": [ 0.4375, 1.25, 0.25, 1 ], "texture": "#main", "tintindex":0 },
                "down":  { "uv": [ 0.625, 1, 0.4375, 1.25 ], "texture": "#main", "tintindex":0 }
            }
        },
        {
            "from": [ 8.99964, 2.5, 1.5125 ],
            "to":   [ 10.49964, 3.5, 3.5125 ],
            "shade": false,
            "rotation": { "angle": 22.5, "axis": "x", "origin": [7.99995, 2.65625, -7.49531] },
            "faces": {
                "north": { "uv": [ 0.4375, 1.25, 0.25, 1.375 ], "texture": "#main", "tintindex":0 },
                "east":  { "uv": [ 0.6875, 1.25, 0.4375, 1.375 ], "texture": "#main", "tintindex":0 },
                "south": { "uv": [ 0.875, 1.25, 0.6875, 1.375 ], "texture": "#main", "tintindex":0 },
                "west":  { "uv": [ 0.25, 1.25, 0, 1.375 ], "texture": "#main", "tintindex":0 },
                "up":    { "uv": [ 0.25, 1.25, 0.4375, 1 ], "texture": "#main", "tintindex":0 },
                "down":  { "uv": [ 0.4375, 1, 0.625, 1.25 ], "texture": "#main", "tintindex":0 }
            }
        },
        {
            "from": [ 5.99964, 9, -7 ],
            "to":   [ 9.99964, 14.5, 6 ],
            "rotation": { "angle": 22.5, "axis": "x", "origin": [7.99995, 2.65625, -7.49531] },
            "faces": {
                "north": { "uv": [ 9.625, 1.625, 10.125, 2.3125 ], "texture": "#main", "tintindex":0 },
                "east":  { "uv": [ 8, 1.625, 9.625, 2.3125 ], "texture": "#main", "tintindex":0 },
                "south": { "uv": [ 11.75, 1.625, 12.25, 2.3125 ], "texture": "#main", "tintindex":0 },
                "west":  { "uv": [ 10.125, 1.625, 11.75, 2.3125 ], "texture": "#main", "tintindex":0 },
                "up":    { "uv": [ 10.125, 1.625, 9.625, 0 ], "texture": "#main", "tintindex":0 },
                "down":  { "uv": [ 10.625, 0, 10.125, 1.625 ], "texture": "#main", "tintindex":0 }
            }
        },
        {
            "from": [ 6.49964, 9.39626, 0.45109 ],
            "to":   [ 9.49964, 13.39626, 11.45109 ],
            "rotation": { "angle": 22.5, "axis": "x", "origin": [7.99995, -11.84375, -7.49531] },
            "faces": {
                "north": { "uv": [ 9.375, 4.9375, 9.75, 5.4375 ], "texture": "#main", "tintindex":0 },
                "east":  { "uv": [ 8, 4.9375, 9.375, 5.4375 ], "texture": "#main", "tintindex":0 },
                "south": { "uv": [ 11.125, 4.9375, 11.5, 5.4375 ], "texture": "#main", "tintindex":0 },
                "west":  { "uv": [ 9.75, 4.9375, 11.125, 5.4375 ], "texture": "#main", "tintindex":0 },
                "up":    { "uv": [ 9.75, 4.9375, 9.375, 3.5625 ], "texture": "#main", "tintindex":0 },
                "down":  { "uv": [ 10.125, 3.5625, 9.75, 4.9375 ], "texture": "#main", "tintindex":0 }
            }
        },
        {
            "from": [ 6.99964, 8.2701, -1.75149 ],
            "to":   [ 8.99964, 10.7701, 12.24851 ],
            "rotation": { "angle": 22.5, "axis": "x", "origin": [7.99995, -46.34375, -7.49531] },
            "faces": {
                "north": { "uv": [ 11.875, 4.0625, 12.125, 4.375 ], "texture": "#main", "tintindex":0 },
                "east":  { "uv": [ 10.125, 4.0625, 11.875, 4.375 ], "texture": "#main", "tintindex":0 },
                "south": { "uv": [ 13.875, 4.0625, 14.125, 4.375 ], "texture": "#main", "tintindex":0 },
                "west":  { "uv": [ 12.125, 4.0625, 13.875, 4.375 ], "texture": "#main", "tintindex":0 },
                "up":    { "uv": [ 12.125, 4.0625, 11.875, 2.3125 ], "texture": "#main", "tintindex":0 },
                "down":  { "uv": [ 12.375, 2.3125, 12.125, 4.0625 ], "texture": "#main", "tintindex":0 }
            }
        },
        {
            "from": [ 7.99964, 10.7701, -4.25149 ],
            "to":   [ 8.00464, 15.7701, 11.24851 ],
            "rotation": { "angle": 22.5, "axis": "x", "origin": [7.99995, -46.34375, -7.49531] },
            "faces": {
                "north": { "uv": [ 9.9375, 2.9375, 9.9375, 3.5625 ], "texture": "#main", "tintindex":0 },
                "east":  { "uv": [ 8, 2.9375, 9.9375, 3.5625 ], "texture": "#main", "tintindex":0 },
                "south": { "uv": [ 11.875, 2.9375, 11.875, 3.5625 ], "texture": "#main", "tintindex":0 },
                "west":  { "uv": [ 9.9375, 2.9375, 11.875, 3.5625 ], "texture": "#main", "tintindex":0 },
                "up":    { "uv": [ 9.9375, 2.9375, 9.9375, 1 ], "texture": "#main", "tintindex":0 },
                "down":  { "uv": [ 9.9375, 1, 9.9375, 2.9375 ], "texture": "#main", "tintindex":0 }
            }
        },
        {
            "from": [ 7.99964, 13.79765, -6.46907 ],
            "to":   [ 8.00464, 18.79765, 9.03093 ],
            "rotation": { "angle": 22.5, "axis": "x", "origin": [7.99995, -11.44235, -8.46438] },
            "faces": {
                "north": { "uv": [ 9.9375, 2.3125, 9.9375, 2.9375 ], "texture": "#main", "tintindex":0 },
                "east":  { "uv": [ 8, 2.3125, 9.9375, 2.9375 ], "texture": "#main", "tintindex":0 },
                "south": { "uv": [ 11.875, 2.3125, 11.875, 2.9375 ], "texture": "#main", "tintindex":0 },
                "west":  { "uv": [ 9.9375, 2.3125, 11.875, 2.9375 ], "texture": "#main", "tintindex":0 },
                "up":    { "uv": [ 9.9375, 2.3125, 9.9375, 0.375 ], "texture": "#main", "tintindex":0 },
                "down":  { "uv": [ 9.9375, 0.375, 9.9375, 2.3125 ], "texture": "#main", "tintindex":0 }
            }
        },
        {
            "from": [ 6.99964, 15.27221, -4.97 ],
            "to":   [ 8.99964, 21.77221, -1.97 ],
            "rotation": { "angle": 22.5, "axis": "x", "origin": [7.99964, 15.17245, -17.47606] },
            "faces": {
                "north": { "uv": [ 8.375, 3.9375, 8.625, 4.75 ], "texture": "#main", "tintindex":0 },
                "east":  { "uv": [ 8, 3.9375, 8.375, 4.75 ], "texture": "#main", "tintindex":0 },
                "south": { "uv": [ 9, 3.9375, 9.25, 4.75 ], "texture": "#main", "tintindex":0 },
                "west":  { "uv": [ 8.625, 3.9375, 9, 4.75 ], "texture": "#main", "tintindex":0 },
                "up":    { "uv": [ 8.625, 3.9375, 8.375, 3.5625 ], "texture": "#main", "tintindex":0 },
                "down":  { "uv": [ 8.875, 3.5625, 8.625, 3.9375 ], "texture": "#main", "tintindex":0 }
            }
        },
        {
            "from": [ 5.45, 12.63775, -5.61149 ],
            "to":   [ 10.55, 19.43775, 2.03851 ],
            "rotation": { "angle": 22.5, "axis": "x", "origin": [8, 25.79317, -4.70929] },
            "faces": {
                "north": { "uv": [ 12.0625, 4.9375, 12.4375, 5.4375 ], "texture": "#main", "tintindex":0 },
                "east":  { "uv": [ 11.5, 4.9375, 12.0625, 5.4375 ], "texture": "#main", "tintindex":0 },
                "south": { "uv": [ 13, 4.9375, 13.375, 5.4375 ], "texture": "#main", "tintindex":0 },
                "west":  { "uv": [ 12.4375, 4.9375, 13, 5.4375 ], "texture": "#main", "tintindex":0 },
                "up":    { "uv": [ 12.4375, 4.9375, 12.0625, 4.375 ], "texture": "#main", "tintindex":0 },
                "down":  { "uv": [ 12.8125, 4.375, 12.4375, 4.9375 ], "texture": "#main", "tintindex":0 }
            }
        },
        {
            "from": [ 6.3, 14.33775, -10.71149 ],
            "to":   [ 9.7, 20.28775, -3.06149 ],
            "rotation": { "angle": 22.5, "axis": "x", "origin": [8, 25.79317, -4.70929] },
            "faces": {
                "north": { "uv": [ 8.5625, 0.5625, 8.8125, 1 ], "texture": "#main", "tintindex":0 },
                "east":  { "uv": [ 8, 0.5625, 8.5625, 1 ], "texture": "#main", "tintindex":0 },
                "south": { "uv": [ 9.375, 0.5625, 9.625, 1 ], "texture": "#main", "tintindex":0 },
                "west":  { "uv": [ 8.8125, 0.5625, 9.375, 1 ], "texture": "#main", "tintindex":0 },
                "up":    { "uv": [ 8.8125, 0.5625, 8.5625, 0 ], "texture": "#main", "tintindex":0 },
                "down":  { "uv": [ 9.0625, 0, 8.8125, 0.5625 ], "texture": "#main", "tintindex":0 }
            }
        },
        {
            "from": [ 8.49964, 1.98596, 3.51105 ],
            "to":   [ 10.99964, 7.98596, 8.01105 ],
            "shade": false,
            "rotation": { "angle": 0, "axis": "x", "origin": [7.99964, 7.9366, 5.35077] },
            "faces": {
                "north": { "uv": [ 11.5, 0.5625, 11.1875, 1.3125 ], "texture": "#main", "tintindex":0 },
                "east":  { "uv": [ 12.0625, 0.5625, 11.5, 1.3125 ], "texture": "#main", "tintindex":0 },
                "south": { "uv": [ 12.375, 0.5625, 12.0625, 1.3125 ], "texture": "#main", "tintindex":0 },
                "west":  { "uv": [ 11.1875, 0.5625, 10.625, 1.3125 ], "texture": "#main", "tintindex":0 },
                "up":    { "uv": [ 11.1875, 0.5625, 11.5, 0 ], "texture": "#main", "tintindex":0 },
                "down":  { "uv": [ 11.5, 0, 11.8125, 0.5625 ], "texture": "#main", "tintindex":0 }
            }
        },
        {
            "from": [ 8.99964, -2.01404, 6.51105 ],
            "to":   [ 10.49964, 5.98596, 8.51105 ],
            "shade": false,
            "rotation": { "angle": 0, "axis": "x", "origin": [7.99964, 7.9366, 5.35077] },
            "faces": {
                "north": { "uv": [ 12.8125, 2.3125, 12.625, 3.3125 ], "texture": "#main", "tintindex":0 },
                "east":  { "uv": [ 13.0625, 2.3125, 12.8125, 3.3125 ], "texture": "#main", "tintindex":0 },
                "south": { "uv": [ 13.25, 2.3125, 13.0625, 3.3125 ], "texture": "#main", "tintindex":0 },
                "west":  { "uv": [ 12.625, 2.3125, 12.375, 3.3125 ], "texture": "#main", "tintindex":0 },
                "up":    { "uv": [ 12.625, 2.3125, 12.8125, 2.0625 ], "texture": "#main", "tintindex":0 },
                "down":  { "uv": [ 12.8125, 2.0625, 13, 2.3125 ], "texture": "#main", "tintindex":0 }
            }
        },
        {
            "from": [ 8.99964, -2.01404, 4.51105 ],
            "to":   [ 10.49964, -1.01404, 6.51105 ],
            "shade": false,
            "rotation": { "angle": 0, "axis": "x", "origin": [7.99964, 7.9366, 5.35077] },
            "faces": {
                "north": { "uv": [ 8.4375, 1.25, 8.25, 1.375 ], "texture": "#main", "tintindex":0 },
                "east":  { "uv": [ 8.6875, 1.25, 8.4375, 1.375 ], "texture": "#main", "tintindex":0 },
                "south": { "uv": [ 8.875, 1.25, 8.6875, 1.375 ], "texture": "#main", "tintindex":0 },
                "west":  { "uv": [ 8.25, 1.25, 8, 1.375 ], "texture": "#main", "tintindex":0 },
                "up":    { "uv": [ 8.25, 1.25, 8.4375, 1 ], "texture": "#main", "tintindex":0 },
                "down":  { "uv": [ 8.4375, 1, 8.625, 1.25 ], "texture": "#main", "tintindex":0 }
            }
        },
        {
            "from": [ 5.49964, -2.01404, 4.51105 ],
            "to":   [ 6.99964, -1.01404, 6.51105 ],
            "rotation": { "angle": 45, "axis": "x", "origin": [7.99964, 7.9366, 5.35077] },
            "faces": {
                "north": { "uv": [ 8.25, 1.25, 8.4375, 1.375 ], "texture": "#main", "tintindex":0 },
                "east":  { "uv": [ 8, 1.25, 8.25, 1.375 ], "texture": "#main", "tintindex":0 },
                "south": { "uv": [ 8.6875, 1.25, 8.875, 1.375 ], "texture": "#main", "tintindex":0 },
                "west":  { "uv": [ 8.4375, 1.25, 8.6875, 1.375 ], "texture": "#main", "tintindex":0 },
                "up":    { "uv": [ 8.4375, 1.25, 8.25, 1 ], "texture": "#main", "tintindex":0 },
                "down":  { "uv": [ 8.625, 1, 8.4375, 1.25 ], "texture": "#main", "tintindex":0 }
            }
        },
        {
            "from": [ 5.49964, -2.01404, 6.51105 ],
            "to":   [ 6.99964, 5.98596, 8.51105 ],
            "rotation": { "angle": 45, "axis": "x", "origin": [7.99964, 7.9366, 5.35077] },
            "faces": {
                "north": { "uv": [ 12.625, 2.3125, 12.8125, 3.3125 ], "texture": "#main", "tintindex":0 },
                "east":  { "uv": [ 12.375, 2.3125, 12.625, 3.3125 ], "texture": "#main", "tintindex":0 },
                "south": { "uv": [ 13.0625, 2.3125, 13.25, 3.3125 ], "texture": "#main", "tintindex":0 },
                "west":  { "uv": [ 12.8125, 2.3125, 13.0625, 3.3125 ], "texture": "#main", "tintindex":0 },
                "up":    { "uv": [ 12.8125, 2.3125, 12.625, 2.0625 ], "texture": "#main", "tintindex":0 },
                "down":  { "uv": [ 13, 2.0625, 12.8125, 2.3125 ], "texture": "#main", "tintindex":0 }
            }
        },
        {
            "from": [ 4.99964, 1.98596, 3.51105 ],
            "to":   [ 7.49964, 7.98596, 8.01105 ],
            "rotation": { "angle": 45, "axis": "x", "origin": [7.99964, 7.9366, 5.35077] },
            "faces": {
                "north": { "uv": [ 11.1875, 0.5625, 11.5, 1.3125 ], "texture": "#main", "tintindex":0 },
                "east":  { "uv": [ 10.625, 0.5625, 11.1875, 1.3125 ], "texture": "#main", "tintindex":0 },
                "south": { "uv": [ 12.0625, 0.5625, 12.375, 1.3125 ], "texture": "#main", "tintindex":0 },
                "west":  { "uv": [ 11.5, 0.5625, 12.0625, 1.3125 ], "texture": "#main", "tintindex":0 },
                "up":    { "uv": [ 11.5, 0.5625, 11.1875, 0 ], "texture": "#main", "tintindex":0 },
                "down":  { "uv": [ 11.8125, 0, 11.5, 0.5625 ], "texture": "#main", "tintindex":0 }
            }
        },
        {
            "from": [ 5.49964, 5.5, -5.5 ],
            "to":   [ 6.99964, 10, -4 ],
            "rotation": { "angle": 22.5, "axis": "x", "origin": [7.99995, 2.65625, -7.49531] },
            "faces": {
                "north": { "uv": [ 12.5625, 0.1875, 12.75, 0.75 ], "texture": "#main", "tintindex":0 },
                "east":  { "uv": [ 12.375, 0.1875, 12.5625, 0.75 ], "texture": "#main", "tintindex":0 },
                "south": { "uv": [ 12.9375, 0.1875, 13.125, 0.75 ], "texture": "#main", "tintindex":0 },
                "west":  { "uv": [ 12.75, 0.1875, 12.9375, 0.75 ], "texture": "#main", "tintindex":0 },
                "up":    { "uv": [ 12.75, 0.1875, 12.5625, 0 ], "texture": "#main", "tintindex":0 },
                "down":  { "uv": [ 12.9375, 0, 12.75, 0.1875 ], "texture": "#main", "tintindex":0 }
            }
        },
        {
            "from": [ 8.99964, 5.5, -5.5 ],
            "to":   [ 10.49964, 10, -4 ],
            "shade": false,
            "rotation": { "angle": 22.5, "axis": "x", "origin": [7.99995, 2.65625, -7.49531] },
            "faces": {
                "north": { "uv": [ 12.75, 0.1875, 12.5625, 0.75 ], "texture": "#main", "tintindex":0 },
                "east":  { "uv": [ 12.9375, 0.1875, 12.75, 0.75 ], "texture": "#main", "tintindex":0 },
                "south": { "uv": [ 13.125, 0.1875, 12.9375, 0.75 ], "texture": "#main", "tintindex":0 },
                "west":  { "uv": [ 12.5625, 0.1875, 12.375, 0.75 ], "texture": "#main", "tintindex":0 },
                "up":    { "uv": [ 12.5625, 0.1875, 12.75, 0 ], "texture": "#main", "tintindex":0 },
                "down":  { "uv": [ 12.75, 0, 12.9375, 0.1875 ], "texture": "#main", "tintindex":0 }
            }
        },
        {
            "from": [ 5.99964, 9, -7 ],
            "to":   [ 9.99964, 14.5, 6 ],
            "rotation": { "angle": 22.5, "axis": "x", "origin": [7.99995, 2.65625, -7.49531] },
            "faces": {
                "north": { "uv": [ 1.625, 9.625, 2.125, 10.3125 ], "texture": "#main", "tintindex":0 },
                "east":  { "uv": [ 0, 9.625, 1.625, 10.3125 ], "texture": "#main", "tintindex":0 },
                "south": { "uv": [ 3.75, 9.625, 4.25, 10.3125 ], "texture": "#main", "tintindex":0 },
                "west":  { "uv": [ 2.125, 9.625, 3.75, 10.3125 ], "texture": "#main", "tintindex":0 },
                "up":    { "uv": [ 2.125, 9.625, 1.625, 8 ], "texture": "#main", "tintindex":0 },
                "down":  { "uv": [ 2.625, 8, 2.125, 9.625 ], "texture": "#main", "tintindex":0 }
            }
        },
        {
            "from": [ 6.49964, 9.39626, 0.45109 ],
            "to":   [ 9.49964, 13.39626, 11.45109 ],
            "rotation": { "angle": 22.5, "axis": "x", "origin": [7.99995, -11.84375, -7.49531] },
            "faces": {
                "north": { "uv": [ 1.375, 12.9375, 1.75, 13.4375 ], "texture": "#main", "tintindex":0 },
                "east":  { "uv": [ 0, 12.9375, 1.375, 13.4375 ], "texture": "#main", "tintindex":0 },
                "south": { "uv": [ 3.125, 12.9375, 3.5, 13.4375 ], "texture": "#main", "tintindex":0 },
                "west":  { "uv": [ 1.75, 12.9375, 3.125, 13.4375 ], "texture": "#main", "tintindex":0 },
                "up":    { "uv": [ 1.75, 12.9375, 1.375, 11.5625 ], "texture": "#main", "tintindex":0 },
                "down":  { "uv": [ 2.125, 11.5625, 1.75, 12.9375 ], "texture": "#main", "tintindex":0 }
            }
        },
        {
            "from": [ 6.99964, 8.2701, -1.75149 ],
            "to":   [ 8.99964, 10.7701, 12.24851 ],
            "rotation": { "angle": 22.5, "axis": "x", "origin": [7.99995, -46.34375, -7.49531] },
            "faces": {
                "north": { "uv": [ 3.875, 12.0625, 4.125, 12.375 ], "texture": "#main", "tintindex":0 },
                "east":  { "uv": [ 2.125, 12.0625, 3.875, 12.375 ], "texture": "#main", "tintindex":0 },
                "south": { "uv": [ 5.875, 12.0625, 6.125, 12.375 ], "texture": "#main", "tintindex":0 },
                "west":  { "uv": [ 4.125, 12.0625, 5.875, 12.375 ], "texture": "#main", "tintindex":0 },
                "up":    { "uv": [ 4.125, 12.0625, 3.875, 10.3125 ], "texture": "#main", "tintindex":0 },
                "down":  { "uv": [ 4.375, 10.3125, 4.125, 12.0625 ], "texture": "#main", "tintindex":0 }
            }
        },
        {
            "from": [ 7.99964, 10.7701, -4.25149 ],
            "to":   [ 8.00464, 15.7701, 11.24851 ],
            "rotation": { "angle": 22.5, "axis": "x", "origin": [7.99995, -46.34375, -7.49531] },
            "faces": {
                "north": { "uv": [ 1.9375, 10.9375, 1.9375, 11.5625 ], "texture": "#main", "tintindex":0 },
                "east":  { "uv": [ 0, 10.9375, 1.9375, 11.5625 ], "texture": "#main", "tintindex":0 },
                "south": { "uv": [ 3.875, 10.9375, 3.875, 11.5625 ], "texture": "#main", "tintindex":0 },
                "west":  { "uv": [ 1.9375, 10.9375, 3.875, 11.5625 ], "texture": "#main", "tintindex":0 },
                "up":    { "uv": [ 1.9375, 10.9375, 1.9375, 9 ], "texture": "#main", "tintindex":0 },
                "down":  { "uv": [ 1.9375, 9, 1.9375, 10.9375 ], "texture": "#main", "tintindex":0 }
            }
        },
        {
            "from": [ 7.99964, 13.79765, -6.46907 ],
            "to":   [ 8.00464, 18.79765, 9.03093 ],
            "rotation": { "angle": 22.5, "axis": "x", "origin": [7.99995, -11.44235, -8.46438] },
            "faces": {
                "north": { "uv": [ 1.9375, 10.3125, 1.9375, 10.9375 ], "texture": "#main", "tintindex":0 },
                "east":  { "uv": [ 0, 10.3125, 1.9375, 10.9375 ], "texture": "#main", "tintindex":0 },
                "south": { "uv": [ 3.875, 10.3125, 3.875, 10.9375 ], "texture": "#main", "tintindex":0 },
                "west":  { "uv": [ 1.9375, 10.3125, 3.875, 10.9375 ], "texture": "#main", "tintindex":0 },
                "up":    { "uv": [ 1.9375, 10.3125, 1.9375, 8.375 ], "texture": "#main", "tintindex":0 },
                "down":  { "uv": [ 1.9375, 8.375, 1.9375, 10.3125 ], "texture": "#main", "tintindex":0 }
            }
        },
        {
            "from": [ 6.99964, 15.27221, -4.97 ],
            "to":   [ 8.99964, 21.77221, -1.97 ],
            "rotation": { "angle": 22.5, "axis": "x", "origin": [7.99964, 15.17245, -17.47606] },
            "faces": {
                "north": { "uv": [ 0.375, 11.9375, 0.625, 12.75 ], "texture": "#main", "tintindex":0 },
                "east":  { "uv": [ 0, 11.9375, 0.375, 12.75 ], "texture": "#main", "tintindex":0 },
                "south": { "uv": [ 1, 11.9375, 1.25, 12.75 ], "texture": "#main", "tintindex":0 },
                "west":  { "uv": [ 0.625, 11.9375, 1, 12.75 ], "texture": "#main", "tintindex":0 },
                "up":    { "uv": [ 0.625, 11.9375, 0.375, 11.5625 ], "texture": "#main", "tintindex":0 },
                "down":  { "uv": [ 0.875, 11.5625, 0.625, 11.9375 ], "texture": "#main", "tintindex":0 }
            }
        },
        {
            "from": [ 5.45, 12.63775, -5.61149 ],
            "to":   [ 10.55, 19.43775, 2.03851 ],
            "rotation": { "angle": 22.5, "axis": "x", "origin": [8, 25.79317, -4.70929] },
            "faces": {
                "north": { "uv": [ 4.0625, 12.9375, 4.4375, 13.4375 ], "texture": "#main", "tintindex":0 },
                "east":  { "uv": [ 3.5, 12.9375, 4.0625, 13.4375 ], "texture": "#main", "tintindex":0 },
                "south": { "uv": [ 5, 12.9375, 5.375, 13.4375 ], "texture": "#main", "tintindex":0 },
                "west":  { "uv": [ 4.4375, 12.9375, 5, 13.4375 ], "texture": "#main", "tintindex":0 },
                "up":    { "uv": [ 4.4375, 12.9375, 4.0625, 12.375 ], "texture": "#main", "tintindex":0 },
                "down":  { "uv": [ 4.8125, 12.375, 4.4375, 12.9375 ], "texture": "#main", "tintindex":0 }
            }
        },
        {
            "from": [ 6.3, 14.33775, -10.71149 ],
            "to":   [ 9.7, 20.28775, -3.06149 ],
            "rotation": { "angle": 22.5, "axis": "x", "origin": [8, 25.79317, -4.70929] },
            "faces": {
                "north": { "uv": [ 0.5625, 8.5625, 0.8125, 9 ], "texture": "#main", "tintindex":0 },
                "east":  { "uv": [ 0, 8.5625, 0.5625, 9 ], "texture": "#main", "tintindex":0 },
                "south": { "uv": [ 1.375, 8.5625, 1.625, 9 ], "texture": "#main", "tintindex":0 },
                "west":  { "uv": [ 0.8125, 8.5625, 1.375, 9 ], "texture": "#main", "tintindex":0 },
                "up":    { "uv": [ 0.8125, 8.5625, 0.5625, 8 ], "texture": "#main", "tintindex":0 },
                "down":  { "uv": [ 1.0625, 8, 0.8125, 8.5625 ], "texture": "#main", "tintindex":0 }
            }
        },
        {
            "from": [ 8.49964, 1.98596, 3.51105 ],
            "to":   [ 10.99964, 7.98596, 8.01105 ],
            "shade": false,
            "rotation": { "angle": 45, "axis": "x", "origin": [7.99964, 7.9366, 5.35077] },
            "faces": {
                "north": { "uv": [ 3.5, 8.5625, 3.1875, 9.3125 ], "texture": "#main", "tintindex":0 },
                "east":  { "uv": [ 4.0625, 8.5625, 3.5, 9.3125 ], "texture": "#main", "tintindex":0 },
                "south": { "uv": [ 4.375, 8.5625, 4.0625, 9.3125 ], "texture": "#main", "tintindex":0 },
                "west":  { "uv": [ 3.1875, 8.5625, 2.625, 9.3125 ], "texture": "#main", "tintindex":0 },
                "up":    { "uv": [ 3.1875, 8.5625, 3.5, 8 ], "texture": "#main", "tintindex":0 },
                "down":  { "uv": [ 3.5, 8, 3.8125, 8.5625 ], "texture": "#main", "tintindex":0 }
            }
        },
        {
            "from": [ 8.99964, -2.01404, 6.51105 ],
            "to":   [ 10.49964, 5.98596, 8.51105 ],
            "shade": false,
            "rotation": { "angle": 45, "axis": "x", "origin": [7.99964, 7.9366, 5.35077] },
            "faces": {
                "north": { "uv": [ 4.8125, 10.3125, 4.625, 11.3125 ], "texture": "#main", "tintindex":0 },
                "east":  { "uv": [ 5.0625, 10.3125, 4.8125, 11.3125 ], "texture": "#main", "tintindex":0 },
                "south": { "uv": [ 5.25, 10.3125, 5.0625, 11.3125 ], "texture": "#main", "tintindex":0 },
                "west":  { "uv": [ 4.625, 10.3125, 4.375, 11.3125 ], "texture": "#main", "tintindex":0 },
                "up":    { "uv": [ 4.625, 10.3125, 4.8125, 10.0625 ], "texture": "#main", "tintindex":0 },
                "down":  { "uv": [ 4.8125, 10.0625, 5, 10.3125 ], "texture": "#main", "tintindex":0 }
            }
        },
        {
            "from": [ 8.99964, -2.01404, 4.51105 ],
            "to":   [ 10.49964, -1.01404, 6.51105 ],
            "shade": false,
            "rotation": { "angle": 45, "axis": "x", "origin": [7.99964, 7.9366, 5.35077] },
            "faces": {
                "north": { "uv": [ 0.4375, 9.25, 0.25, 9.375 ], "texture": "#main", "tintindex":0 },
                "east":  { "uv": [ 0.6875, 9.25, 0.4375, 9.375 ], "texture": "#main", "tintindex":0 },
                "south": { "uv": [ 0.875, 9.25, 0.6875, 9.375 ], "texture": "#main", "tintindex":0 },
                "west":  { "uv": [ 0.25, 9.25, 0, 9.375 ], "texture": "#main", "tintindex":0 },
                "up":    { "uv": [ 0.25, 9.25, 0.4375, 9 ], "texture": "#main", "tintindex":0 },
                "down":  { "uv": [ 0.4375, 9, 0.625, 9.25 ], "texture": "#main", "tintindex":0 }
            }
        },
        {
            "from": [ 5.49964, -2.01404, 4.51105 ],
            "to":   [ 6.99964, -1.01404, 6.51105 ],
            "rotation": { "angle": 0, "axis": "x", "origin": [7.99964, 7.9366, 5.35077] },
            "faces": {
                "north": { "uv": [ 0.25, 9.25, 0.4375, 9.375 ], "texture": "#main", "tintindex":0 },
                "east":  { "uv": [ 0, 9.25, 0.25, 9.375 ], "texture": "#main", "tintindex":0 },
                "south": { "uv": [ 0.6875, 9.25, 0.875, 9.375 ], "texture": "#main", "tintindex":0 },
                "west":  { "uv": [ 0.4375, 9.25, 0.6875, 9.375 ], "texture": "#main", "tintindex":0 },
                "up":    { "uv": [ 0.4375, 9.25, 0.25, 9 ], "texture": "#main", "tintindex":0 },
                "down":  { "uv": [ 0.625, 9, 0.4375, 9.25 ], "texture": "#main", "tintindex":0 }
            }
        },
        {
            "from": [ 5.49964, -2.01404, 6.51105 ],
            "to":   [ 6.99964, 5.98596, 8.51105 ],
            "rotation": { "angle": 0, "axis": "x", "origin": [7.99964, 7.9366, 5.35077] },
            "faces": {
                "north": { "uv": [ 4.625, 10.3125, 4.8125, 11.3125 ], "texture": "#main", "tintindex":0 },
                "east":  { "uv": [ 4.375, 10.3125, 4.625, 11.3125 ], "texture": "#main", "tintindex":0 },
                "south": { "uv": [ 5.0625, 10.3125, 5.25, 11.3125 ], "texture": "#main", "tintindex":0 },
                "west":  { "uv": [ 4.8125, 10.3125, 5.0625, 11.3125 ], "texture": "#main", "tintindex":0 },
                "up":    { "uv": [ 4.8125, 10.3125, 4.625, 10.0625 ], "texture": "#main", "tintindex":0 },
                "down":  { "uv": [ 5, 10.0625, 4.8125, 10.3125 ], "texture": "#main", "tintindex":0 }
            }
        },
        {
            "from": [ 4.99964, 1.98596, 3.51105 ],
            "to":   [ 7.49964, 7.98596, 8.01105 ],
            "rotation": { "angle": 0, "axis": "x", "origin": [7.99964, 7.9366, 5.35077] },
            "faces": {
                "north": { "uv": [ 3.1875, 8.5625, 3.5, 9.3125 ], "texture": "#main", "tintindex":0 },
                "east":  { "uv": [ 2.625, 8.5625, 3.1875, 9.3125 ], "texture": "#main", "tintindex":0 },
                "south": { "uv": [ 4.0625, 8.5625, 4.375, 9.3125 ], "texture": "#main", "tintindex":0 },
                "west":  { "uv": [ 3.5, 8.5625, 4.0625, 9.3125 ], "texture": "#main", "tintindex":0 },
                "up":    { "uv": [ 3.5, 8.5625, 3.1875, 8 ], "texture": "#main", "tintindex":0 },
                "down":  { "uv": [ 3.8125, 8, 3.5, 8.5625 ], "texture": "#main", "tintindex":0 }
            }
        },
        {
            "from": [ 5.49964, 5.5, -5.5 ],
            "to":   [ 6.99964, 10, -4 ],
            "rotation": { "angle": 22.5, "axis": "x", "origin": [7.99995, 2.65625, -7.49531] },
            "faces": {
                "north": { "uv": [ 4.5625, 8.1875, 4.75, 8.75 ], "texture": "#main", "tintindex":0 },
                "east":  { "uv": [ 4.375, 8.1875, 4.5625, 8.75 ], "texture": "#main", "tintindex":0 },
                "south": { "uv": [ 4.9375, 8.1875, 5.125, 8.75 ], "texture": "#main", "tintindex":0 },
                "west":  { "uv": [ 4.75, 8.1875, 4.9375, 8.75 ], "texture": "#main", "tintindex":0 },
                "up":    { "uv": [ 4.75, 8.1875, 4.5625, 8 ], "texture": "#main", "tintindex":0 },
                "down":  { "uv": [ 4.9375, 8, 4.75, 8.1875 ], "texture": "#main", "tintindex":0 }
            }
        },
        {
            "from": [ 8.99964, 5.5, -5.5 ],
            "to":   [ 10.49964, 10, -4 ],
            "shade": false,
            "rotation": { "angle": 22.5, "axis": "x", "origin": [7.99995, 2.65625, -7.49531] },
            "faces": {
                "north": { "uv": [ 4.75, 8.1875, 4.5625, 8.75 ], "texture": "#main", "tintindex":0 },
                "east":  { "uv": [ 4.9375, 8.1875, 4.75, 8.75 ], "texture": "#main", "tintindex":0 },
                "south": { "uv": [ 5.125, 8.1875, 4.9375, 8.75 ], "texture": "#main", "tintindex":0 },
                "west":  { "uv": [ 4.5625, 8.1875, 4.375, 8.75 ], "texture": "#main", "tintindex":0 },
                "up":    { "uv": [ 4.5625, 8.1875, 4.75, 8 ], "texture": "#main", "tintindex":0 },
                "down":  { "uv": [ 4.75, 8, 4.9375, 8.1875 ], "texture": "#main", "tintindex":0 }
            }
        }
    ],
    "display": {
        "ground": {
            "rotation": [ -157.5, 0, -180 ],
            "translation": [ 0, -6.5, 0 ]
        },
        "head": {
            "rotation": [ -22.5, 0, 0 ],
            "translation": [ -20.5, -27.25, 1.75 ],
            "scale": [ 1.6, 1.6, 1.6 ]
        }
    },
    "groups": [
        {
            "name": "Entire",
            "origin": [
                0,
                0,
                0
            ],
            "children": [
                {
                    "name": "Body",
                    "origin": [
                        0,
                        0,
                        0
                    ],
                    "children": [
                        0,
                        1,
                        2,
                        3,
                        4
                    ]
                },
                {
                    "name": "Head",
                    "origin": [
                        0,
                        0,
                        0
                    ],
                    "children": [
                        5,
                        6,
                        7
                    ]
                },
                {
                    "name": "Limbs",
                    "origin": [
                        0,
                        0,
                        0
                    ],
                    "children": [
                        8,
                        9,
                        10,
                        11,
                        12,
                        13,
                        14,
                        15
                    ]
                }
            ]
        }
    ],
    "__comment": "Model animated using Fizzy's model animator - http://fizzy81.github.io/animated-models/"
}
