{
  "pools": [
    {
      "rolls": 1,
      "entries": [
        {
          "type": "item",
          "name": "minecraft:structure_block",
          "weight": 4,
          "functions": [
            {
              "function": "set_nbt",
              "tag": "{display:{Name:\"{\\\"translate\\\":\\\"Acrocanthosaurus Fossil\\\",\\\"italic\\\":false}\"},CustomModelData:400005}"
            }
          ]
        },
        {
          "type": "item",
          "name": "minecraft:structure_block",
          "weight": 5,
          "functions": [
            {
              "function": "set_nbt",
              "tag": "{display:{Name:\"{\\\"translate\\\":\\\"Concavenator Fossil\\\",\\\"italic\\\":false}\"},CustomModelData:400005}"
            }
          ]
        },
        {
          "type": "item",
          "name": "minecraft:structure_block",
          "weight": 8,
          "functions": [
            {
              "function": "set_nbt",
              "tag": "{display:{Name:\"{\\\"translate\\\":\\\"Corythosaurus Fossil\\\",\\\"italic\\\":false}\"},CustomModelData:400005}"
            }
          ]
        },
        {
          "type": "item",
          "name": "minecraft:structure_block",
          "weight": 10,
          "functions": [
            {
              "function": "set_nbt",
              "tag": "{display:{Name:\"{\\\"translate\\\":\\\"Gallimimus Fossil\\\",\\\"italic\\\":false}\"},CustomModelData:400005}"
            }
          ]
        },
        {
          "type": "item",
          "name": "minecraft:structure_block",
          "weight": 3,
          "functions": [
            {
              "function": "set_nbt",
              "tag": "{display:{Name:\"{\\\"translate\\\":\\\"Tyrannosaurus Fossil\\\",\\\"italic\\\":false}\"},CustomModelData:400005}"
            }
          ]
        },
        {
          "type": "item",
          "name": "minecraft:structure_block",
          "weight": 15,
          "functions": [
            {
              "function": "set_nbt",
              "tag": "{display:{Name:\"{\\\"translate\\\":\\\"Plant Fossil\\\",\\\"italic\\\":false}\"},CustomModelData:400003}"
            }
          ]
        },
        {
          "type": "item",
          "name": "minecraft:bone",
          "weight": 20
        },
        {
          "type": "item",
          "name": "minecraft:gold_nugget",
          "weight": 20
        },
        {
          "type": "item",
          "name": "minecraft:stick",
          "weight": 20
        }
      ]
    }
  ]
}
