{
  "pools": [
    {
      "rolls": 1,
      "entries": [
        {
          "type": "item",
          "name": "minecraft:light_gray_dye",
          "weight": 1,
          "functions": [
            {
              "function": "set_nbt",
              "tag": "{display:{Name:\"{\\\"translate\\\":\\\"Acrocanthosaurus DNA\\\",\\\"color\\\":\\\"gray\\\",\\\"italic\\\":false}\"}}"
            }
          ]
        },
        {
          "type": "item",
          "name": "minecraft:light_gray_dye",
          "weight": 1,
          "functions": [
            {
              "function": "set_nbt",
              "tag": "{display:{Name:\"{\\\"translate\\\":\\\"Concavenator DNA\\\",\\\"color\\\":\\\"gray\\\",\\\"italic\\\":false}\"}}"
            }
          ]
        },
        {
          "type": "item",
          "name": "minecraft:light_gray_dye",
          "weight": 1,
          "functions": [
            {
              "function": "set_nbt",
              "tag": "{display:{Name:\"{\\\"translate\\\":\\\"Corythosaurus DNA\\\",\\\"color\\\":\\\"gray\\\",\\\"italic\\\":false}\"}}"
            }
          ]
        },
        {
          "type": "item",
          "name": "minecraft:light_gray_dye",
          "weight": 1,
          "functions": [
            {
              "function": "set_nbt",
              "tag": "{display:{Name:\"{\\\"translate\\\":\\\"Gallimimus DNA\\\",\\\"color\\\":\\\"gray\\\",\\\"italic\\\":false}\"}}"
            }
          ]
        },
        {
          "type": "item",
          "name": "minecraft:light_gray_dye",
          "weight": 1,
          "functions": [
            {
              "function": "set_nbt",
              "tag": "{display:{Name:\"{\\\"translate\\\":\\\"Tyrannosaurus DNA\\\",\\\"color\\\":\\\"gray\\\",\\\"italic\\\":false}\"}}"
            }
          ]
        }
      ]
    }
  ]
}
