{
    "pools": [
        {
            "rolls": 1,
            "entries": [
                {
                    "type": "item",
                    "name": "minecraft:stone",
                    "weight": 20,
                    "functions": [
                        {
                            "function": "set_data",
                            "data": 5
                        },
                        {
                            "function": "set_count",
                            "count": {
                                "min": 5,
                                "max": 15
                            }
                        }
                    ]
                },
                {
                    "type": "item",
                    "name": "minecraft:stone_sword",
                    "weight": 2,
                    "quality": 5,
                    "functions": [
                        {
                            "function": "set_nbt",
                            "tag": "{HideFlags:3,display:{Name:\"Ancient Sword\",Lore:[A sword I estimate to, be 500Yrs Old!]},ench:[{id:16,lvl:5},{id:17,lvl:2},{id:18,lvl:2},{id:19,lvl:2},{id:21,lvl:1},{id:22,lvl:2},{id:34,lvl:5},{id:70,lvl:1}]}"
                        }
                    ]
                },
                {
                    "type": "item",
                    "name": "minecraft:stone",
                    "weight": 15,
                    "functions": [
                        {
                            "function": "set_data",
                            "data": 3
                        },
                        {
                            "function": "set_count",
                            "count": {
                                "min": 5,
                                "max": 10
                            }
                        }
                    ]
                }
            ]
        }
    ]
}