{
    "pools": [
        {
            "rolls": {
                "min": 2,
                "max": 3
            },
            "bonus_rolls": {
                "min": 0,
                "max": 1
            },
            "entries": [
                {
                    "type": "item",
                    "name": "minecraft:end_stone",
                    "weight": 20,
                    "functions": [
                        {
                            "function": "set_count",
                            "count": {
                                "min": 2,
                                "max": 10
                            }
                        }
                    ]
                },
                {
                    "type": "item",
                    "name": "minecraft:ender_chest",
                    "weight": 1,
                    "functions": [
                        {
                            "function": "set_count",
                            "count": {
                                "min": 1,
                                "max": 2
                            }
                        }
                    ]
                },
                {
                    "type": "item",
                    "name": "minecraft:end_rod",
                    "weight": 15,
                    "functions": [
                        {
                            "function": "set_count",
                            "count": {
                                "min": 1,
                                "max": 3
                            }
                        }
                    ]
                },
                {
                    "type": "item",
                    "name": "minecraft:end_bricks",
                    "weight": 20,
                    "functions": [
                        {
                            "function": "set_count",
                            "count": {
                                "min": 1,
                                "max": 5
                            }
                        }
                    ]
                },
                {
                    "type": "item",
                    "name": "minecraft:ender_pearl",
                    "weight": 18,
                    "functions": [
                        {
                            "function": "set_count",
                            "count": {
                                "min": 3,
                                "max": 5
                            }
                        }
                    ]
                },
                {
                    "type": "item",
                    "name": "minecraft:ender_eye",
                    "weight": 18,
                    "functions": [
                        {
                            "function": "set_count",
                            "count": {
                                "min": 1,
                                "max": 3
                            }
                        }
                    ]
                },
                {
                    "type": "item",
                    "name": "minecraft:end_crystal",
                    "weight": 15,
                    "functions": [
                        {
                            "function": "set_count",
                            "count": {
                                "min": 1,
                                "max": 4
                            }
                        }
                    ]
                },
                {
                    "type": "item",
                    "name": "minecraft:spawn_egg",
                    "weight": 1,
                    "functions": [
                        {
                            "function": "set_nbt",
                            "tag": "{EntityTag:{id:minecraft:enderman}}"
                        },
                        {
                            "function": "set_count",
                            "count": {
                                "min": 1,
                                "max": 5
                            }
                        }
                    ]
                }
            ]
        }
    ]
}