{
  "pools": [
    {
      "rolls": 1,
      "bonus_rolls": {
        "min": 0,
        "max": 0.5
      },
      "entries": [
        {
          "type": "item",
          "name": "minecraft:brick",
          "weight": 10,
          "functions": [
            {
              "function": "set_nbt",
              "tag": "{display:{Name:\"Alienite\",Lore:[What is this?]}}"
            }
          ]
        },
        {
          "type": "item",
          "name": "minecraft:netherbrick",
          "weight": 1,
          "functions": [
            {
              "function": "set_nbt",
              "tag": "{display:{Name:\"Plextonium\",Lore:[What is this?]}}"
            }
          ]
        }
      ]
    }
  ]
}