{
  "parent": "minecraft:block/cube",
  "textures": {
    "north": "dnd:block/paleontology_workbench_front",
    "south": "dnd:block/paleontology_workbench_side",
    "east": "dnd:block/paleontology_workbench_side",
    "west": "dnd:block/paleontology_workbench_front",
    "up": "dnd:block/paleontology_workbench_top",
    "down": "dnd:block/paleontology_workbench_bottom",
    "particle": "dnd:block/paleontology_workbench_side"
  },
  "display": {
    "head": {
      "rotation": [0, 0, 0],
      "translation": [0, -43.23, 0],
      "scale": [1.601, 1.601, 1.601]
    }
  }
}
