{
  "type": "minecraft:empty",
  "pools": [
    {
      "rolls": 1,
      "entries": [
        {
          "type": "minecraft:item",
          "name": "minecraft:dispenser",
          "functions": [
            {
              "function": "minecraft:set_nbt",
              "tag": "{sifter:1,BlockEntityTag:{Items:[{Slot:0b,id:\"minecraft:diamond\",Count:1b,tag:{display:{Name:'{\"text\":\"a\"}'}}}]},dnd:{Tags:[\"sifter\",\"custom_block\"]},display:{Name:'{\"translate\":\"block.dnd.sifter\",\"italic\":false}',Lore:['{\"translate\":\"config.dnd.name\",\"color\":\"blue\",\"italic\":true}']},CustomModelData:400002}"
            }
          ]
        }
      ]
    }
  ]
}
