{
    "__comment": "Model animated using Fizzy's model animator - http://fizzy81.github.io/animated-models/", 
    "textures": {
        "main": "block/acrocanthosaurus_walk"
    }, 
    "elements": [
        {
            "name": "Body", 
            "from": [ -6, 0, 5 ], 
            "to":   [ 5, 6, 11 ], 
            "faces": {
                "north": { "texture": "#main", "uv": [ 0, 0, 0.28125, 0.140625 ] }, 
                "east":  { "texture": "#main", "uv": [ 0.28125, 0, 0.515625, 0.140625 ] }, 
                "south": { "texture": "#main", "uv": [ 0.515625, 0, 0.796875, 0.140625 ] }, 
                "west":  { "texture": "#main", "uv": [ 0.796875, 0, 1.03125, 0.140625 ] }, 
                "up":    { "texture": "#main", "uv": [ 0, 0.140625, 0.25312500000000004, 0.28125 ] }, 
                "down":  { "texture": "#main", "uv": [ 0.515625, 0.140625, 0.7687499999999999, 0.28125 ] }
            }
        }, 
        {
            "name": "Tail1", 
            "from": [ 1, 0.5, 5.5 ], 
            "to":   [ 9, 6.5, 10.5 ], 
            "faces": {
                "north": { "texture": "#main", "uv": [ 1.5, 0, 1.75, 0.1875 ] }, 
                "east":  { "texture": "#main", "uv": [ 1.75, 0, 1.90625, 0.1875 ] }, 
                "south": { "texture": "#main", "uv": [ 1.90625, 0, 2.15625, 0.1875 ] }, 
                "west":  { "texture": "#main", "uv": [ 2.15625, 0, 2.3125, 0.1875 ] }, 
                "up":    { "texture": "#main", "uv": [ 1.5, 0.1875, 1.75, 0.34375 ] }, 
                "down":  { "texture": "#main", "uv": [ 1.90625, 0.1875, 2.15625, 0.34375 ] }
            }
        }, 
        {
            "name": "Tail2", 
            "from": [ 9, 1.5, 6 ], 
            "to":   [ 14, 6.5, 10 ], 
            "faces": {
                "north": { "texture": "#main", "uv": [ 3, 0, 3.15625, 0.15625 ] }, 
                "east":  { "texture": "#main", "uv": [ 3.15625, 0, 3.28125, 0.15625 ] }, 
                "south": { "texture": "#main", "uv": [ 3.28125, 0, 3.4375, 0.15625 ] }, 
                "west":  { "texture": "#main", "uv": [ 3.4375, 0, 3.5625, 0.15625 ] }, 
                "up":    { "texture": "#main", "uv": [ 3, 0.125, 3.15625, 0.28125 ] }, 
                "down":  { "texture": "#main", "uv": [ 3.28125, 0.15625, 3.4375, 0.28125 ] }
            }
        }, 
        {
            "name": "Tail3", 
            "from": [ 14, 2.5, 6.5 ], 
            "to":   [ 19, 6.5, 9.5 ], 
            "faces": {
                "north": { "texture": "#main", "uv": [ 4.5, 0, 4.65625, 0.125 ] }, 
                "east":  { "texture": "#main", "uv": [ 4.65625, 0, 4.75, 0.125 ] }, 
                "south": { "texture": "#main", "uv": [ 4.75, 0, 4.90625, 0.125 ] }, 
                "west":  { "texture": "#main", "uv": [ 4.90625, 0, 5, 0.125 ] }, 
                "up":    { "texture": "#main", "uv": [ 4.5, 0.125, 4.65625, 0.21874999999999997 ] }, 
                "down":  { "texture": "#main", "uv": [ 4.75, 0.125, 4.90625, 0.21874999999999997 ] }
            }
        }, 
        {
            "name": "Tail4", 
            "from": [ 19, 3.5, 7 ], 
            "to":   [ 23, 6.5, 9 ], 
            "faces": {
                "north": { "texture": "#main", "uv": [ 6, 0, 6.125, 0.09375 ] }, 
                "east":  { "texture": "#main", "uv": [ 6.125, 0, 6.1875, 0.09375 ] }, 
                "south": { "texture": "#main", "uv": [ 6.1875, 0, 6.3125, 0.09375 ] }, 
                "west":  { "texture": "#main", "uv": [ 6.3125, 0, 6.375, 0.09375 ] }, 
                "up":    { "texture": "#main", "uv": [ 6, 0.09375, 6.125, 0.15625 ] }, 
                "down":  { "texture": "#main", "uv": [ 6.1875, 0.09375, 6.3125, 0.15625 ] }
            }
        }, 
        {
            "name": "Tail5", 
            "from": [ 23, 4.5, 7.5 ], 
            "to":   [ 27, 6.5, 8.5 ], 
            "faces": {
                "north": { "texture": "#main", "uv": [ 0, 1.5, 0.125, 1.5625 ] }, 
                "east":  { "texture": "#main", "uv": [ 0.125, 1.5, 0.15625, 1.5625 ] }, 
                "south": { "texture": "#main", "uv": [ 0.15625, 1.5, 0.28125, 1.5625 ] }, 
                "west":  { "texture": "#main", "uv": [ 0.28125, 1.5, 0.3125, 1.5625 ] }, 
                "up":    { "texture": "#main", "uv": [ 0, 1.5625, 0.125, 1.59375 ] }, 
                "down":  { "texture": "#main", "uv": [ 0.15625, 1.5625, 0.28125, 1.59375 ] }
            }
        }, 
        {
            "name": "Neck", 
            "from": [ -8, -1, 6 ], 
            "to":   [ 3, 4, 10 ], 
            "rotation": { "origin": [8, 8, 8], "axis": "z", "angle": -22.5 }, 
            "faces": {
                "north": { "texture": "#main", "uv": [ 1.5, 1.5, 1.875, 1.65625 ] }, 
                "east":  { "texture": "#main", "uv": [ 1.84375, 1.5, 1.96875, 1.65625 ] }, 
                "south": { "texture": "#main", "uv": [ 1.96875, 1.5, 2.3125, 1.65625 ] }, 
                "west":  { "texture": "#main", "uv": [ 2.3125, 1.5, 2.4375, 1.65625 ] }, 
                "up":    { "texture": "#main", "uv": [ 1.5, 1.65625, 1.84375, 1.78125 ] }, 
                "down":  { "texture": "#main", "uv": [ 1.96875, 1.65625, 2.3125, 1.78125 ] }
            }
        }, 
        {
            "name": "Head", 
            "from": [ -11, 4, 5.5 ], 
            "to":   [ -8, 11, 10.5 ], 
            "faces": {
                "north": { "texture": "#main", "uv": [ 3, 1.5, 3.125, 1.71875 ] }, 
                "east":  { "texture": "#main", "uv": [ 3.125, 1.5, 3.28125, 1.71875 ] }, 
                "south": { "texture": "#main", "uv": [ 3.28125, 1.5, 3.40625, 1.71875 ] }, 
                "west":  { "texture": "#main", "uv": [ 3.40625, 1.5, 3.5625, 1.71875 ] }, 
                "up":    { "texture": "#main", "uv": [ 3, 1.71875, 3.125, 1.875 ] }, 
                "down":  { "texture": "#main", "uv": [ 3.28125, 1.71875, 3.40625, 1.875 ] }
            }
        }, 
        {
            "name": "JawBottom", 
            "from": [ -16, 5, 6 ], 
            "to":   [ -11, 9, 10 ], 
            "faces": {
                "north": { "texture": "#main", "uv": [ 4.5, 1.5, 4.71875, 1.65625 ] }, 
                "east":  { "texture": "#main", "uv": [ 4.5, 1.75, 4.9375, 2 ] }, 
                "south": { "texture": "#main", "uv": [ 4.5, 1.75, 4.6875, 1.875 ] }, 
                "west":  { "texture": "#main", "uv": [ 4.5, 1.75, 4.65625, 1.90625 ] }, 
                "up":    { "texture": "#main", "uv": [ 4.5, 1.5, 4.65625, 1.625 ] }, 
                "down":  { "texture": "#main", "uv": [ 4.5, 1.5, 4.65625, 1.625 ] }
            }
        }, 
        {
            "name": "Snout", 
            "from": [ -13, 16, 6.1 ], 
            "to":   [ -8, 18, 9.899999999999999 ], 
            "rotation": { "origin": [8, 8, 8], "axis": "z", "angle": 22.5 }, 
            "faces": {
                "north": { "texture": "#main", "uv": [ 4.5, 1.5, 4.65625, 1.5625 ] }, 
                "east":  { "texture": "#main", "uv": [ 4.5, 1.5, 4.61875, 1.5625 ] }, 
                "south": { "texture": "#main", "uv": [ 4.5, 1.5, 4.65625, 1.5625 ] }, 
                "west":  { "texture": "#main", "uv": [ 4.5, 1.5, 4.61875, 1.5625 ] }, 
                "up":    { "texture": "#main", "uv": [ 4.5, 1.5, 4.65625, 1.61875 ] }, 
                "down":  { "texture": "#main", "uv": [ 4.5, 1.5, 4.65625, 1.61875 ] }
            }
        }, 
        {
            "name": "Sail1", 
            "from": [ -3, 6, 7.5 ], 
            "to":   [ 13, 8, 8.5 ], 
            "faces": {
                "north": { "texture": "#main", "uv": [ 6, 1.5, 6.5, 1.5625 ] }, 
                "east":  { "texture": "#main", "uv": [ 6.5, 1.5, 6.5625, 1.5625 ] }, 
                "south": { "texture": "#main", "uv": [ 6, 1.5625, 6.5, 1.625 ] }, 
                "west":  { "texture": "#main", "uv": [ 6.5, 1.625, 6.5625, 1.6875 ] }, 
                "up":    { "texture": "#main", "uv": [ 6, 1.625, 6.5, 1.6875 ] }, 
                "down":  { "texture": "#main", "uv": [ 6, 1.6875, 6.5, 1.75 ] }
            }
        }, 
        {
            "name": "Sail2", 
            "from": [ -9, 4, 7.5 ], 
            "to":   [ 7, 6, 8.5 ], 
            "rotation": { "origin": [8, 8, 8], "axis": "z", "angle": -22.5 }, 
            "faces": {
                "north": { "texture": "#main", "uv": [ 6, 1.75, 6.5, 1.8125 ] }, 
                "east":  { "texture": "#main", "uv": [ 6.5, 1.75, 6.5625, 1.8125 ] }, 
                "south": { "texture": "#main", "uv": [ 6, 1.8125, 6.5, 1.875 ] }, 
                "west":  { "texture": "#main", "uv": [ 6.5, 1.875, 6.5625, 1.9375 ] }, 
                "up":    { "texture": "#main", "uv": [ 6, 1.875, 6.5, 1.9375 ] }, 
                "down":  { "texture": "#main", "uv": [ 6, 1.9375, 6.5, 2 ] }
            }
        }, 
        {
            "name": "Leg1", 
            "from": [ 7, -3, 4 ], 
            "to":   [ 11, 3, 7 ], 
            "rotation": { "origin": [8, 8, 8], "axis": "z", "angle": -22.5 }, 
            "faces": {
                "north": { "texture": "#main", "uv": [ 0, 3, 0.125, 3.1875 ] }, 
                "east":  { "texture": "#main", "uv": [ 0.3125, 3, 0.43749999999999994, 3.1875 ] }, 
                "south": { "texture": "#main", "uv": [ 0.3125, 3, 0.43749999999999994, 3.1875 ] }, 
                "west":  { "texture": "#main", "uv": [ 0.1875, 3, 0.3125, 3.1875 ] }, 
                "up":    { "texture": "#main", "uv": [ 0, 3, 0.125, 3.1875 ] }, 
                "down":  { "texture": "#main", "uv": [ 0, 3, 0.25, 3.1875 ] }
            }
        }, 
        {
            "name": "Leg2", 
            "from": [ 7, -3, 9 ], 
            "to":   [ 11, 3, 12 ], 
            "rotation": { "origin": [8, 8, 8], "axis": "z", "angle": -22.5 }, 
            "faces": {
                "north": { "texture": "#main", "uv": [ 0, 3, 0.125, 3.1875 ] }, 
                "east":  { "texture": "#main", "uv": [ 0, 3, 0.125, 3.1875 ] }, 
                "south": { "texture": "#main", "uv": [ 0, 3, 0.125, 3.1875 ] }, 
                "west":  { "texture": "#main", "uv": [ 0, 3, 0.125, 3.1875 ] }, 
                "up":    { "texture": "#main", "uv": [ 0, 3, 0.125, 3.1875 ] }, 
                "down":  { "texture": "#main", "uv": [ 0, 3, 0.125, 3.1875 ] }
            }
        }, 
        {
            "name": "Leg3", 
            "from": [ -2, -3, 9.5 ], 
            "to":   [ 1, 3, 11.5 ], 
            "rotation": { "origin": [8, 8, 8], "axis": "z", "angle": 45 }, 
            "faces": {
                "north": { "texture": "#main", "uv": [ 0, 3, 0.125, 3.1875 ] }, 
                "east":  { "texture": "#main", "uv": [ 0, 3, 0.0625, 3.1875 ] }, 
                "south": { "texture": "#main", "uv": [ 0, 3, 0.125, 3.1875 ] }, 
                "west":  { "texture": "#main", "uv": [ 0, 3, 0.0625, 3.1875 ] }, 
                "up":    { "texture": "#main", "uv": [ 0, 3, 0.1875, 3.125 ] }, 
                "down":  { "texture": "#main", "uv": [ 0, 3, 0.1875, 3.125 ] }
            }
        }, 
        {
            "name": "Leg4", 
            "from": [ -2, -3, 4.5 ], 
            "to":   [ 1, 3, 6.5 ], 
            "rotation": { "origin": [8, 8, 8], "axis": "z", "angle": 45 }, 
            "faces": {
                "north": { "texture": "#main", "uv": [ 0, 3, 0.125, 3.1875 ] }, 
                "east":  { "texture": "#main", "uv": [ 0, 3, 0.0625, 3.1875 ] }, 
                "south": { "texture": "#main", "uv": [ 0, 3, 0.125, 3.1875 ] }, 
                "west":  { "texture": "#main", "uv": [ 0, 3, 0.0625, 3.1875 ] }, 
                "up":    { "texture": "#main", "uv": [ 0, 3, 0.1875, 3.125 ] }, 
                "down":  { "texture": "#main", "uv": [ 0, 3, 0.1875, 3.125 ] }
            }
        }, 
        {
            "name": "Leg5", 
            "from": [ 12, -9, 4.6 ], 
            "to":   [ 15, -3, 6.3999999999999995 ], 
            "rotation": { "origin": [8, 8, 8], "axis": "z", "angle": -22.5 }, 
            "faces": {
                "north": { "texture": "#main", "uv": [ 0, 3, 0.125, 3.1875 ] }, 
                "east":  { "texture": "#main", "uv": [ 0, 3, 0.05, 3.1875 ] }, 
                "south": { "texture": "#main", "uv": [ 0, 3, 0.125, 3.1875 ] }, 
                "west":  { "texture": "#main", "uv": [ 0, 3, 0.05, 3.1875 ] }, 
                "up":    { "texture": "#main", "uv": [ 0, 3, 0.1875, 3.1125 ] }, 
                "down":  { "texture": "#main", "uv": [ 0, 3, 0.1875, 3.1125 ] }
            }
        }, 
        {
            "name": "Leg6", 
            "from": [ 12, -9, 9.6 ], 
            "to":   [ 15, -3, 11.4 ], 
            "rotation": { "origin": [8, 8, 8], "axis": "z", "angle": -22.5 }, 
            "faces": {
                "north": { "texture": "#main", "uv": [ 0, 3, 0.125, 3.1875 ] }, 
                "east":  { "texture": "#main", "uv": [ 0, 3, 0.05, 3.1875 ] }, 
                "south": { "texture": "#main", "uv": [ 0, 3, 0.125, 3.1875 ] }, 
                "west":  { "texture": "#main", "uv": [ 0, 3, 0.05, 3.1875 ] }, 
                "up":    { "texture": "#main", "uv": [ 0, 3, 0.1875, 3.1125 ] }, 
                "down":  { "texture": "#main", "uv": [ 0, 3, 0.1875, 3.1125 ] }
            }
        }, 
        {
            "name": "Cube", 
            "from": [ 4, -10, 4 ], 
            "to":   [ 9, -8, 7 ], 
            "faces": {
                "north": { "texture": "#main", "uv": [ 0, 3, 0.1875, 3.0625 ] }, 
                "east":  { "texture": "#main", "uv": [ 0, 3, 0.0625, 3.0625 ] }, 
                "south": { "texture": "#main", "uv": [ 0, 3, 0.1875, 3.0625 ] }, 
                "west":  { "texture": "#main", "uv": [ 0, 3, 0.0625, 3.0625 ] }, 
                "up":    { "texture": "#main", "uv": [ 0, 3, 0.3125, 3.1875 ] }, 
                "down":  { "texture": "#main", "uv": [ 0, 3, 0.3125, 3.1875 ] }
            }
        }, 
        {
            "name": "Cube", 
            "from": [ 4, -10, 9 ], 
            "to":   [ 9, -8, 12 ], 
            "faces": {
                "north": { "texture": "#main", "uv": [ 0, 3, 0.1875, 3.0625 ] }, 
                "east":  { "texture": "#main", "uv": [ 0, 3, 0.1875, 3.0625 ] }, 
                "south": { "texture": "#main", "uv": [ 0, 3, 0.1875, 3.0625 ] }, 
                "west":  { "texture": "#main", "uv": [ 0, 3, 0.1875, 3.0625 ] }, 
                "up":    { "texture": "#main", "uv": [ 0, 3, 0.3125, 3.1875 ] }, 
                "down":  { "texture": "#main", "uv": [ 0, 3, 0.3125, 3.1875 ] }
            }
        }, 
        {
            "name": "Cube", 
            "from": [ -5, 1, 4 ], 
            "to":   [ -3.5, 7, 5.5 ], 
            "rotation": { "origin": [8, 8, 8], "axis": "z", "angle": 22.5 }, 
            "faces": {
                "north": { "texture": "#main", "uv": [ 4.5, 1.5, 4.5625, 1.6875 ] }, 
                "east":  { "texture": "#main", "uv": [ 4.5, 1.5, 4.5625, 1.6875 ] }, 
                "south": { "texture": "#main", "uv": [ 4.5, 1.5, 4.5625, 1.6875 ] }, 
                "west":  { "texture": "#main", "uv": [ 4.5, 1.5, 4.5625, 1.6875 ] }, 
                "up":    { "texture": "#main", "uv": [ 4.5, 1.5, 4.5625, 1.5625 ] }, 
                "down":  { "texture": "#main", "uv": [ 4.5, 1.5, 4.5625, 1.5625 ] }
            }
        }, 
        {
            "name": "Cube", 
            "from": [ -5, 1, 10.5 ], 
            "to":   [ -3.5, 7, 12 ], 
            "rotation": { "origin": [8, 8, 8], "axis": "z", "angle": 22.5 }, 
            "faces": {
                "north": { "texture": "#main", "uv": [ 4.5, 1.5, 4.546875, 1.6875 ] }, 
                "east":  { "texture": "#main", "uv": [ 4.5, 1.5, 4.546875, 1.6875 ] }, 
                "south": { "texture": "#main", "uv": [ 4.5, 1.5, 4.546875, 1.6875 ] }, 
                "west":  { "texture": "#main", "uv": [ 4.5, 1.5, 4.546875, 1.6875 ] }, 
                "up":    { "texture": "#main", "uv": [ 4.5, 1.5, 4.546875, 1.546875 ] }, 
                "down":  { "texture": "#main", "uv": [ 4.5, 1.5, 4.546875, 1.546875 ] }
            }
        }, 
        {
            "name": "Cube", 
            "from": [ 8.5, -11, 10.5 ], 
            "to":   [ 10, -5, 12 ], 
            "rotation": { "origin": [8, 8, 8], "axis": "z", "angle": -45 }, 
            "faces": {
                "north": { "texture": "#main", "uv": [ 4.5, 1.5, 4.546875, 1.6875 ] }, 
                "east":  { "texture": "#main", "uv": [ 4.5, 1.5, 4.546875, 1.6875 ] }, 
                "south": { "texture": "#main", "uv": [ 4.5, 1.5, 4.546875, 1.6875 ] }, 
                "west":  { "texture": "#main", "uv": [ 4.5, 1.5, 4.546875, 1.6875 ] }, 
                "up":    { "texture": "#main", "uv": [ 4.5, 1.5, 4.546875, 1.546875 ] }, 
                "down":  { "texture": "#main", "uv": [ 4.5, 1.5, 4.546875, 1.546875 ] }
            }
        }, 
        {
            "name": "Cube", 
            "from": [ 8.5, -11, 4 ], 
            "to":   [ 10, -5, 5.5 ], 
            "rotation": { "origin": [8, 8, 8], "axis": "z", "angle": -45 }, 
            "faces": {
                "north": { "texture": "#main", "uv": [ 4.5, 1.5, 4.546875, 1.6875 ] }, 
                "east":  { "texture": "#main", "uv": [ 4.5, 1.5, 4.546875, 1.6875 ] }, 
                "south": { "texture": "#main", "uv": [ 4.5, 1.5, 4.546875, 1.6875 ] }, 
                "west":  { "texture": "#main", "uv": [ 4.5, 1.5, 4.546875, 1.6875 ] }, 
                "up":    { "texture": "#main", "uv": [ 4.5, 1.5, 4.546875, 1.546875 ] }, 
                "down":  { "texture": "#main", "uv": [ 4.5, 1.5, 4.546875, 1.546875 ] }
            }
        }, 
        {
            "name": "Body", 
            "from": [ -6, 0, 5 ], 
            "to":   [ 5, 6, 11 ], 
            "faces": {
                "north": { "uv": [ 8, 0, 8.28125, 0.140625 ], "texture": "#main" }, 
                "east":  { "uv": [ 8.28125, 0, 8.515625, 0.140625 ], "texture": "#main" }, 
                "south": { "uv": [ 8.515625, 0, 8.796875, 0.140625 ], "texture": "#main" }, 
                "west":  { "uv": [ 8.796875, 0, 9.03125, 0.140625 ], "texture": "#main" }, 
                "up":    { "uv": [ 8, 0.140625, 8.253125, 0.28125 ], "texture": "#main" }, 
                "down":  { "uv": [ 8.515625, 0.140625, 8.76875, 0.28125 ], "texture": "#main" }
            }
        }, 
        {
            "name": "Tail1", 
            "from": [ 1, 0.5, 5.5 ], 
            "to":   [ 9, 6.5, 10.5 ], 
            "faces": {
                "north": { "uv": [ 9.5, 0, 9.75, 0.1875 ], "texture": "#main" }, 
                "east":  { "uv": [ 9.75, 0, 9.90625, 0.1875 ], "texture": "#main" }, 
                "south": { "uv": [ 9.90625, 0, 10.15625, 0.1875 ], "texture": "#main" }, 
                "west":  { "uv": [ 10.15625, 0, 10.3125, 0.1875 ], "texture": "#main" }, 
                "up":    { "uv": [ 9.5, 0.1875, 9.75, 0.34375 ], "texture": "#main" }, 
                "down":  { "uv": [ 9.90625, 0.1875, 10.15625, 0.34375 ], "texture": "#main" }
            }
        }, 
        {
            "name": "Tail2", 
            "from": [ 9, 1.5, 6 ], 
            "to":   [ 14, 6.5, 10 ], 
            "faces": {
                "north": { "uv": [ 11, 0, 11.15625, 0.15625 ], "texture": "#main" }, 
                "east":  { "uv": [ 11.15625, 0, 11.28125, 0.15625 ], "texture": "#main" }, 
                "south": { "uv": [ 11.28125, 0, 11.4375, 0.15625 ], "texture": "#main" }, 
                "west":  { "uv": [ 11.4375, 0, 11.5625, 0.15625 ], "texture": "#main" }, 
                "up":    { "uv": [ 11, 0.125, 11.15625, 0.28125 ], "texture": "#main" }, 
                "down":  { "uv": [ 11.28125, 0.15625, 11.4375, 0.28125 ], "texture": "#main" }
            }
        }, 
        {
            "name": "Tail3", 
            "from": [ 14, 2.5, 6.5 ], 
            "to":   [ 19, 6.5, 9.5 ], 
            "faces": {
                "north": { "uv": [ 12.5, 0, 12.65625, 0.125 ], "texture": "#main" }, 
                "east":  { "uv": [ 12.65625, 0, 12.75, 0.125 ], "texture": "#main" }, 
                "south": { "uv": [ 12.75, 0, 12.90625, 0.125 ], "texture": "#main" }, 
                "west":  { "uv": [ 12.90625, 0, 13, 0.125 ], "texture": "#main" }, 
                "up":    { "uv": [ 12.5, 0.125, 12.65625, 0.21874999999999997 ], "texture": "#main" }, 
                "down":  { "uv": [ 12.75, 0.125, 12.90625, 0.21874999999999997 ], "texture": "#main" }
            }
        }, 
        {
            "name": "Tail4", 
            "from": [ 19, 3.5, 7 ], 
            "to":   [ 23, 6.5, 9 ], 
            "faces": {
                "north": { "uv": [ 14, 0, 14.125, 0.09375 ], "texture": "#main" }, 
                "east":  { "uv": [ 14.125, 0, 14.1875, 0.09375 ], "texture": "#main" }, 
                "south": { "uv": [ 14.1875, 0, 14.3125, 0.09375 ], "texture": "#main" }, 
                "west":  { "uv": [ 14.3125, 0, 14.375, 0.09375 ], "texture": "#main" }, 
                "up":    { "uv": [ 14, 0.09375, 14.125, 0.15625 ], "texture": "#main" }, 
                "down":  { "uv": [ 14.1875, 0.09375, 14.3125, 0.15625 ], "texture": "#main" }
            }
        }, 
        {
            "name": "Tail5", 
            "from": [ 23, 4.5, 7.5 ], 
            "to":   [ 27, 6.5, 8.5 ], 
            "faces": {
                "north": { "uv": [ 8, 1.5, 8.125, 1.5625 ], "texture": "#main" }, 
                "east":  { "uv": [ 8.125, 1.5, 8.15625, 1.5625 ], "texture": "#main" }, 
                "south": { "uv": [ 8.15625, 1.5, 8.28125, 1.5625 ], "texture": "#main" }, 
                "west":  { "uv": [ 8.28125, 1.5, 8.3125, 1.5625 ], "texture": "#main" }, 
                "up":    { "uv": [ 8, 1.5625, 8.125, 1.59375 ], "texture": "#main" }, 
                "down":  { "uv": [ 8.15625, 1.5625, 8.28125, 1.59375 ], "texture": "#main" }
            }
        }, 
        {
            "name": "Neck", 
            "from": [ -8, -1, 6 ], 
            "to":   [ 3, 4, 10 ], 
            "rotation": { "angle": -22.5, "axis": "z", "origin": [8, 8, 8] }, 
            "faces": {
                "north": { "uv": [ 9.5, 1.5, 9.875, 1.65625 ], "texture": "#main" }, 
                "east":  { "uv": [ 9.84375, 1.5, 9.96875, 1.65625 ], "texture": "#main" }, 
                "south": { "uv": [ 9.96875, 1.5, 10.3125, 1.65625 ], "texture": "#main" }, 
                "west":  { "uv": [ 10.3125, 1.5, 10.4375, 1.65625 ], "texture": "#main" }, 
                "up":    { "uv": [ 9.5, 1.65625, 9.84375, 1.78125 ], "texture": "#main" }, 
                "down":  { "uv": [ 9.96875, 1.65625, 10.3125, 1.78125 ], "texture": "#main" }
            }
        }, 
        {
            "name": "Head", 
            "from": [ -11, 4, 5.5 ], 
            "to":   [ -8, 11, 10.5 ], 
            "faces": {
                "north": { "uv": [ 11, 1.5, 11.125, 1.71875 ], "texture": "#main" }, 
                "east":  { "uv": [ 11.125, 1.5, 11.28125, 1.71875 ], "texture": "#main" }, 
                "south": { "uv": [ 11.28125, 1.5, 11.40625, 1.71875 ], "texture": "#main" }, 
                "west":  { "uv": [ 11.40625, 1.5, 11.5625, 1.71875 ], "texture": "#main" }, 
                "up":    { "uv": [ 11, 1.71875, 11.125, 1.875 ], "texture": "#main" }, 
                "down":  { "uv": [ 11.28125, 1.71875, 11.40625, 1.875 ], "texture": "#main" }
            }
        }, 
        {
            "name": "JawBottom", 
            "from": [ -16, 5, 6 ], 
            "to":   [ -11, 9, 10 ], 
            "faces": {
                "north": { "uv": [ 12.5, 1.5, 12.71875, 1.65625 ], "texture": "#main" }, 
                "east":  { "uv": [ 12.5, 1.75, 12.9375, 2 ], "texture": "#main" }, 
                "south": { "uv": [ 12.5, 1.75, 12.6875, 1.875 ], "texture": "#main" }, 
                "west":  { "uv": [ 12.5, 1.75, 12.65625, 1.90625 ], "texture": "#main" }, 
                "up":    { "uv": [ 12.5, 1.5, 12.65625, 1.625 ], "texture": "#main" }, 
                "down":  { "uv": [ 12.5, 1.5, 12.65625, 1.625 ], "texture": "#main" }
            }
        }, 
        {
            "name": "Snout", 
            "from": [ -13, 16, 6.1 ], 
            "to":   [ -8, 18, 9.9 ], 
            "rotation": { "angle": 22.5, "axis": "z", "origin": [8, 8, 8] }, 
            "faces": {
                "north": { "uv": [ 12.5, 1.5, 12.65625, 1.5625 ], "texture": "#main" }, 
                "east":  { "uv": [ 12.5, 1.5, 12.61875, 1.5625 ], "texture": "#main" }, 
                "south": { "uv": [ 12.5, 1.5, 12.65625, 1.5625 ], "texture": "#main" }, 
                "west":  { "uv": [ 12.5, 1.5, 12.61875, 1.5625 ], "texture": "#main" }, 
                "up":    { "uv": [ 12.5, 1.5, 12.65625, 1.61875 ], "texture": "#main" }, 
                "down":  { "uv": [ 12.5, 1.5, 12.65625, 1.61875 ], "texture": "#main" }
            }
        }, 
        {
            "name": "Sail1", 
            "from": [ -3, 6, 7.5 ], 
            "to":   [ 13, 8, 8.5 ], 
            "faces": {
                "north": { "uv": [ 14, 1.5, 14.5, 1.5625 ], "texture": "#main" }, 
                "east":  { "uv": [ 14.5, 1.5, 14.5625, 1.5625 ], "texture": "#main" }, 
                "south": { "uv": [ 14, 1.5625, 14.5, 1.625 ], "texture": "#main" }, 
                "west":  { "uv": [ 14.5, 1.625, 14.5625, 1.6875 ], "texture": "#main" }, 
                "up":    { "uv": [ 14, 1.625, 14.5, 1.6875 ], "texture": "#main" }, 
                "down":  { "uv": [ 14, 1.6875, 14.5, 1.75 ], "texture": "#main" }
            }
        }, 
        {
            "name": "Sail2", 
            "from": [ -9, 4, 7.5 ], 
            "to":   [ 7, 6, 8.5 ], 
            "rotation": { "angle": -22.5, "axis": "z", "origin": [8, 8, 8] }, 
            "faces": {
                "north": { "uv": [ 14, 1.75, 14.5, 1.8125 ], "texture": "#main" }, 
                "east":  { "uv": [ 14.5, 1.75, 14.5625, 1.8125 ], "texture": "#main" }, 
                "south": { "uv": [ 14, 1.8125, 14.5, 1.875 ], "texture": "#main" }, 
                "west":  { "uv": [ 14.5, 1.875, 14.5625, 1.9375 ], "texture": "#main" }, 
                "up":    { "uv": [ 14, 1.875, 14.5, 1.9375 ], "texture": "#main" }, 
                "down":  { "uv": [ 14, 1.9375, 14.5, 2 ], "texture": "#main" }
            }
        }, 
        {
            "name": "Leg1", 
            "from": [ 7, -3, 4 ], 
            "to":   [ 11, 3, 7 ], 
            "rotation": { "angle": -45, "axis": "z", "origin": [8, 8, 8] }, 
            "faces": {
                "north": { "uv": [ 8, 3, 8.125, 3.1875 ], "texture": "#main" }, 
                "east":  { "uv": [ 8.3125, 3, 8.4375, 3.1875 ], "texture": "#main" }, 
                "south": { "uv": [ 8.3125, 3, 8.4375, 3.1875 ], "texture": "#main" }, 
                "west":  { "uv": [ 8.1875, 3, 8.3125, 3.1875 ], "texture": "#main" }, 
                "up":    { "uv": [ 8, 3, 8.125, 3.1875 ], "texture": "#main" }, 
                "down":  { "uv": [ 8, 3, 8.25, 3.1875 ], "texture": "#main" }
            }
        }, 
        {
            "name": "Leg2", 
            "from": [ 7, -3, 9 ], 
            "to":   [ 11, 3, 12 ], 
            "rotation": { "angle": -22.5, "axis": "z", "origin": [8, 8, 8] }, 
            "faces": {
                "north": { "uv": [ 8, 3, 8.125, 3.1875 ], "texture": "#main" }, 
                "east":  { "uv": [ 8, 3, 8.125, 3.1875 ], "texture": "#main" }, 
                "south": { "uv": [ 8, 3, 8.125, 3.1875 ], "texture": "#main" }, 
                "west":  { "uv": [ 8, 3, 8.125, 3.1875 ], "texture": "#main" }, 
                "up":    { "uv": [ 8, 3, 8.125, 3.1875 ], "texture": "#main" }, 
                "down":  { "uv": [ 8, 3, 8.125, 3.1875 ], "texture": "#main" }
            }
        }, 
        {
            "name": "Leg3", 
            "from": [ -2, -3, 9.5 ], 
            "to":   [ 1, 3, 11.5 ], 
            "rotation": { "angle": 45, "axis": "z", "origin": [8, 8, 8] }, 
            "faces": {
                "north": { "uv": [ 8, 3, 8.125, 3.1875 ], "texture": "#main" }, 
                "east":  { "uv": [ 8, 3, 8.0625, 3.1875 ], "texture": "#main" }, 
                "south": { "uv": [ 8, 3, 8.125, 3.1875 ], "texture": "#main" }, 
                "west":  { "uv": [ 8, 3, 8.0625, 3.1875 ], "texture": "#main" }, 
                "up":    { "uv": [ 8, 3, 8.1875, 3.125 ], "texture": "#main" }, 
                "down":  { "uv": [ 8, 3, 8.1875, 3.125 ], "texture": "#main" }
            }
        }, 
        {
            "name": "Leg4", 
            "from": [ -2, -3, 4.5 ], 
            "to":   [ 1, 3, 6.5 ], 
            "rotation": { "angle": 22.5, "axis": "z", "origin": [8, 8, 8] }, 
            "faces": {
                "north": { "uv": [ 8, 3, 8.125, 3.1875 ], "texture": "#main" }, 
                "east":  { "uv": [ 8, 3, 8.0625, 3.1875 ], "texture": "#main" }, 
                "south": { "uv": [ 8, 3, 8.125, 3.1875 ], "texture": "#main" }, 
                "west":  { "uv": [ 8, 3, 8.0625, 3.1875 ], "texture": "#main" }, 
                "up":    { "uv": [ 8, 3, 8.1875, 3.125 ], "texture": "#main" }, 
                "down":  { "uv": [ 8, 3, 8.1875, 3.125 ], "texture": "#main" }
            }
        }, 
        {
            "name": "Leg5", 
            "from": [ 12, -9, 4.6 ], 
            "to":   [ 15, -3, 6.4 ], 
            "rotation": { "angle": -45, "axis": "z", "origin": [8, 8, 8] }, 
            "faces": {
                "north": { "uv": [ 8, 3, 8.125, 3.1875 ], "texture": "#main" }, 
                "east":  { "uv": [ 8, 3, 8.05, 3.1875 ], "texture": "#main" }, 
                "south": { "uv": [ 8, 3, 8.125, 3.1875 ], "texture": "#main" }, 
                "west":  { "uv": [ 8, 3, 8.05, 3.1875 ], "texture": "#main" }, 
                "up":    { "uv": [ 8, 3, 8.1875, 3.1125 ], "texture": "#main" }, 
                "down":  { "uv": [ 8, 3, 8.1875, 3.1125 ], "texture": "#main" }
            }
        }, 
        {
            "name": "Leg6", 
            "from": [ 12, -9, 9.6 ], 
            "to":   [ 15, -3, 11.4 ], 
            "rotation": { "angle": -22.5, "axis": "z", "origin": [8, 8, 8] }, 
            "faces": {
                "north": { "uv": [ 8, 3, 8.125, 3.1875 ], "texture": "#main" }, 
                "east":  { "uv": [ 8, 3, 8.05, 3.1875 ], "texture": "#main" }, 
                "south": { "uv": [ 8, 3, 8.125, 3.1875 ], "texture": "#main" }, 
                "west":  { "uv": [ 8, 3, 8.05, 3.1875 ], "texture": "#main" }, 
                "up":    { "uv": [ 8, 3, 8.1875, 3.1125 ], "texture": "#main" }, 
                "down":  { "uv": [ 8, 3, 8.1875, 3.1125 ], "texture": "#main" }
            }
        }, 
        {
            "name": "Cube", 
            "from": [ -3, -9, 4 ], 
            "to":   [ 2, -7, 7 ], 
            "rotation": { "angle": 0, "axis": "z", "origin": [-0.5, -8, 5.5] }, 
            "faces": {
                "north": { "uv": [ 8, 3, 8.1875, 3.0625 ], "texture": "#main" }, 
                "east":  { "uv": [ 8, 3, 8.0625, 3.0625 ], "texture": "#main" }, 
                "south": { "uv": [ 8, 3, 8.1875, 3.0625 ], "texture": "#main" }, 
                "west":  { "uv": [ 8, 3, 8.0625, 3.0625 ], "texture": "#main" }, 
                "up":    { "uv": [ 8, 3, 8.3125, 3.1875 ], "texture": "#main" }, 
                "down":  { "uv": [ 8, 3, 8.3125, 3.1875 ], "texture": "#main" }
            }
        }, 
        {
            "name": "Cube", 
            "from": [ 4, -10, 9 ], 
            "to":   [ 9, -8, 12 ], 
            "faces": {
                "north": { "uv": [ 8, 3, 8.1875, 3.0625 ], "texture": "#main" }, 
                "east":  { "uv": [ 8, 3, 8.1875, 3.0625 ], "texture": "#main" }, 
                "south": { "uv": [ 8, 3, 8.1875, 3.0625 ], "texture": "#main" }, 
                "west":  { "uv": [ 8, 3, 8.1875, 3.0625 ], "texture": "#main" }, 
                "up":    { "uv": [ 8, 3, 8.3125, 3.1875 ], "texture": "#main" }, 
                "down":  { "uv": [ 8, 3, 8.3125, 3.1875 ], "texture": "#main" }
            }
        }, 
        {
            "name": "Cube", 
            "from": [ -5, 1, 4 ], 
            "to":   [ -3.5, 7, 5.5 ], 
            "rotation": { "angle": 22.5, "axis": "z", "origin": [8, 8, 8] }, 
            "faces": {
                "north": { "uv": [ 12.5, 1.5, 12.5625, 1.6875 ], "texture": "#main" }, 
                "east":  { "uv": [ 12.5, 1.5, 12.5625, 1.6875 ], "texture": "#main" }, 
                "south": { "uv": [ 12.5, 1.5, 12.5625, 1.6875 ], "texture": "#main" }, 
                "west":  { "uv": [ 12.5, 1.5, 12.5625, 1.6875 ], "texture": "#main" }, 
                "up":    { "uv": [ 12.5, 1.5, 12.5625, 1.5625 ], "texture": "#main" }, 
                "down":  { "uv": [ 12.5, 1.5, 12.5625, 1.5625 ], "texture": "#main" }
            }
        }, 
        {
            "name": "Cube", 
            "from": [ -5, 1, 10.5 ], 
            "to":   [ -3.5, 7, 12 ], 
            "rotation": { "angle": 22.5, "axis": "z", "origin": [8, 8, 8] }, 
            "faces": {
                "north": { "uv": [ 12.5, 1.5, 12.546875, 1.6875 ], "texture": "#main" }, 
                "east":  { "uv": [ 12.5, 1.5, 12.546875, 1.6875 ], "texture": "#main" }, 
                "south": { "uv": [ 12.5, 1.5, 12.546875, 1.6875 ], "texture": "#main" }, 
                "west":  { "uv": [ 12.5, 1.5, 12.546875, 1.6875 ], "texture": "#main" }, 
                "up":    { "uv": [ 12.5, 1.5, 12.546875, 1.546875 ], "texture": "#main" }, 
                "down":  { "uv": [ 12.5, 1.5, 12.546875, 1.546875 ], "texture": "#main" }
            }
        }, 
        {
            "name": "Cube", 
            "from": [ 8.5, -11, 10.5 ], 
            "to":   [ 10, -5, 12 ], 
            "rotation": { "angle": -45, "axis": "z", "origin": [8, 8, 8] }, 
            "faces": {
                "north": { "uv": [ 12.5, 1.5, 12.546875, 1.6875 ], "texture": "#main" }, 
                "east":  { "uv": [ 12.5, 1.5, 12.546875, 1.6875 ], "texture": "#main" }, 
                "south": { "uv": [ 12.5, 1.5, 12.546875, 1.6875 ], "texture": "#main" }, 
                "west":  { "uv": [ 12.5, 1.5, 12.546875, 1.6875 ], "texture": "#main" }, 
                "up":    { "uv": [ 12.5, 1.5, 12.546875, 1.546875 ], "texture": "#main" }, 
                "down":  { "uv": [ 12.5, 1.5, 12.546875, 1.546875 ], "texture": "#main" }
            }
        }, 
        {
            "name": "Cube", 
            "from": [ 8.5, -11, 4 ], 
            "to":   [ 10, -5, 5.5 ], 
            "rotation": { "angle": -45, "axis": "z", "origin": [8, 8, 8] }, 
            "faces": {
                "north": { "uv": [ 12.5, 1.5, 12.546875, 1.6875 ], "texture": "#main" }, 
                "east":  { "uv": [ 12.5, 1.5, 12.546875, 1.6875 ], "texture": "#main" }, 
                "south": { "uv": [ 12.5, 1.5, 12.546875, 1.6875 ], "texture": "#main" }, 
                "west":  { "uv": [ 12.5, 1.5, 12.546875, 1.6875 ], "texture": "#main" }, 
                "up":    { "uv": [ 12.5, 1.5, 12.546875, 1.546875 ], "texture": "#main" }, 
                "down":  { "uv": [ 12.5, 1.5, 12.546875, 1.546875 ], "texture": "#main" }
            }
        }, 
        {
            "name": "Body", 
            "from": [ -6, 0, 5 ], 
            "to":   [ 5, 6, 11 ], 
            "faces": {
                "north": { "uv": [ 0, 8, 0.28125, 8.140625 ], "texture": "#main" }, 
                "east":  { "uv": [ 0.28125, 8, 0.515625, 8.140625 ], "texture": "#main" }, 
                "south": { "uv": [ 0.515625, 8, 0.796875, 8.140625 ], "texture": "#main" }, 
                "west":  { "uv": [ 0.796875, 8, 1.03125, 8.140625 ], "texture": "#main" }, 
                "up":    { "uv": [ 0, 8.140625, 0.25312500000000004, 8.28125 ], "texture": "#main" }, 
                "down":  { "uv": [ 0.515625, 8.140625, 0.7687499999999999, 8.28125 ], "texture": "#main" }
            }
        }, 
        {
            "name": "Tail1", 
            "from": [ 1, 0.5, 5.5 ], 
            "to":   [ 9, 6.5, 10.5 ], 
            "faces": {
                "north": { "uv": [ 1.5, 8, 1.75, 8.1875 ], "texture": "#main" }, 
                "east":  { "uv": [ 1.75, 8, 1.90625, 8.1875 ], "texture": "#main" }, 
                "south": { "uv": [ 1.90625, 8, 2.15625, 8.1875 ], "texture": "#main" }, 
                "west":  { "uv": [ 2.15625, 8, 2.3125, 8.1875 ], "texture": "#main" }, 
                "up":    { "uv": [ 1.5, 8.1875, 1.75, 8.34375 ], "texture": "#main" }, 
                "down":  { "uv": [ 1.90625, 8.1875, 2.15625, 8.34375 ], "texture": "#main" }
            }
        }, 
        {
            "name": "Tail2", 
            "from": [ 9, 1.5, 6 ], 
            "to":   [ 14, 6.5, 10 ], 
            "faces": {
                "north": { "uv": [ 3, 8, 3.15625, 8.15625 ], "texture": "#main" }, 
                "east":  { "uv": [ 3.15625, 8, 3.28125, 8.15625 ], "texture": "#main" }, 
                "south": { "uv": [ 3.28125, 8, 3.4375, 8.15625 ], "texture": "#main" }, 
                "west":  { "uv": [ 3.4375, 8, 3.5625, 8.15625 ], "texture": "#main" }, 
                "up":    { "uv": [ 3, 8.125, 3.15625, 8.28125 ], "texture": "#main" }, 
                "down":  { "uv": [ 3.28125, 8.15625, 3.4375, 8.28125 ], "texture": "#main" }
            }
        }, 
        {
            "name": "Tail3", 
            "from": [ 14, 2.5, 6.5 ], 
            "to":   [ 19, 6.5, 9.5 ], 
            "faces": {
                "north": { "uv": [ 4.5, 8, 4.65625, 8.125 ], "texture": "#main" }, 
                "east":  { "uv": [ 4.65625, 8, 4.75, 8.125 ], "texture": "#main" }, 
                "south": { "uv": [ 4.75, 8, 4.90625, 8.125 ], "texture": "#main" }, 
                "west":  { "uv": [ 4.90625, 8, 5, 8.125 ], "texture": "#main" }, 
                "up":    { "uv": [ 4.5, 8.125, 4.65625, 8.21875 ], "texture": "#main" }, 
                "down":  { "uv": [ 4.75, 8.125, 4.90625, 8.21875 ], "texture": "#main" }
            }
        }, 
        {
            "name": "Tail4", 
            "from": [ 19, 3.5, 7 ], 
            "to":   [ 23, 6.5, 9 ], 
            "faces": {
                "north": { "uv": [ 6, 8, 6.125, 8.09375 ], "texture": "#main" }, 
                "east":  { "uv": [ 6.125, 8, 6.1875, 8.09375 ], "texture": "#main" }, 
                "south": { "uv": [ 6.1875, 8, 6.3125, 8.09375 ], "texture": "#main" }, 
                "west":  { "uv": [ 6.3125, 8, 6.375, 8.09375 ], "texture": "#main" }, 
                "up":    { "uv": [ 6, 8.09375, 6.125, 8.15625 ], "texture": "#main" }, 
                "down":  { "uv": [ 6.1875, 8.09375, 6.3125, 8.15625 ], "texture": "#main" }
            }
        }, 
        {
            "name": "Tail5", 
            "from": [ 23, 4.5, 7.5 ], 
            "to":   [ 27, 6.5, 8.5 ], 
            "faces": {
                "north": { "uv": [ 0, 9.5, 0.125, 9.5625 ], "texture": "#main" }, 
                "east":  { "uv": [ 0.125, 9.5, 0.15625, 9.5625 ], "texture": "#main" }, 
                "south": { "uv": [ 0.15625, 9.5, 0.28125, 9.5625 ], "texture": "#main" }, 
                "west":  { "uv": [ 0.28125, 9.5, 0.3125, 9.5625 ], "texture": "#main" }, 
                "up":    { "uv": [ 0, 9.5625, 0.125, 9.59375 ], "texture": "#main" }, 
                "down":  { "uv": [ 0.15625, 9.5625, 0.28125, 9.59375 ], "texture": "#main" }
            }
        }, 
        {
            "name": "Neck", 
            "from": [ -8, -1, 6 ], 
            "to":   [ 3, 4, 10 ], 
            "rotation": { "angle": -22.5, "axis": "z", "origin": [8, 8, 8] }, 
            "faces": {
                "north": { "uv": [ 1.5, 9.5, 1.875, 9.65625 ], "texture": "#main" }, 
                "east":  { "uv": [ 1.84375, 9.5, 1.96875, 9.65625 ], "texture": "#main" }, 
                "south": { "uv": [ 1.96875, 9.5, 2.3125, 9.65625 ], "texture": "#main" }, 
                "west":  { "uv": [ 2.3125, 9.5, 2.4375, 9.65625 ], "texture": "#main" }, 
                "up":    { "uv": [ 1.5, 9.65625, 1.84375, 9.78125 ], "texture": "#main" }, 
                "down":  { "uv": [ 1.96875, 9.65625, 2.3125, 9.78125 ], "texture": "#main" }
            }
        }, 
        {
            "name": "Head", 
            "from": [ -11, 4, 5.5 ], 
            "to":   [ -8, 11, 10.5 ], 
            "faces": {
                "north": { "uv": [ 3, 9.5, 3.125, 9.71875 ], "texture": "#main" }, 
                "east":  { "uv": [ 3.125, 9.5, 3.28125, 9.71875 ], "texture": "#main" }, 
                "south": { "uv": [ 3.28125, 9.5, 3.40625, 9.71875 ], "texture": "#main" }, 
                "west":  { "uv": [ 3.40625, 9.5, 3.5625, 9.71875 ], "texture": "#main" }, 
                "up":    { "uv": [ 3, 9.71875, 3.125, 9.875 ], "texture": "#main" }, 
                "down":  { "uv": [ 3.28125, 9.71875, 3.40625, 9.875 ], "texture": "#main" }
            }
        }, 
        {
            "name": "JawBottom", 
            "from": [ -16, 5, 6 ], 
            "to":   [ -11, 9, 10 ], 
            "faces": {
                "north": { "uv": [ 4.5, 9.5, 4.71875, 9.65625 ], "texture": "#main" }, 
                "east":  { "uv": [ 4.5, 9.75, 4.9375, 10 ], "texture": "#main" }, 
                "south": { "uv": [ 4.5, 9.75, 4.6875, 9.875 ], "texture": "#main" }, 
                "west":  { "uv": [ 4.5, 9.75, 4.65625, 9.90625 ], "texture": "#main" }, 
                "up":    { "uv": [ 4.5, 9.5, 4.65625, 9.625 ], "texture": "#main" }, 
                "down":  { "uv": [ 4.5, 9.5, 4.65625, 9.625 ], "texture": "#main" }
            }
        }, 
        {
            "name": "Snout", 
            "from": [ -13, 16, 6.1 ], 
            "to":   [ -8, 18, 9.9 ], 
            "rotation": { "angle": 22.5, "axis": "z", "origin": [8, 8, 8] }, 
            "faces": {
                "north": { "uv": [ 4.5, 9.5, 4.65625, 9.5625 ], "texture": "#main" }, 
                "east":  { "uv": [ 4.5, 9.5, 4.61875, 9.5625 ], "texture": "#main" }, 
                "south": { "uv": [ 4.5, 9.5, 4.65625, 9.5625 ], "texture": "#main" }, 
                "west":  { "uv": [ 4.5, 9.5, 4.61875, 9.5625 ], "texture": "#main" }, 
                "up":    { "uv": [ 4.5, 9.5, 4.65625, 9.61875 ], "texture": "#main" }, 
                "down":  { "uv": [ 4.5, 9.5, 4.65625, 9.61875 ], "texture": "#main" }
            }
        }, 
        {
            "name": "Sail1", 
            "from": [ -3, 6, 7.5 ], 
            "to":   [ 13, 8, 8.5 ], 
            "faces": {
                "north": { "uv": [ 6, 9.5, 6.5, 9.5625 ], "texture": "#main" }, 
                "east":  { "uv": [ 6.5, 9.5, 6.5625, 9.5625 ], "texture": "#main" }, 
                "south": { "uv": [ 6, 9.5625, 6.5, 9.625 ], "texture": "#main" }, 
                "west":  { "uv": [ 6.5, 9.625, 6.5625, 9.6875 ], "texture": "#main" }, 
                "up":    { "uv": [ 6, 9.625, 6.5, 9.6875 ], "texture": "#main" }, 
                "down":  { "uv": [ 6, 9.6875, 6.5, 9.75 ], "texture": "#main" }
            }
        }, 
        {
            "name": "Sail2", 
            "from": [ -9, 4, 7.5 ], 
            "to":   [ 7, 6, 8.5 ], 
            "rotation": { "angle": -22.5, "axis": "z", "origin": [8, 8, 8] }, 
            "faces": {
                "north": { "uv": [ 6, 9.75, 6.5, 9.8125 ], "texture": "#main" }, 
                "east":  { "uv": [ 6.5, 9.75, 6.5625, 9.8125 ], "texture": "#main" }, 
                "south": { "uv": [ 6, 9.8125, 6.5, 9.875 ], "texture": "#main" }, 
                "west":  { "uv": [ 6.5, 9.875, 6.5625, 9.9375 ], "texture": "#main" }, 
                "up":    { "uv": [ 6, 9.875, 6.5, 9.9375 ], "texture": "#main" }, 
                "down":  { "uv": [ 6, 9.9375, 6.5, 10 ], "texture": "#main" }
            }
        }, 
        {
            "name": "Leg1", 
            "from": [ 7, -3, 4 ], 
            "to":   [ 11, 3, 7 ], 
            "rotation": { "angle": -22.5, "axis": "z", "origin": [8, 8, 8] }, 
            "faces": {
                "north": { "uv": [ 0, 11, 0.125, 11.1875 ], "texture": "#main" }, 
                "east":  { "uv": [ 0.3125, 11, 0.43749999999999994, 11.1875 ], "texture": "#main" }, 
                "south": { "uv": [ 0.3125, 11, 0.43749999999999994, 11.1875 ], "texture": "#main" }, 
                "west":  { "uv": [ 0.1875, 11, 0.3125, 11.1875 ], "texture": "#main" }, 
                "up":    { "uv": [ 0, 11, 0.125, 11.1875 ], "texture": "#main" }, 
                "down":  { "uv": [ 0, 11, 0.25, 11.1875 ], "texture": "#main" }
            }
        }, 
        {
            "name": "Leg2", 
            "from": [ 7, -3, 9 ], 
            "to":   [ 11, 3, 12 ], 
            "rotation": { "angle": -45, "axis": "z", "origin": [8, 8, 8] }, 
            "faces": {
                "north": { "uv": [ 0, 11, 0.125, 11.1875 ], "texture": "#main" }, 
                "east":  { "uv": [ 0, 11, 0.125, 11.1875 ], "texture": "#main" }, 
                "south": { "uv": [ 0, 11, 0.125, 11.1875 ], "texture": "#main" }, 
                "west":  { "uv": [ 0, 11, 0.125, 11.1875 ], "texture": "#main" }, 
                "up":    { "uv": [ 0, 11, 0.125, 11.1875 ], "texture": "#main" }, 
                "down":  { "uv": [ 0, 11, 0.125, 11.1875 ], "texture": "#main" }
            }
        }, 
        {
            "name": "Leg3", 
            "from": [ -2, -3, 9.5 ], 
            "to":   [ 1, 3, 11.5 ], 
            "rotation": { "angle": 22.5, "axis": "z", "origin": [8, 8, 8] }, 
            "faces": {
                "north": { "uv": [ 0, 11, 0.125, 11.1875 ], "texture": "#main" }, 
                "east":  { "uv": [ 0, 11, 0.0625, 11.1875 ], "texture": "#main" }, 
                "south": { "uv": [ 0, 11, 0.125, 11.1875 ], "texture": "#main" }, 
                "west":  { "uv": [ 0, 11, 0.0625, 11.1875 ], "texture": "#main" }, 
                "up":    { "uv": [ 0, 11, 0.1875, 11.125 ], "texture": "#main" }, 
                "down":  { "uv": [ 0, 11, 0.1875, 11.125 ], "texture": "#main" }
            }
        }, 
        {
            "name": "Leg4", 
            "from": [ -2, -3, 4.5 ], 
            "to":   [ 1, 3, 6.5 ], 
            "rotation": { "angle": 45, "axis": "z", "origin": [8, 8, 8] }, 
            "faces": {
                "north": { "uv": [ 0, 11, 0.125, 11.1875 ], "texture": "#main" }, 
                "east":  { "uv": [ 0, 11, 0.0625, 11.1875 ], "texture": "#main" }, 
                "south": { "uv": [ 0, 11, 0.125, 11.1875 ], "texture": "#main" }, 
                "west":  { "uv": [ 0, 11, 0.0625, 11.1875 ], "texture": "#main" }, 
                "up":    { "uv": [ 0, 11, 0.1875, 11.125 ], "texture": "#main" }, 
                "down":  { "uv": [ 0, 11, 0.1875, 11.125 ], "texture": "#main" }
            }
        }, 
        {
            "name": "Leg5", 
            "from": [ 12, -9, 4.6 ], 
            "to":   [ 15, -3, 6.4 ], 
            "rotation": { "angle": -22.5, "axis": "z", "origin": [8, 8, 8] }, 
            "faces": {
                "north": { "uv": [ 0, 11, 0.125, 11.1875 ], "texture": "#main" }, 
                "east":  { "uv": [ 0, 11, 0.05, 11.1875 ], "texture": "#main" }, 
                "south": { "uv": [ 0, 11, 0.125, 11.1875 ], "texture": "#main" }, 
                "west":  { "uv": [ 0, 11, 0.05, 11.1875 ], "texture": "#main" }, 
                "up":    { "uv": [ 0, 11, 0.1875, 11.1125 ], "texture": "#main" }, 
                "down":  { "uv": [ 0, 11, 0.1875, 11.1125 ], "texture": "#main" }
            }
        }, 
        {
            "name": "Leg6", 
            "from": [ 12, -9, 9.6 ], 
            "to":   [ 15, -3, 11.4 ], 
            "rotation": { "angle": -45, "axis": "z", "origin": [8, 8, 8] }, 
            "faces": {
                "north": { "uv": [ 0, 11, 0.125, 11.1875 ], "texture": "#main" }, 
                "east":  { "uv": [ 0, 11, 0.05, 11.1875 ], "texture": "#main" }, 
                "south": { "uv": [ 0, 11, 0.125, 11.1875 ], "texture": "#main" }, 
                "west":  { "uv": [ 0, 11, 0.05, 11.1875 ], "texture": "#main" }, 
                "up":    { "uv": [ 0, 11, 0.1875, 11.1125 ], "texture": "#main" }, 
                "down":  { "uv": [ 0, 11, 0.1875, 11.1125 ], "texture": "#main" }
            }
        }, 
        {
            "name": "Cube", 
            "from": [ 4, -10, 4 ], 
            "to":   [ 9, -8, 7 ], 
            "rotation": { "angle": 0, "axis": "z", "origin": [6.5, -9, 5.5] }, 
            "faces": {
                "north": { "uv": [ 0, 11, 0.1875, 11.0625 ], "texture": "#main" }, 
                "east":  { "uv": [ 0, 11, 0.0625, 11.0625 ], "texture": "#main" }, 
                "south": { "uv": [ 0, 11, 0.1875, 11.0625 ], "texture": "#main" }, 
                "west":  { "uv": [ 0, 11, 0.0625, 11.0625 ], "texture": "#main" }, 
                "up":    { "uv": [ 0, 11, 0.3125, 11.1875 ], "texture": "#main" }, 
                "down":  { "uv": [ 0, 11, 0.3125, 11.1875 ], "texture": "#main" }
            }
        }, 
        {
            "name": "Cube", 
            "from": [ -3, -9, 9 ], 
            "to":   [ 2, -7, 12 ], 
            "faces": {
                "north": { "uv": [ 0, 11, 0.1875, 11.0625 ], "texture": "#main" }, 
                "east":  { "uv": [ 0, 11, 0.1875, 11.0625 ], "texture": "#main" }, 
                "south": { "uv": [ 0, 11, 0.1875, 11.0625 ], "texture": "#main" }, 
                "west":  { "uv": [ 0, 11, 0.1875, 11.0625 ], "texture": "#main" }, 
                "up":    { "uv": [ 0, 11, 0.3125, 11.1875 ], "texture": "#main" }, 
                "down":  { "uv": [ 0, 11, 0.3125, 11.1875 ], "texture": "#main" }
            }
        }, 
        {
            "name": "Cube", 
            "from": [ -5, 1, 4 ], 
            "to":   [ -3.5, 7, 5.5 ], 
            "rotation": { "angle": 22.5, "axis": "z", "origin": [8, 8, 8] }, 
            "faces": {
                "north": { "uv": [ 4.5, 9.5, 4.5625, 9.6875 ], "texture": "#main" }, 
                "east":  { "uv": [ 4.5, 9.5, 4.5625, 9.6875 ], "texture": "#main" }, 
                "south": { "uv": [ 4.5, 9.5, 4.5625, 9.6875 ], "texture": "#main" }, 
                "west":  { "uv": [ 4.5, 9.5, 4.5625, 9.6875 ], "texture": "#main" }, 
                "up":    { "uv": [ 4.5, 9.5, 4.5625, 9.5625 ], "texture": "#main" }, 
                "down":  { "uv": [ 4.5, 9.5, 4.5625, 9.5625 ], "texture": "#main" }
            }
        }, 
        {
            "name": "Cube", 
            "from": [ -5, 1, 10.5 ], 
            "to":   [ -3.5, 7, 12 ], 
            "rotation": { "angle": 22.5, "axis": "z", "origin": [8, 8, 8] }, 
            "faces": {
                "north": { "uv": [ 4.5, 9.5, 4.546875, 9.6875 ], "texture": "#main" }, 
                "east":  { "uv": [ 4.5, 9.5, 4.546875, 9.6875 ], "texture": "#main" }, 
                "south": { "uv": [ 4.5, 9.5, 4.546875, 9.6875 ], "texture": "#main" }, 
                "west":  { "uv": [ 4.5, 9.5, 4.546875, 9.6875 ], "texture": "#main" }, 
                "up":    { "uv": [ 4.5, 9.5, 4.546875, 9.546875 ], "texture": "#main" }, 
                "down":  { "uv": [ 4.5, 9.5, 4.546875, 9.546875 ], "texture": "#main" }
            }
        }, 
        {
            "name": "Cube", 
            "from": [ 8.5, -11, 10.5 ], 
            "to":   [ 10, -5, 12 ], 
            "rotation": { "angle": -45, "axis": "z", "origin": [8, 8, 8] }, 
            "faces": {
                "north": { "uv": [ 4.5, 9.5, 4.546875, 9.6875 ], "texture": "#main" }, 
                "east":  { "uv": [ 4.5, 9.5, 4.546875, 9.6875 ], "texture": "#main" }, 
                "south": { "uv": [ 4.5, 9.5, 4.546875, 9.6875 ], "texture": "#main" }, 
                "west":  { "uv": [ 4.5, 9.5, 4.546875, 9.6875 ], "texture": "#main" }, 
                "up":    { "uv": [ 4.5, 9.5, 4.546875, 9.546875 ], "texture": "#main" }, 
                "down":  { "uv": [ 4.5, 9.5, 4.546875, 9.546875 ], "texture": "#main" }
            }
        }, 
        {
            "name": "Cube", 
            "from": [ 8.5, -11, 4 ], 
            "to":   [ 10, -5, 5.5 ], 
            "rotation": { "angle": -45, "axis": "z", "origin": [8, 8, 8] }, 
            "faces": {
                "north": { "uv": [ 4.5, 9.5, 4.546875, 9.6875 ], "texture": "#main" }, 
                "east":  { "uv": [ 4.5, 9.5, 4.546875, 9.6875 ], "texture": "#main" }, 
                "south": { "uv": [ 4.5, 9.5, 4.546875, 9.6875 ], "texture": "#main" }, 
                "west":  { "uv": [ 4.5, 9.5, 4.546875, 9.6875 ], "texture": "#main" }, 
                "up":    { "uv": [ 4.5, 9.5, 4.546875, 9.546875 ], "texture": "#main" }, 
                "down":  { "uv": [ 4.5, 9.5, 4.546875, 9.546875 ], "texture": "#main" }
            }
        }
    ], 
    "display": {
        "ground": {
            "rotation": [ 0, 0, 0 ], 
            "translation": [ 0, 0, 0 ], 
            "scale": [ 0.5, 0.5, 0.5 ]
        }, 
        "head": {
            "rotation": [ 0, -90, 0 ], 
            "translation": [ 0, 15, 0 ], 
            "scale": [ 3.5, 3.5, 3.5 ]
        }, 
        "thirdperson_righthand": {
            "rotation": [ 0, 0, 0 ], 
            "translation": [ 0, 3, 1 ], 
            "scale": [ 0.55, 0.55, 0.55 ]
        }, 
        "firstperson_righthand": {
            "rotation": [ 0, -90, 25 ], 
            "translation": [ 1.13, 3.2, 1.13 ], 
            "scale": [ 0, 0, 0 ]
        }
    }
}