{
	"credit": "Made with Blockbench",
	"elements": [
		{
			"name": "Body",
			"from": [-5, 1, 5],
			"to": [6, 8, 11],
			"rotation": {"angle": 0, "axis": "y", "origin": [0.5, 4.5, 8]},
			"faces": {
				"north": {"uv": [0, 0, 3, 1.5], "texture": "#0"},
				"east": {"uv": [3, 0, 5.5, 1.5], "texture": "#0"},
				"south": {"uv": [5.5, 0, 8.5, 1.5], "texture": "#0"},
				"west": {"uv": [8.5, 0, 11, 1.5], "texture": "#0"},
				"up": {"uv": [0, 1.5, 2.7, 3], "texture": "#0"},
				"down": {"uv": [5.5, 1.5, 8.2, 3], "texture": "#0"}
			}
		},
		{
			"name": "Tail1",
			"from": [3, 1.5, 5.5],
			"to": [11, 7.5, 10.5],
			"faces": {
				"north": {"uv": [0, 0, 4, 3], "texture": "#1"},
				"east": {"uv": [4, 0, 6.5, 3], "texture": "#1"},
				"south": {"uv": [6.5, 0, 10.5, 3], "texture": "#1"},
				"west": {"uv": [10.5, 0, 13, 3], "texture": "#1"},
				"up": {"uv": [0, 3, 4, 5.5], "texture": "#1"},
				"down": {"uv": [6.5, 3, 10.5, 5.5], "texture": "#1"}
			}
		},
		{
			"name": "Tail2",
			"from": [10, 1.7, 6],
			"to": [15, 6.7, 10],
			"faces": {
				"north": {"uv": [0, 0, 2.5, 2.5], "texture": "#2"},
				"east": {"uv": [2.5, 0, 4.5, 2.5], "texture": "#2"},
				"south": {"uv": [4.5, 0, 7, 2.5], "texture": "#2"},
				"west": {"uv": [7, 0, 9, 2.5], "texture": "#2"},
				"up": {"uv": [0, 2, 2.5, 4.5], "texture": "#2"},
				"down": {"uv": [4.5, 2.5, 7, 4.5], "texture": "#2"}
			}
		},
		{
			"name": "Tail3",
			"from": [13, 2.5, 6.5],
			"to": [23, 6.5, 9.5],
			"faces": {
				"north": {"uv": [0, 0, 5, 4], "texture": "#3"},
				"east": {"uv": [5, 0, 8, 4], "texture": "#3"},
				"south": {"uv": [8, 0, 13, 4], "texture": "#3"},
				"west": {"uv": [13, 0, 16, 4], "texture": "#3"},
				"up": {"uv": [0, 4, 5, 7], "texture": "#3"},
				"down": {"uv": [8, 4, 13, 7], "texture": "#3"}
			}
		},
		{
			"name": "Tail4",
			"from": [21, 2.9, 7],
			"to": [28, 5.9, 9],
			"faces": {
				"north": {"uv": [0, 0, 4, 3], "texture": "#4"},
				"east": {"uv": [4, 0, 6, 3], "texture": "#4"},
				"south": {"uv": [6, 0, 10, 3], "texture": "#4"},
				"west": {"uv": [10, 0, 12, 3], "texture": "#4"},
				"up": {"uv": [0, 3, 4, 5], "texture": "#4"},
				"down": {"uv": [6, 3, 10, 5], "texture": "#4"}
			}
		},
		{
			"name": "Tail5",
			"from": [27, 3.5, 7.5],
			"to": [32, 5.5, 8.5],
			"faces": {
				"north": {"uv": [0, 0, 4, 2], "texture": "#5"},
				"east": {"uv": [4, 0, 5, 2], "texture": "#5"},
				"south": {"uv": [5, 0, 9, 2], "texture": "#5"},
				"west": {"uv": [9, 0, 10, 2], "texture": "#5"},
				"up": {"uv": [0, 2, 4, 3], "texture": "#5"},
				"down": {"uv": [5, 2, 9, 3], "texture": "#5"}
			}
		},
		{
			"name": "Neck",
			"from": [-9, 0, 6],
			"to": [3, 5, 10],
			"rotation": {"angle": -22.5, "axis": "z", "origin": [10, 9, 8]},
			"faces": {
				"north": {"uv": [0, 0, 6, 2.5], "texture": "#6"},
				"east": {"uv": [5.5, 0, 7.5, 2.5], "texture": "#6"},
				"south": {"uv": [7.5, 0, 13, 2.5], "texture": "#6"},
				"west": {"uv": [13, 0, 15, 2.5], "texture": "#6"},
				"up": {"uv": [0, 2.5, 5.5, 4.5], "texture": "#6"},
				"down": {"uv": [7.5, 2.5, 13, 4.5], "texture": "#6"}
			}
		},
		{
			"name": "Head",
			"from": [-11, 8, 5.5],
			"to": [-8, 12, 10.5],
			"faces": {
				"north": {"uv": [0, 0, 2, 3.5], "texture": "#7"},
				"east": {"uv": [2, 0, 4.5, 3.5], "texture": "#7"},
				"south": {"uv": [4.5, 0, 6.5, 3.5], "texture": "#7"},
				"west": {"uv": [6.5, 0, 9, 3.5], "texture": "#7"},
				"up": {"uv": [0, 3.5, 2, 6], "texture": "#7"},
				"down": {"uv": [4.5, 3.5, 6.5, 6], "texture": "#7"}
			}
		},
		{
			"name": "JawBottom",
			"from": [-16, 8, 6],
			"to": [-9, 11, 10],
			"faces": {
				"north": {"uv": [0, 0, 7, 5], "texture": "#8"},
				"east": {"uv": [0, 8, 14, 16], "texture": "#8"},
				"south": {"uv": [0, 8, 6, 12], "texture": "#8"},
				"west": {"uv": [0, 8, 5, 13], "texture": "#8"},
				"up": {"uv": [0, 0, 5, 4], "texture": "#8"},
				"down": {"uv": [0, 0, 5, 4], "texture": "#8"}
			}
		},
		{
			"name": "Snout",
			"from": [-11, 17, 6.1],
			"to": [-7, 20, 9.9],
			"rotation": {"angle": 22.5, "axis": "z", "origin": [10, 9, 8]},
			"faces": {
				"north": {"uv": [0, 0, 5, 2], "texture": "#8"},
				"east": {"uv": [0, 0, 3.8, 2], "texture": "#8"},
				"south": {"uv": [0, 0, 5, 2], "texture": "#8"},
				"west": {"uv": [0, 0, 3.8, 2], "texture": "#8"},
				"up": {"uv": [0, 0, 5, 3.8], "texture": "#8"},
				"down": {"uv": [0, 0, 5, 3.8], "texture": "#8"}
			}
		},
		{
			"name": "Leg1",
			"from": [9, -4, 4],
			"to": [13, 4, 7],
			"rotation": {"angle": -22.5, "axis": "z", "origin": [10, 9, 8]},
			"faces": {
				"north": {"uv": [0, 0, 2, 3], "texture": "#10"},
				"east": {"uv": [5, 0, 7, 3], "texture": "#10"},
				"south": {"uv": [5, 0, 7, 3], "texture": "#10"},
				"west": {"uv": [3, 0, 5, 3], "texture": "#10"},
				"up": {"uv": [0, 0, 2, 3], "texture": "#10"},
				"down": {"uv": [0, 0, 4, 3], "texture": "#10"}
			}
		},
		{
			"name": "Leg2",
			"from": [9, -4, 9],
			"to": [13, 4, 12],
			"rotation": {"angle": -22.5, "axis": "z", "origin": [10, 9, 8]},
			"faces": {
				"north": {"uv": [0, 0, 2, 3], "texture": "#10"},
				"east": {"uv": [0, 0, 2, 3], "texture": "#10"},
				"south": {"uv": [0, 0, 2, 3], "texture": "#10"},
				"west": {"uv": [0, 0, 2, 3], "texture": "#10"},
				"up": {"uv": [0, 0, 2, 3], "texture": "#10"},
				"down": {"uv": [0, 0, 2, 3], "texture": "#10"}
			}
		},
		{
			"name": "Leg3",
			"from": [0, -4, 9.5],
			"to": [3, 2, 11.5],
			"rotation": {"angle": 45, "axis": "z", "origin": [10, 7, 8]},
			"faces": {
				"north": {"uv": [0, 0, 2, 3], "texture": "#10"},
				"east": {"uv": [0, 0, 1, 3], "texture": "#10"},
				"south": {"uv": [0, 0, 2, 3], "texture": "#10"},
				"west": {"uv": [0, 0, 1, 3], "texture": "#10"},
				"up": {"uv": [0, 0, 3, 2], "texture": "#10"},
				"down": {"uv": [0, 0, 3, 2], "texture": "#10"}
			}
		},
		{
			"name": "Leg4",
			"from": [0, -4, 4.5],
			"to": [3, 2, 6.5],
			"rotation": {"angle": 45, "axis": "z", "origin": [10, 7, 8]},
			"faces": {
				"north": {"uv": [0, 0, 2, 3], "texture": "#10"},
				"east": {"uv": [0, 0, 1, 3], "texture": "#10"},
				"south": {"uv": [0, 0, 2, 3], "texture": "#10"},
				"west": {"uv": [0, 0, 1, 3], "texture": "#10"},
				"up": {"uv": [0, 0, 3, 2], "texture": "#10"},
				"down": {"uv": [0, 0, 3, 2], "texture": "#10"}
			}
		},
		{
			"name": "Leg5",
			"from": [15, -10, 4.6],
			"to": [17, -5, 6.4],
			"rotation": {"angle": -22.5, "axis": "z", "origin": [10, 9, 8]},
			"faces": {
				"north": {"uv": [0, 0, 2, 3], "texture": "#10"},
				"east": {"uv": [0, 0, 0.8, 3], "texture": "#10"},
				"south": {"uv": [0, 0, 2, 3], "texture": "#10"},
				"west": {"uv": [0, 0, 0.8, 3], "texture": "#10"},
				"up": {"uv": [0, 0, 3, 1.8], "texture": "#10"},
				"down": {"uv": [0, 0, 3, 1.8], "texture": "#10"}
			}
		},
		{
			"name": "Leg6",
			"from": [15, -10, 9.6],
			"to": [17, -5, 11.4],
			"rotation": {"angle": -22.5, "axis": "z", "origin": [10, 8, 8]},
			"faces": {
				"north": {"uv": [0, 0, 2, 3], "texture": "#10"},
				"east": {"uv": [0, 0, 0.8, 3], "texture": "#10"},
				"south": {"uv": [0, 0, 2, 3], "texture": "#10"},
				"west": {"uv": [0, 0, 0.8, 3], "texture": "#10"},
				"up": {"uv": [0, 0, 3, 1.8], "texture": "#10"},
				"down": {"uv": [0, 0, 3, 1.8], "texture": "#10"}
			}
		},
		{
			"name": "Cube",
			"from": [4, -11, 4],
			"to": [9, -9, 7],
			"faces": {
				"north": {"uv": [0, 0, 3, 1], "texture": "#10"},
				"east": {"uv": [0, 0, 1, 1], "texture": "#10"},
				"south": {"uv": [0, 0, 3, 1], "texture": "#10"},
				"west": {"uv": [0, 0, 1, 1], "texture": "#10"},
				"up": {"uv": [0, 0, 5, 3], "texture": "#10"},
				"down": {"uv": [0, 0, 5, 3], "texture": "#10"}
			}
		},
		{
			"name": "Cube",
			"from": [4, -11, 9],
			"to": [9, -9, 12],
			"faces": {
				"north": {"uv": [0, 0, 3, 1], "texture": "#10"},
				"east": {"uv": [0, 0, 3, 1], "texture": "#10"},
				"south": {"uv": [0, 0, 3, 1], "texture": "#10"},
				"west": {"uv": [0, 0, 3, 1], "texture": "#10"},
				"up": {"uv": [0, 0, 5, 3], "texture": "#10"},
				"down": {"uv": [0, 0, 5, 3], "texture": "#10"}
			}
		},
		{
			"name": "Cube",
			"from": [-7, 3, 4],
			"to": [-4.5, 7, 5.5],
			"rotation": {"angle": 22.5, "axis": "z", "origin": [6, 8, 8]},
			"faces": {
				"north": {"uv": [0, 0, 2, 6], "texture": "#8"},
				"east": {"uv": [0, 0, 2, 6], "texture": "#8"},
				"south": {"uv": [0, 0, 2, 6], "texture": "#8"},
				"west": {"uv": [0, 0, 2, 6], "texture": "#8"},
				"up": {"uv": [0, 0, 2, 2], "texture": "#8"},
				"down": {"uv": [0, 0, 2, 2], "texture": "#8"}
			}
		},
		{
			"name": "Cube",
			"from": [-7, 3, 10.5],
			"to": [-4.5, 7, 12],
			"rotation": {"angle": 22.5, "axis": "z", "origin": [6, 8, 8]},
			"faces": {
				"north": {"uv": [0, 0, 1.5, 6], "texture": "#8"},
				"east": {"uv": [0, 0, 1.5, 6], "texture": "#8"},
				"south": {"uv": [0, 0, 1.5, 6], "texture": "#8"},
				"west": {"uv": [0, 0, 1.5, 6], "texture": "#8"},
				"up": {"uv": [0, 0, 1.5, 1.5], "texture": "#8"},
				"down": {"uv": [0, 0, 1.5, 1.5], "texture": "#8"}
			}
		},
		{
			"name": "Cube",
			"from": [5.5, -9, 10.5],
			"to": [7, -4, 12],
			"rotation": {"angle": -45, "axis": "z", "origin": [5, 9, 8]},
			"faces": {
				"north": {"uv": [0, 0, 1.5, 6], "texture": "#8"},
				"east": {"uv": [0, 0, 1.5, 6], "texture": "#8"},
				"south": {"uv": [0, 0, 1.5, 6], "texture": "#8"},
				"west": {"uv": [0, 0, 1.5, 6], "texture": "#8"},
				"up": {"uv": [0, 0, 1.5, 1.5], "texture": "#8"},
				"down": {"uv": [0, 0, 1.5, 1.5], "texture": "#8"}
			}
		},
		{
			"name": "Cube",
			"from": [5.5, -9, 4],
			"to": [7, -4, 5.5],
			"rotation": {"angle": -45, "axis": "z", "origin": [5, 10, 8]},
			"faces": {
				"north": {"uv": [0, 0, 1.5, 6], "texture": "#8"},
				"east": {"uv": [0, 0, 1.5, 6], "texture": "#8"},
				"south": {"uv": [0, 0, 1.5, 6], "texture": "#8"},
				"west": {"uv": [0, 0, 1.5, 6], "texture": "#8"},
				"up": {"uv": [0, 0, 1.5, 1.5], "texture": "#8"},
				"down": {"uv": [0, 0, 1.5, 1.5], "texture": "#8"}
			}
		},
		{
			"from": [-11, 11, 9],
			"to": [-10, 13, 10],
			"rotation": {"angle": -45, "axis": "z", "origin": [-10.5, 11.5, 9.5]},
			"faces": {
				"north": {"uv": [0, 0, 1, 2], "texture": "#missing"},
				"east": {"uv": [0, 0, 1, 2], "texture": "#missing"},
				"south": {"uv": [0, 0, 1, 2], "texture": "#missing"},
				"west": {"uv": [0, 0, 1, 2], "texture": "#missing"},
				"up": {"uv": [0, 0, 1, 1], "texture": "#missing"},
				"down": {"uv": [0, 0, 1, 1], "texture": "#missing"}
			}
		},
		{
			"from": [-11, 11, 6],
			"to": [-10, 13, 7],
			"rotation": {"angle": -45, "axis": "z", "origin": [-10.5, 11.5, 6.5]},
			"faces": {
				"north": {"uv": [0, 0, 1, 2], "texture": "#missing"},
				"east": {"uv": [0, 0, 1, 2], "texture": "#missing"},
				"south": {"uv": [0, 0, 1, 2], "texture": "#missing"},
				"west": {"uv": [0, 0, 1, 2], "texture": "#missing"},
				"up": {"uv": [0, 0, 1, 1], "texture": "#missing"},
				"down": {"uv": [0, 0, 1, 1], "texture": "#missing"}
			}
		},
		{
			"from": [-15, 7, 7],
			"to": [-10, 8, 9],
			"faces": {
				"north": {"uv": [0, 0, 5, 1], "texture": "#missing"},
				"east": {"uv": [0, 0, 2, 1], "texture": "#missing"},
				"south": {"uv": [0, 0, 5, 1], "texture": "#missing"},
				"west": {"uv": [0, 0, 2, 1], "texture": "#missing"},
				"up": {"uv": [0, 0, 5, 2], "texture": "#missing"},
				"down": {"uv": [0, 0, 5, 2], "texture": "#missing"}
			}
		}
	],
	"display": {
		"ground": {
			"rotation": [0, 0, 0],
			"translation": [0, 0, 0],
			"scale": [0.5, 0.5, 0.5]
		},
		"head": {
			"rotation": [0, -90, 0],
			"translation": [0, 30, 0],
			"scale": [4, 4, 4]
		},
		"thirdperson_righthand": {
			"rotation": [0, 0, 0],
			"translation": [0, 3, 1],
			"scale": [0.55, 0.55, 0.55]
		},
		"firstperson_righthand": {
			"rotation": [0, -90, 25],
			"translation": [1.13, 3.2, 1.13],
			"scale": [0, 0, 0]
		}
	}
}