{
	"credit": "Made with Blockbench",
	"elements": [
		{
			"from": [4, 0, 4],
			"to": [6, 5, 6],
			"faces": {
				"north": {"uv": [10, 11, 12, 16], "texture": "#missing"},
				"east": {"uv": [13, 11, 15, 16], "texture": "#missing"},
				"south": {"uv": [4, 11, 6, 16], "texture": "#missing"},
				"west": {"uv": [0, 11, 2, 16], "texture": "#missing"},
				"up": {"uv": [4, 0, 6, 2], "texture": "#missing"},
				"down": {"uv": [4, 13, 6, 15], "texture": "#missing"}
			}
		},
		{
			"from": [10, 0, 14],
			"to": [12, 5, 16],
			"faces": {
				"north": {"uv": [0, 0, 2, 4], "texture": "#missing"},
				"east": {"uv": [0, 0, 2, 4], "texture": "#missing"},
				"south": {"uv": [0, 0, 2, 4], "texture": "#missing"},
				"west": {"uv": [0, 0, 2, 4], "texture": "#missing"},
				"up": {"uv": [0, 0, 2, 2], "texture": "#missing"},
				"down": {"uv": [0, 0, 2, 2], "texture": "#missing"}
			}
		},
		{
			"from": [4, 0, 14],
			"to": [6, 5, 16],
			"faces": {
				"north": {"uv": [0, 0, 2, 4], "texture": "#missing"},
				"east": {"uv": [0, 0, 2, 4], "texture": "#missing"},
				"south": {"uv": [0, 0, 2, 4], "texture": "#missing"},
				"west": {"uv": [0, 0, 2, 4], "texture": "#missing"},
				"up": {"uv": [0, 0, 2, 2], "texture": "#missing"},
				"down": {"uv": [0, 0, 2, 2], "texture": "#missing"}
			}
		},
		{
			"from": [10, 0, 4],
			"to": [12, 5, 6],
			"faces": {
				"north": {"uv": [0, 0, 2, 5], "texture": "#missing"},
				"east": {"uv": [0, 0, 2, 5], "texture": "#missing"},
				"south": {"uv": [0, 0, 2, 5], "texture": "#missing"},
				"west": {"uv": [0, 0, 2, 5], "texture": "#missing"},
				"up": {"uv": [0, 0, 2, 2], "texture": "#missing"},
				"down": {"uv": [0, 0, 2, 2], "texture": "#missing"}
			}
		},
		{
			"from": [10, 4, 11],
			"to": [13, 10, 14],
			"rotation": {"angle": -22.5, "axis": "x", "origin": [11.5, 6.5, 12.5]},
			"faces": {
				"north": {"uv": [0, 0, 3, 5], "texture": "#missing"},
				"east": {"uv": [0, 0, 3, 5], "texture": "#missing"},
				"south": {"uv": [0, 0, 3, 5], "texture": "#missing"},
				"west": {"uv": [0, 0, 3, 5], "texture": "#missing"},
				"up": {"uv": [0, 0, 3, 3], "texture": "#missing"},
				"down": {"uv": [0, 0, 3, 3], "texture": "#missing"}
			}
		},
		{
			"from": [4, 4, 2],
			"to": [6, 9, 5],
			"rotation": {"angle": -22.5, "axis": "x", "origin": [5, 6.5, 3.5]},
			"faces": {
				"north": {"uv": [0, 0, 2, 5], "texture": "#missing"},
				"east": {"uv": [0, 0, 3, 5], "texture": "#missing"},
				"south": {"uv": [0, 0, 2, 5], "texture": "#missing"},
				"west": {"uv": [0, 0, 3, 5], "texture": "#missing"},
				"up": {"uv": [0, 0, 2, 3], "texture": "#missing"},
				"down": {"uv": [0, 0, 2, 3], "texture": "#missing"}
			}
		},
		{
			"from": [3, 4, 11],
			"to": [6, 10, 14],
			"rotation": {"angle": -22.5, "axis": "x", "origin": [4.5, 6.5, 12.5]},
			"faces": {
				"north": {"uv": [0, 0, 3, 5], "texture": "#missing"},
				"east": {"uv": [0, 0, 3, 5], "texture": "#missing"},
				"south": {"uv": [0, 0, 3, 5], "texture": "#missing"},
				"west": {"uv": [0, 0, 3, 5], "texture": "#missing"},
				"up": {"uv": [0, 0, 3, 3], "texture": "#missing"},
				"down": {"uv": [0, 0, 3, 3], "texture": "#missing"}
			}
		},
		{
			"from": [10, 4, 2],
			"to": [12, 9, 5],
			"rotation": {"angle": -22.5, "axis": "x", "origin": [11, 6.5, 3]},
			"faces": {
				"north": {"uv": [0, 0, 2, 5], "texture": "#missing"},
				"east": {"uv": [0, 0, 2, 5], "texture": "#missing"},
				"south": {"uv": [0, 0, 2, 5], "texture": "#missing"},
				"west": {"uv": [0, 0, 2, 5], "texture": "#missing"},
				"up": {"uv": [0, 0, 2, 2], "texture": "#missing"},
				"down": {"uv": [0, 0, 2, 2], "texture": "#missing"}
			}
		},
		{
			"from": [5, 6, 1],
			"to": [11, 12, 10],
			"faces": {
				"north": {"uv": [0, 0, 6, 6], "texture": "#missing"},
				"east": {"uv": [0, 0, 9, 6], "texture": "#missing"},
				"south": {"uv": [0, 0, 6, 6], "texture": "#missing"},
				"west": {"uv": [0, 0, 9, 6], "texture": "#missing"},
				"up": {"uv": [0, 0, 6, 9], "texture": "#missing"},
				"down": {"uv": [0, 0, 6, 9], "texture": "#missing"}
			}
		},
		{
			"from": [6, 6, 8],
			"to": [10, 11, 15],
			"rotation": {"angle": 22.5, "axis": "x", "origin": [8, 8.5, 11.5]},
			"faces": {
				"north": {"uv": [0, 0, 4, 4], "texture": "#missing"},
				"east": {"uv": [0, 0, 8, 4], "texture": "#missing"},
				"south": {"uv": [0, 0, 4, 4], "texture": "#missing"},
				"west": {"uv": [0, 0, 8, 4], "texture": "#missing"},
				"up": {"uv": [0, 0, 4, 8], "texture": "#missing"},
				"down": {"uv": [0, 0, 4, 8], "texture": "#missing"}
			}
		},
		{
			"from": [7, 4.5, 20],
			"to": [9, 6.5, 28],
			"rotation": {"angle": 0, "axis": "x", "origin": [8, 5.5, 24]},
			"faces": {
				"north": {"uv": [0, 0, 2, 1], "texture": "#missing"},
				"east": {"uv": [0, 0, 9, 1], "texture": "#missing"},
				"south": {"uv": [0, 0, 2, 1], "texture": "#missing"},
				"west": {"uv": [0, 0, 9, 1], "texture": "#missing"},
				"up": {"uv": [0, 0, 2, 9], "texture": "#missing"},
				"down": {"uv": [0, 0, 2, 9], "texture": "#missing"}
			}
		},
		{
			"from": [6.5, 5, 14],
			"to": [9.5, 8, 21],
			"rotation": {"angle": 22.5, "axis": "x", "origin": [8, 6.5, 17.5]},
			"faces": {
				"north": {"uv": [0, 0, 2, 2], "texture": "#missing"},
				"east": {"uv": [0, 0, 7, 2], "texture": "#missing"},
				"south": {"uv": [0, 0, 2, 2], "texture": "#missing"},
				"west": {"uv": [0, 0, 7, 2], "texture": "#missing"},
				"up": {"uv": [0, 0, 2, 7], "texture": "#missing"},
				"down": {"uv": [0, 0, 2, 7], "texture": "#missing"}
			}
		},
		{
			"from": [7, 17, -4],
			"to": [9, 20, 2],
			"rotation": {"angle": 45, "axis": "x", "origin": [8, 19, -1]},
			"faces": {
				"north": {"uv": [0, 0, 2, 2], "texture": "#missing"},
				"east": {"uv": [0, 0, 6, 2], "texture": "#missing"},
				"south": {"uv": [0, 0, 2, 2], "texture": "#missing"},
				"west": {"uv": [0, 0, 6, 2], "texture": "#missing"},
				"up": {"uv": [0, 0, 2, 6], "texture": "#missing"},
				"down": {"uv": [0, 0, 2, 6], "texture": "#missing"}
			}
		},
		{
			"from": [6.25, 10, 0],
			"to": [9.75, 18, 3],
			"rotation": {"angle": -22.5, "axis": "x", "origin": [8.25, 16, 1.5]},
			"faces": {
				"north": {"uv": [0, 0, 2, 9], "texture": "#missing"},
				"east": {"uv": [0, 0, 3, 9], "texture": "#missing"},
				"south": {"uv": [0, 0, 2, 9], "texture": "#missing"},
				"west": {"uv": [0, 0, 3, 9], "texture": "#missing"},
				"up": {"uv": [0, 0, 2, 3], "texture": "#missing"},
				"down": {"uv": [0, 0, 2, 3], "texture": "#missing"}
			}
		},
		{
			"from": [7, 19.7, -8],
			"to": [9, 22.7, -3],
			"rotation": {"angle": 22.5, "axis": "x", "origin": [8, 20.7, -5]},
			"faces": {
				"north": {"uv": [0, 0, 2, 2], "texture": "#missing"},
				"east": {"uv": [0, 0, 3, 2], "texture": "#missing"},
				"south": {"uv": [0, 0, 2, 2], "texture": "#missing"},
				"west": {"uv": [0, 0, 3, 2], "texture": "#missing"},
				"up": {"uv": [0, 0, 2, 3], "texture": "#missing"},
				"down": {"uv": [0, 0, 2, 3], "texture": "#missing"}
			}
		},
		{
			"from": [6.5, 21, -11],
			"to": [9.5, 24, -7],
			"faces": {
				"north": {"uv": [0, 0, 2, 3], "texture": "#missing"},
				"east": {"uv": [0, 0, 4, 3], "texture": "#missing"},
				"south": {"uv": [0, 0, 2, 3], "texture": "#missing"},
				"west": {"uv": [0, 0, 4, 3], "texture": "#missing"},
				"up": {"uv": [0, 0, 2, 4], "texture": "#missing"},
				"down": {"uv": [0, 0, 2, 4], "texture": "#missing"}
			}
		},
		{
			"from": [5, 6.5, 9],
			"to": [6, 11.5, 12],
			"rotation": {"angle": 22.5, "axis": "x", "origin": [5.5, 9, 10.5]},
			"faces": {
				"north": {"uv": [0, 0, 1, 4], "texture": "#missing"},
				"east": {"uv": [0, 0, 3, 4], "texture": "#missing"},
				"south": {"uv": [0, 0, 1, 4], "texture": "#missing"},
				"west": {"uv": [0, 0, 3, 4], "texture": "#missing"},
				"up": {"uv": [0, 0, 1, 3], "texture": "#missing"},
				"down": {"uv": [0, 0, 1, 3], "texture": "#missing"}
			}
		},
		{
			"from": [10, 6.5, 9],
			"to": [11, 11.5, 12],
			"rotation": {"angle": 22.5, "axis": "x", "origin": [10.5, 9, 10.5]},
			"faces": {
				"north": {"uv": [0, 0, 1, 4], "texture": "#missing"},
				"east": {"uv": [0, 0, 3, 4], "texture": "#missing"},
				"south": {"uv": [0, 0, 1, 4], "texture": "#missing"},
				"west": {"uv": [0, 0, 3, 4], "texture": "#missing"},
				"up": {"uv": [0, 0, 1, 3], "texture": "#missing"},
				"down": {"uv": [0, 0, 1, 3], "texture": "#missing"}
			}
		},
		{
			"from": [7, 9, 1],
			"to": [9, 14, 3],
			"rotation": {"angle": -22.5, "axis": "x", "origin": [8, 11.5, 1.5]},
			"faces": {
				"north": {"uv": [0, 0, 2, 5], "texture": "#missing"},
				"east": {"uv": [0, 0, 2, 5], "texture": "#missing"},
				"south": {"uv": [0, 0, 2, 5], "texture": "#missing"},
				"west": {"uv": [0, 0, 2, 5], "texture": "#missing"},
				"up": {"uv": [0, 0, 2, 2], "texture": "#missing"},
				"down": {"uv": [0, 0, 2, 2], "texture": "#missing"}
			}
		},
		{
			"from": [7, 14, 0],
			"to": [9, 16, 1],
			"rotation": {"angle": -22.5, "axis": "x", "origin": [8, 15, 0.5]},
			"faces": {
				"north": {"uv": [0, 0, 2, 2], "texture": "#missing"},
				"east": {"uv": [0, 0, 1, 2], "texture": "#missing"},
				"south": {"uv": [0, 0, 2, 2], "texture": "#missing"},
				"west": {"uv": [0, 0, 1, 2], "texture": "#missing"},
				"up": {"uv": [0, 0, 2, 1], "texture": "#missing"},
				"down": {"uv": [0, 0, 2, 1], "texture": "#missing"}
			}
		}
	],
	"display": {
		"head": {
			"scale": [4, 4, 4],
			"translation": [0, -13, 0]
		},
		"thirdperson_righthand": {
			"scale": [3, 3, 3],
			"rotation": [0, 0, 0],
			"translation": [-6, 0, 11]
		},
		"ground": {
			"scale": [4, 4, 4],
			"rotation": [180, 180, 180]
		},
		"fixed": {
			"scale": [4, 4, 4],
			"translation": [32, 32, 32],
			"rotation": [180, 180, 180]
		},
		"firstperson_lefthand": {
			"scale": [4, 4, 4],
			"rotation": [0, 0, 0]
		}
	}
}