{
    "__comment": "Model generated using MrCrayfish's Model Creator (http://mrcrayfish.com/modelcreator/)",
    "textures": {
        "0": "block/dodo_light_feather",
        "1": "block/dodo_beak",
        "2": "block/dodo_feathers_brown",
        "3": "block/dodo_eye"
    },
    "elements": [
        {
            "name": "Cube",
            "from": [ 5.0, 3.0, 3.0 ], 
            "to": [ 11.0, 9.0, 11.0 ], 
            "faces": {
                "north": { "texture": "#0", "uv": [ 0.0, 0.0, 6.0, 6.0 ] },
                "east": { "texture": "#0", "uv": [ 0.0, 0.0, 8.0, 6.0 ] },
                "south": { "texture": "#0", "uv": [ 0.0, 0.0, 6.0, 6.0 ] },
                "west": { "texture": "#0", "uv": [ 0.0, 0.0, 8.0, 6.0 ] },
                "up": { "texture": "#0", "uv": [ 0.0, 0.0, 6.0, 8.0 ] },
                "down": { "texture": "#0", "uv": [ 0.0, 0.0, 6.0, 8.0 ] }
            }
        },
        {
            "name": "Cube",
            "from": [ 6.5, 6.0, 9.0 ], 
            "to": [ 9.5, 13.0, 12.0 ], 
            "rotation": { "origin": [ 8.0, 8.0, 8.0 ], "axis": "x", "angle": 22.5 },
            "faces": {
                "north": { "texture": "#0", "uv": [ 0.0, 0.0, 3.0, 7.0 ] },
                "east": { "texture": "#0", "uv": [ 0.0, 0.0, 3.0, 7.0 ] },
                "south": { "texture": "#0", "uv": [ 0.0, 0.0, 3.0, 7.0 ] },
                "west": { "texture": "#0", "uv": [ 0.0, 0.0, 3.0, 7.0 ] },
                "up": { "texture": "#0", "uv": [ 0.0, 0.0, 3.0, 3.0 ] },
                "down": { "texture": "#0", "uv": [ 0.0, 0.0, 3.0, 3.0 ] }
            }
        },
        {
            "name": "Cube",
            "from": [ 4.0, 1.0, 8.0 ], 
            "to": [ 5.5, 4.0, 9.5 ], 
            "rotation": { "origin": [ 8.0, 8.0, 8.0 ], "axis": "x", "angle": 22.5 },
            "faces": {
                "north": { "texture": "#0", "uv": [ 0.0, 0.0, 1.5, 3.0 ] },
                "east": { "texture": "#0", "uv": [ 0.0, 0.0, 1.5, 3.0 ] },
                "south": { "texture": "#0", "uv": [ 0.0, 0.0, 1.5, 3.0 ] },
                "west": { "texture": "#0", "uv": [ 0.0, 0.0, 1.5, 3.0 ] },
                "up": { "texture": "#0", "uv": [ 0.0, 0.0, 1.5, 1.5 ] },
                "down": { "texture": "#0", "uv": [ 0.0, 0.0, 1.5, 1.5 ] }
            }
        },
        {
            "name": "Cube",
            "from": [ 10.5, 1.0, 8.0 ], 
            "to": [ 12.0, 4.0, 9.5 ], 
            "rotation": { "origin": [ 8.0, 8.0, 8.0 ], "axis": "x", "angle": 22.5 },
            "faces": {
                "north": { "texture": "#0", "uv": [ 0.0, 0.0, 1.5, 3.0 ] },
                "east": { "texture": "#0", "uv": [ 0.0, 0.0, 1.5, 3.0 ] },
                "south": { "texture": "#0", "uv": [ 0.0, 0.0, 1.5, 3.0 ] },
                "west": { "texture": "#0", "uv": [ 0.0, 0.0, 1.5, 3.0 ] },
                "up": { "texture": "#0", "uv": [ 0.0, 0.0, 1.5, 1.5 ] },
                "down": { "texture": "#0", "uv": [ 0.0, 0.0, 1.5, 1.5 ] }
            }
        },
        {
            "name": "Cube",
            "from": [ 10.5, 0.0, 3.0 ], 
            "to": [ 12.0, 3.0, 4.5 ], 
            "rotation": { "origin": [ 8.0, 8.0, 8.0 ], "axis": "x", "angle": -22.5 },
            "faces": {
                "north": { "texture": "#1", "uv": [ 0.0, 0.0, 1.5, 3.0 ] },
                "east": { "texture": "#1", "uv": [ 0.0, 0.0, 1.5, 3.0 ] },
                "south": { "texture": "#1", "uv": [ 0.0, 0.0, 1.5, 3.0 ] },
                "west": { "texture": "#1", "uv": [ 0.0, 0.0, 1.5, 3.0 ] },
                "up": { "texture": "#1", "uv": [ 0.0, 0.0, 1.5, 1.5 ] },
                "down": { "texture": "#1", "uv": [ 0.0, 0.0, 1.5, 1.5 ] }
            }
        },
        {
            "name": "Cube",
            "from": [ 4.0, 0.0, 3.0 ], 
            "to": [ 5.5, 3.0, 4.5 ], 
            "rotation": { "origin": [ 8.0, 8.0, 8.0 ], "axis": "x", "angle": -22.5 },
            "faces": {
                "north": { "texture": "#1", "uv": [ 0.0, 0.0, 1.5, 3.0 ] },
                "east": { "texture": "#1", "uv": [ 0.0, 0.0, 1.5, 3.0 ] },
                "south": { "texture": "#1", "uv": [ 0.0, 0.0, 1.5, 3.0 ] },
                "west": { "texture": "#1", "uv": [ 0.0, 0.0, 1.5, 3.0 ] },
                "up": { "texture": "#1", "uv": [ 0.0, 0.0, 1.5, 1.5 ] },
                "down": { "texture": "#1", "uv": [ 0.0, 0.0, 1.5, 1.5 ] }
            }
        },
        {
            "name": "Cube",
            "from": [ 4.0, 5.0, 5.0 ], 
            "to": [ 12.0, 8.0, 10.0 ], 
            "faces": {
                "north": { "texture": "#2", "uv": [ 0.0, 0.0, 8.0, 3.0 ] },
                "east": { "texture": "#2", "uv": [ 0.0, 0.0, 5.0, 3.0 ] },
                "south": { "texture": "#2", "uv": [ 0.0, 0.0, 8.0, 3.0 ] },
                "west": { "texture": "#2", "uv": [ 0.0, 0.0, 5.0, 3.0 ] },
                "up": { "texture": "#2", "uv": [ 0.0, 0.0, 8.0, 5.0 ] },
                "down": { "texture": "#2", "uv": [ 0.0, 0.0, 8.0, 5.0 ] }
            }
        },
        {
            "name": "Cube",
            "from": [ 6.0, 9.0, 10.0 ], 
            "to": [ 10.0, 13.0, 14.0 ], 
            "faces": {
                "north": { "texture": "#0", "uv": [ 0.0, 0.0, 4.0, 4.0 ] },
                "east": { "texture": "#3", "uv": [ 4.0, 8.0, 8.0, 12.0 ] },
                "south": { "texture": "#0", "uv": [ 0.0, 0.0, 4.0, 4.0 ] },
                "west": { "texture": "#3", "uv": [ 3.0, 8.0, 7.0, 12.0 ] },
                "up": { "texture": "#0", "uv": [ 0.0, 0.0, 4.0, 4.0 ] },
                "down": { "texture": "#0", "uv": [ 0.0, 0.0, 4.0, 4.0 ] }
            }
        },
        {
            "name": "Cube",
            "from": [ 6.5, 9.0, 14.0 ], 
            "to": [ 9.5, 11.5, 18.0 ], 
            "faces": {
                "north": { "texture": "#1", "uv": [ 0.0, 0.0, 3.0, 2.5 ] },
                "east": { "texture": "#1", "uv": [ 4.0, 5.0, 8.0, 7.5 ] },
                "south": { "texture": "#1", "uv": [ 3.0, 5.0, 6.0, 7.5 ] },
                "west": { "texture": "#1", "uv": [ 3.0, 7.0, 7.0, 9.5 ] },
                "up": { "texture": "#1", "uv": [ 9.0, 4.0, 12.0, 8.0 ] },
                "down": { "texture": "#1", "uv": [ 4.0, 4.0, 7.0, 8.0 ] }
            }
        },
        {
            "name": "Cube",
            "from": [ 6.0, 6.0, 1.0 ], 
            "to": [ 10.0, 11.0, 5.0 ], 
            "faces": {
                "north": { "texture": "#2", "uv": [ 0.0, 0.0, 4.0, 5.0 ] },
                "east": { "texture": "#2", "uv": [ 0.0, 0.0, 4.0, 5.0 ] },
                "south": { "texture": "#2", "uv": [ 0.0, 0.0, 4.0, 5.0 ] },
                "west": { "texture": "#2", "uv": [ 0.0, 0.0, 4.0, 5.0 ] },
                "up": { "texture": "#2", "uv": [ 0.0, 0.0, 4.0, 4.0 ] },
                "down": { "texture": "#2", "uv": [ 0.0, 0.0, 4.0, 4.0 ] }
            }
        }
    ]
}