{
	"credit": "Made with Blockbench",
	"elements": [
		{
			"name": "Head",
			"from": [-10, 14.5, 6],
			"to": [-4, 18.5, 10],
			"rotation": {"angle": 0, "axis": "z", "origin": [-7, 20.5, 7.5]},
			"faces": {
				"north": {"uv": [0, 0, 4, 3], "texture": "#1", "rotation": 270},
				"east": {"uv": [0, 3, 4, 5.5], "texture": "#1", "rotation": 90},
				"south": {"uv": [6.5, 0, 10.5, 3], "texture": "#1", "rotation": 90},
				"west": {"uv": [6.5, 3, 10.5, 5.5], "texture": "#1", "rotation": 90},
				"up": {"uv": [10.5, 0, 13, 3], "texture": "#1", "rotation": 90},
				"down": {"uv": [4, 0, 6.5, 3], "texture": "#1", "rotation": 90}
			}
		},
		{
			"name": "Snout",
			"from": [-14, 14.5, 6],
			"to": [-10, 17.5, 10],
			"rotation": {"angle": 0, "axis": "z", "origin": [-13, 20.5, 7.5]},
			"faces": {
				"north": {"uv": [0, 0, 4, 3], "texture": "#1", "rotation": 270},
				"east": {"uv": [0, 3, 4, 5.5], "texture": "#1", "rotation": 90},
				"south": {"uv": [6.5, 0, 10.5, 3], "texture": "#1", "rotation": 90},
				"west": {"uv": [6.5, 3, 10.5, 5.5], "texture": "#1", "rotation": 90},
				"up": {"uv": [10.5, 0, 13, 3], "texture": "#1", "rotation": 90},
				"down": {"uv": [4, 0, 6.5, 3], "texture": "#1", "rotation": 90}
			}
		},
		{
			"name": "Neck",
			"from": [-5, 4.5, 6.5],
			"to": [-2, 16.5, 9.5],
			"rotation": {"angle": 22.5, "axis": "z", "origin": [-2, 10.5, 8]},
			"faces": {
				"north": {"uv": [0, 0, 4, 3], "texture": "#1", "rotation": 270},
				"east": {"uv": [0, 3, 4, 5.5], "texture": "#1", "rotation": 90},
				"south": {"uv": [6.5, 0, 10.5, 3], "texture": "#1", "rotation": 90},
				"west": {"uv": [6.5, 3, 10.5, 5.5], "texture": "#1", "rotation": 90},
				"up": {"uv": [10.5, 0, 13, 3], "texture": "#1", "rotation": 90},
				"down": {"uv": [4, 0, 6.5, 3], "texture": "#1", "rotation": 90}
			}
		},
		{
			"name": "Body",
			"from": [-3, 0.5, 5.5],
			"to": [9, 6.5, 10.5],
			"faces": {
				"north": {"uv": [0, 0, 4, 3], "texture": "#1"},
				"east": {"uv": [4, 0, 6.5, 3], "texture": "#1"},
				"south": {"uv": [6.5, 0, 10.5, 3], "texture": "#1"},
				"west": {"uv": [10.5, 0, 13, 3], "texture": "#1"},
				"up": {"uv": [0, 3, 4, 5.5], "texture": "#1"},
				"down": {"uv": [6.5, 3, 10.5, 5.5], "texture": "#1"}
			}
		},
		{
			"name": "Tail1",
			"from": [9, 1.5, 6],
			"to": [14, 6.5, 10],
			"faces": {
				"north": {"uv": [0, 0, 2.5, 2.5], "texture": "#2"},
				"east": {"uv": [2.5, 0, 4.5, 2.5], "texture": "#2"},
				"south": {"uv": [4.5, 0, 7, 2.5], "texture": "#2"},
				"west": {"uv": [7, 0, 9, 2.5], "texture": "#2"},
				"up": {"uv": [0, 2, 2.5, 4.5], "texture": "#2"},
				"down": {"uv": [4.5, 2.5, 7, 4.5], "texture": "#2"}
			}
		},
		{
			"name": "Tail2",
			"from": [14, 2.5, 6.5],
			"to": [19, 6.5, 9.5],
			"faces": {
				"north": {"uv": [0, 0, 5, 4], "texture": "#3"},
				"east": {"uv": [5, 0, 8, 4], "texture": "#3"},
				"south": {"uv": [8, 0, 13, 4], "texture": "#3"},
				"west": {"uv": [13, 0, 16, 4], "texture": "#3"},
				"up": {"uv": [0, 4, 5, 7], "texture": "#3"},
				"down": {"uv": [8, 4, 13, 7], "texture": "#3"}
			}
		},
		{
			"name": "Tail3",
			"from": [19, 3.5, 7],
			"to": [23, 6.5, 9],
			"faces": {
				"north": {"uv": [0, 0, 4, 3], "texture": "#4"},
				"east": {"uv": [4, 0, 6, 3], "texture": "#4"},
				"south": {"uv": [6, 0, 10, 3], "texture": "#4"},
				"west": {"uv": [10, 0, 12, 3], "texture": "#4"},
				"up": {"uv": [0, 3, 4, 5], "texture": "#4"},
				"down": {"uv": [6, 3, 10, 5], "texture": "#4"}
			}
		},
		{
			"name": "Tail4",
			"from": [23, 4.5, 7.5],
			"to": [27, 6.5, 8.5],
			"faces": {
				"north": {"uv": [0, 0, 4, 2], "texture": "#5"},
				"east": {"uv": [4, 0, 5, 2], "texture": "#5"},
				"south": {"uv": [5, 0, 9, 2], "texture": "#5"},
				"west": {"uv": [9, 0, 10, 2], "texture": "#5"},
				"up": {"uv": [0, 2, 4, 3], "texture": "#5"},
				"down": {"uv": [5, 2, 9, 3], "texture": "#5"}
			}
		},
		{
			"name": "Leg1",
			"from": [7, -3, 4],
			"to": [11, 3, 7],
			"rotation": {"angle": -22.5, "axis": "z", "origin": [8, 8, 8]},
			"faces": {
				"north": {"uv": [0, 0, 2, 3], "texture": "#10"},
				"east": {"uv": [5, 0, 7, 3], "texture": "#10"},
				"south": {"uv": [5, 0, 7, 3], "texture": "#10"},
				"west": {"uv": [3, 0, 5, 3], "texture": "#10"},
				"up": {"uv": [0, 0, 2, 3], "texture": "#10"},
				"down": {"uv": [0, 0, 4, 3], "texture": "#10"}
			}
		},
		{
			"name": "Leg2",
			"from": [7, -3, 9],
			"to": [11, 3, 12],
			"rotation": {"angle": -22.5, "axis": "z", "origin": [8, 8, 8]},
			"faces": {
				"north": {"uv": [0, 0, 2, 3], "texture": "#10"},
				"east": {"uv": [0, 0, 2, 3], "texture": "#10"},
				"south": {"uv": [0, 0, 2, 3], "texture": "#10"},
				"west": {"uv": [0, 0, 2, 3], "texture": "#10"},
				"up": {"uv": [0, 0, 2, 3], "texture": "#10"},
				"down": {"uv": [0, 0, 2, 3], "texture": "#10"}
			}
		},
		{
			"name": "Leg3",
			"from": [-2, -3, 9.5],
			"to": [1, 3, 11.5],
			"rotation": {"angle": 45, "axis": "z", "origin": [8, 8, 8]},
			"faces": {
				"north": {"uv": [0, 0, 2, 3], "texture": "#10"},
				"east": {"uv": [0, 0, 1, 3], "texture": "#10"},
				"south": {"uv": [0, 0, 2, 3], "texture": "#10"},
				"west": {"uv": [0, 0, 1, 3], "texture": "#10"},
				"up": {"uv": [0, 0, 3, 2], "texture": "#10"},
				"down": {"uv": [0, 0, 3, 2], "texture": "#10"}
			}
		},
		{
			"name": "Leg4",
			"from": [-2, -3, 4.5],
			"to": [1, 3, 6.5],
			"rotation": {"angle": 45, "axis": "z", "origin": [8, 8, 8]},
			"faces": {
				"north": {"uv": [0, 0, 2, 3], "texture": "#10"},
				"east": {"uv": [0, 0, 1, 3], "texture": "#10"},
				"south": {"uv": [0, 0, 2, 3], "texture": "#10"},
				"west": {"uv": [0, 0, 1, 3], "texture": "#10"},
				"up": {"uv": [0, 0, 3, 2], "texture": "#10"},
				"down": {"uv": [0, 0, 3, 2], "texture": "#10"}
			}
		},
		{
			"name": "Leg5",
			"from": [12, -9, 4.6],
			"to": [15, -3, 6.4],
			"rotation": {"angle": -22.5, "axis": "z", "origin": [8, 8, 8]},
			"faces": {
				"north": {"uv": [0, 0, 2, 3], "texture": "#10"},
				"east": {"uv": [0, 0, 0.8, 3], "texture": "#10"},
				"south": {"uv": [0, 0, 2, 3], "texture": "#10"},
				"west": {"uv": [0, 0, 0.8, 3], "texture": "#10"},
				"up": {"uv": [0, 0, 3, 1.8], "texture": "#10"},
				"down": {"uv": [0, 0, 3, 1.8], "texture": "#10"}
			}
		},
		{
			"name": "Leg6",
			"from": [12, -9, 9.6],
			"to": [15, -3, 11.4],
			"rotation": {"angle": -22.5, "axis": "z", "origin": [8, 8, 8]},
			"faces": {
				"north": {"uv": [0, 0, 2, 3], "texture": "#10"},
				"east": {"uv": [0, 0, 0.8, 3], "texture": "#10"},
				"south": {"uv": [0, 0, 2, 3], "texture": "#10"},
				"west": {"uv": [0, 0, 0.8, 3], "texture": "#10"},
				"up": {"uv": [0, 0, 3, 1.8], "texture": "#10"},
				"down": {"uv": [0, 0, 3, 1.8], "texture": "#10"}
			}
		},
		{
			"name": "Foot1",
			"from": [4, -10, 4],
			"to": [9, -8, 7],
			"faces": {
				"north": {"uv": [0, 0, 3, 1], "texture": "#10"},
				"east": {"uv": [0, 0, 1, 1], "texture": "#10"},
				"south": {"uv": [0, 0, 3, 1], "texture": "#10"},
				"west": {"uv": [0, 0, 1, 1], "texture": "#10"},
				"up": {"uv": [0, 0, 5, 3], "texture": "#10"},
				"down": {"uv": [0, 0, 5, 3], "texture": "#10"}
			}
		},
		{
			"name": "Foot2",
			"from": [4, -10, 9],
			"to": [9, -8, 12],
			"faces": {
				"north": {"uv": [0, 0, 3, 1], "texture": "#10"},
				"east": {"uv": [0, 0, 3, 1], "texture": "#10"},
				"south": {"uv": [0, 0, 3, 1], "texture": "#10"},
				"west": {"uv": [0, 0, 3, 1], "texture": "#10"},
				"up": {"uv": [0, 0, 5, 3], "texture": "#10"},
				"down": {"uv": [0, 0, 5, 3], "texture": "#10"}
			}
		},
		{
			"name": "Arm1",
			"from": [-3, 1, 5],
			"to": [-1.5, 7, 6.5],
			"rotation": {"angle": 22.5, "axis": "z", "origin": [10, 8, 9]},
			"faces": {
				"north": {"uv": [0, 0, 2, 6], "texture": "#8"},
				"east": {"uv": [0, 0, 2, 6], "texture": "#8"},
				"south": {"uv": [0, 0, 2, 6], "texture": "#8"},
				"west": {"uv": [0, 0, 2, 6], "texture": "#8"},
				"up": {"uv": [0, 0, 2, 2], "texture": "#8"},
				"down": {"uv": [0, 0, 2, 2], "texture": "#8"}
			}
		},
		{
			"name": "Arm2",
			"from": [-3, 1, 9.5],
			"to": [-1.5, 7, 11],
			"rotation": {"angle": 22.5, "axis": "z", "origin": [10, 8, 7]},
			"faces": {
				"north": {"uv": [0, 0, 1.5, 6], "texture": "#8"},
				"east": {"uv": [0, 0, 1.5, 6], "texture": "#8"},
				"south": {"uv": [0, 0, 1.5, 6], "texture": "#8"},
				"west": {"uv": [0, 0, 1.5, 6], "texture": "#8"},
				"up": {"uv": [0, 0, 1.5, 1.5], "texture": "#8"},
				"down": {"uv": [0, 0, 1.5, 1.5], "texture": "#8"}
			}
		},
		{
			"name": "Arm3",
			"from": [10.5, -11, 9.5],
			"to": [12, -5, 11],
			"rotation": {"angle": -45, "axis": "z", "origin": [10, 8, 7]},
			"faces": {
				"north": {"uv": [0, 0, 1.5, 6], "texture": "#8"},
				"east": {"uv": [0, 0, 1.5, 6], "texture": "#8"},
				"south": {"uv": [0, 0, 1.5, 6], "texture": "#8"},
				"west": {"uv": [0, 0, 1.5, 6], "texture": "#8"},
				"up": {"uv": [0, 0, 1.5, 1.5], "texture": "#8"},
				"down": {"uv": [0, 0, 1.5, 1.5], "texture": "#8"}
			}
		},
		{
			"name": "Arm4",
			"from": [10.5, -11, 5],
			"to": [12, -5, 6.5],
			"rotation": {"angle": -45, "axis": "z", "origin": [10, 8, 9]},
			"faces": {
				"north": {"uv": [0, 0, 1.5, 6], "texture": "#8"},
				"east": {"uv": [0, 0, 1.5, 6], "texture": "#8"},
				"south": {"uv": [0, 0, 1.5, 6], "texture": "#8"},
				"west": {"uv": [0, 0, 1.5, 6], "texture": "#8"},
				"up": {"uv": [0, 0, 1.5, 1.5], "texture": "#8"},
				"down": {"uv": [0, 0, 1.5, 1.5], "texture": "#8"}
			}
		}
	],
	"display": {
		"ground": {
			"rotation": [0, 0, 0],
			"translation": [0, 0, 0],
			"scale": [0.5, 0.5, 0.5]
		},
		"head": {
			"rotation": [0, -90, 0],
			"translation": [0, 18, 0],
			"scale": [3.5, 3.5, 3.5]
		},
		"firstperson_righthand": {
			"rotation": [0, -90, 25],
			"translation": [1.13, 3.2, 1.13],
			"scale": [0, 0, 0]
		}
	}
}