{
    "__comment": "Model generated using MrCrayfish's Model Creator (http://mrcrayfish.com/modelcreator/)",
    "textures": {
        "0": "block/smilodon_fur",
        "1": "block/smilodon_fur_pale",
        "2": "block/smilodon_eye",
        "3": "block/bone"
    },
    "elements": [
        {
            "name": "Body",
            "from": [ 5.0, 2.0, 0.0 ], 
            "to": [ 11.0, 9.0, 14.0 ], 
            "faces": {
                "north": { "texture": "#0", "uv": [ 0.0, 0.0, 6.0, 7.0 ] },
                "east": { "texture": "#0", "uv": [ 0.0, 0.0, 14.0, 7.0 ] },
                "south": { "texture": "#0", "uv": [ 0.0, 0.0, 6.0, 7.0 ] },
                "west": { "texture": "#0", "uv": [ 0.0, 0.0, 14.0, 7.0 ] },
                "up": { "texture": "#0", "uv": [ 0.0, 0.0, 6.0, 14.0 ] },
                "down": { "texture": "#0", "uv": [ 0.0, 0.0, 6.0, 14.0 ] }
            }
        },
        {
            "name": "Leg1",
            "from": [ 4.0, -3.0, 2.0 ], 
            "to": [ 7.0, 2.0, 6.0 ], 
            "rotation": { "origin": [ 8.0, 8.0, 8.0 ], "axis": "x", "angle": 22.5 },
            "faces": {
                "north": { "texture": "#0", "uv": [ 0.0, 0.0, 3.0, 5.0 ] },
                "east": { "texture": "#0", "uv": [ 0.0, 0.0, 4.0, 5.0 ] },
                "south": { "texture": "#0", "uv": [ 0.0, 0.0, 3.0, 5.0 ] },
                "west": { "texture": "#0", "uv": [ 0.0, 0.0, 4.0, 5.0 ] },
                "up": { "texture": "#0", "uv": [ 0.0, 0.0, 3.0, 4.0 ] },
                "down": { "texture": "#0", "uv": [ 0.0, 0.0, 3.0, 4.0 ] }
            }
        },
        {
            "name": "Leg2",
            "from": [ 9.0, -3.0, 2.0 ], 
            "to": [ 12.0, 2.0, 6.0 ], 
            "rotation": { "origin": [ 8.0, 8.0, 8.0 ], "axis": "x", "angle": 22.5 },
            "faces": {
                "north": { "texture": "#0", "uv": [ 0.0, 0.0, 3.0, 5.0 ] },
                "east": { "texture": "#0", "uv": [ 0.0, 0.0, 4.0, 5.0 ] },
                "south": { "texture": "#0", "uv": [ 0.0, 0.0, 3.0, 5.0 ] },
                "west": { "texture": "#0", "uv": [ 0.0, 0.0, 4.0, 5.0 ] },
                "up": { "texture": "#0", "uv": [ 0.0, 0.0, 3.0, 4.0 ] },
                "down": { "texture": "#0", "uv": [ 0.0, 0.0, 3.0, 4.0 ] }
            }
        },
        {
            "name": "Leg3",
            "from": [ 4.2, -5.0, -2.0 ], 
            "to": [ 6.7, 2.0, 0.5 ], 
            "faces": {
                "north": { "texture": "#0", "uv": [ 0.0, 0.0, 2.5, 7.0 ] },
                "east": { "texture": "#0", "uv": [ 0.0, 0.0, 2.5, 7.0 ] },
                "south": { "texture": "#0", "uv": [ 0.0, 0.0, 2.5, 7.0 ] },
                "west": { "texture": "#0", "uv": [ 0.0, 0.0, 2.5, 7.0 ] },
                "up": { "texture": "#0", "uv": [ 0.0, 0.0, 2.5, 2.5 ] },
                "down": { "texture": "#0", "uv": [ 0.0, 0.0, 2.5, 2.5 ] }
            }
        },
        {
            "name": "Leg4",
            "from": [ 9.2, -5.0, -2.0 ], 
            "to": [ 11.7, 2.0, 0.5 ], 
            "faces": {
                "north": { "texture": "#0", "uv": [ 0.0, 0.0, 2.5, 7.0 ] },
                "east": { "texture": "#0", "uv": [ 0.0, 0.0, 2.5, 7.0 ] },
                "south": { "texture": "#0", "uv": [ 0.0, 0.0, 2.5, 7.0 ] },
                "west": { "texture": "#0", "uv": [ 0.0, 0.0, 2.5, 7.0 ] },
                "up": { "texture": "#0", "uv": [ 0.0, 0.0, 2.5, 2.5 ] },
                "down": { "texture": "#0", "uv": [ 0.0, 0.0, 2.5, 2.5 ] }
            }
        },
        {
            "name": "Leg5",
            "from": [ 9.2, -5.0, 12.0 ], 
            "to": [ 11.7, 4.0, 14.5 ], 
            "faces": {
                "north": { "texture": "#0", "uv": [ 0.0, 0.0, 2.5, 9.0 ] },
                "east": { "texture": "#0", "uv": [ 0.0, 0.0, 2.5, 9.0 ] },
                "south": { "texture": "#0", "uv": [ 0.0, 0.0, 2.5, 9.0 ] },
                "west": { "texture": "#0", "uv": [ 0.0, 0.0, 2.5, 9.0 ] },
                "up": { "texture": "#0", "uv": [ 0.0, 0.0, 2.5, 2.5 ] },
                "down": { "texture": "#0", "uv": [ 0.0, 0.0, 2.5, 2.5 ] }
            }
        },
        {
            "name": "Leg6",
            "from": [ 4.199999999999999, -5.0, 12.0 ], 
            "to": [ 6.699999999999999, 4.0, 14.5 ], 
            "faces": {
                "north": { "texture": "#0", "uv": [ 0.0, 0.0, 2.5, 9.0 ] },
                "east": { "texture": "#0", "uv": [ 0.0, 0.0, 2.5, 9.0 ] },
                "south": { "texture": "#0", "uv": [ 0.0, 0.0, 2.5, 9.0 ] },
                "west": { "texture": "#0", "uv": [ 0.0, 0.0, 2.5, 9.0 ] },
                "up": { "texture": "#0", "uv": [ 0.0, 0.0, 2.5, 2.5 ] },
                "down": { "texture": "#0", "uv": [ 0.0, 0.0, 2.5, 2.5 ] }
            }
        },
        {
            "name": "Tail",
            "from": [ 7.0, 1.0, 0.0 ], 
            "to": [ 9.0, 6.0, 2.0 ], 
            "rotation": { "origin": [ 8.0, 8.0, 8.0 ], "axis": "x", "angle": 22.5 },
            "faces": {
                "north": { "texture": "#1", "uv": [ 0.0, 0.0, 2.0, 5.0 ] },
                "east": { "texture": "#1", "uv": [ 0.0, 0.0, 2.0, 5.0 ] },
                "south": { "texture": "#1", "uv": [ 0.0, 0.0, 2.0, 5.0 ] },
                "west": { "texture": "#1", "uv": [ 0.0, 0.0, 2.0, 5.0 ] },
                "up": { "texture": "#1", "uv": [ 0.0, 0.0, 2.0, 2.0 ] },
                "down": { "texture": "#1", "uv": [ 0.0, 0.0, 2.0, 2.0 ] }
            }
        },
        {
            "name": "Neck",
            "from": [ 6.5, 10.0, 10.0 ], 
            "to": [ 9.5, 17.0, 13.0 ], 
            "rotation": { "origin": [ 8.0, 8.0, 8.0 ], "axis": "x", "angle": 45.0 },
            "faces": {
                "north": { "texture": "#0", "uv": [ 0.0, 0.0, 3.0, 7.0 ] },
                "east": { "texture": "#0", "uv": [ 0.0, 0.0, 3.0, 7.0 ] },
                "south": { "texture": "#0", "uv": [ 0.0, 0.0, -8.0, 7.0 ] },
                "west": { "texture": "#0", "uv": [ 0.0, 0.0, 3.0, 7.0 ] },
                "up": { "texture": "#0", "uv": [ 0.0, 0.0, 3.0, 3.0 ] },
                "down": { "texture": "#0", "uv": [ 0.0, 0.0, 3.0, 3.0 ] }
            }
        },
        {
            "name": "Head",
            "from": [ 5.5, 10.0, 15.0 ], 
            "to": [ 10.5, 15.0, 21.0 ], 
            "faces": {
                "north": { "texture": "#0", "uv": [ 0.0, 0.0, 5.0, 5.0 ] },
                "east": { "texture": "#2", "uv": [ 3.0, 4.0, 8.0, 12.0 ] },
                "south": { "texture": "#0", "uv": [ 0.0, 0.0, 5.0, 5.0 ] },
                "west": { "texture": "#2", "uv": [ 1.0, 4.0, 6.0, 12.0 ] },
                "up": { "texture": "#0", "uv": [ 0.0, 0.0, 5.0, 6.0 ] },
                "down": { "texture": "#0", "uv": [ 0.0, 0.0, 5.0, 6.0 ] }
            }
        },
        {
            "name": "Snout",
            "from": [ 6.5, 10.0, 21.0 ], 
            "to": [ 9.5, 13.5, 25.0 ], 
            "faces": {
                "north": { "texture": "#0", "uv": [ 0.0, 0.0, 3.0, 3.5 ] },
                "east": { "texture": "#0", "uv": [ 0.0, 0.0, 4.0, 3.5 ] },
                "south": { "texture": "#0", "uv": [ 0.0, 0.0, 3.0, 3.5 ] },
                "west": { "texture": "#0", "uv": [ 0.0, 0.0, 4.0, 3.5 ] },
                "up": { "texture": "#0", "uv": [ 0.0, 0.0, 3.0, 4.0 ] },
                "down": { "texture": "#0", "uv": [ 0.0, 0.0, 3.0, 4.0 ] }
            }
        },
        {
            "name": "Cube",
            "from": [ -3.0, 13.0, 17.0 ], 
            "to": [ 5.5, 14.5, 18.5 ], 
            "rotation": { "origin": [ 8.0, 8.0, 8.0 ], "axis": "z", "angle": -22.5 },
            "faces": {
                "north": { "texture": "#3", "uv": [ 0.0, 0.0, 8.5, 1.5 ] },
                "east": { "texture": "#3", "uv": [ 0.0, 0.0, 1.5, 1.5 ] },
                "south": { "texture": "#3", "uv": [ 0.0, 0.0, 8.5, 1.5 ] },
                "west": { "texture": "#3", "uv": [ 0.0, 0.0, 1.5, 1.5 ] },
                "up": { "texture": "#3", "uv": [ 0.0, 0.0, 8.5, 1.5 ] },
                "down": { "texture": "#3", "uv": [ 0.0, 0.0, 8.5, 1.5 ] }
            }
        },
        {
            "name": "Cube",
            "from": [ 10.0, 13.0, 17.0 ], 
            "to": [ 18.5, 14.5, 18.5 ], 
            "rotation": { "origin": [ 8.0, 8.0, 8.0 ], "axis": "z", "angle": 22.5 },
            "faces": {
                "north": { "texture": "#3", "uv": [ 0.0, 0.0, 8.5, 1.5 ] },
                "east": { "texture": "#3", "uv": [ 0.0, 0.0, 1.5, 1.5 ] },
                "south": { "texture": "#3", "uv": [ 0.0, 0.0, 8.5, 1.5 ] },
                "west": { "texture": "#3", "uv": [ 0.0, 0.0, 1.5, 1.5 ] },
                "up": { "texture": "#3", "uv": [ 0.0, 0.0, 8.5, 1.5 ] },
                "down": { "texture": "#3", "uv": [ 0.0, 0.0, 8.5, 1.5 ] }
            }
        },
        {
            "name": "Cube",
            "from": [ 19.0, 9.0, 17.0 ], 
            "to": [ 27.5, 10.5, 18.5 ], 
            "rotation": { "origin": [ 8.0, 8.0, 8.0 ], "axis": "z", "angle": 45.0 },
            "faces": {
                "north": { "texture": "#3", "uv": [ 0.0, 0.0, 8.5, 1.5 ] },
                "east": { "texture": "#3", "uv": [ 0.0, 0.0, 1.5, 1.5 ] },
                "south": { "texture": "#3", "uv": [ 0.0, 0.0, 8.5, 1.5 ] },
                "west": { "texture": "#3", "uv": [ 0.0, 0.0, 1.5, 1.5 ] },
                "up": { "texture": "#3", "uv": [ 0.0, 0.0, 8.5, 1.5 ] },
                "down": { "texture": "#3", "uv": [ 0.0, 0.0, 8.5, 1.5 ] }
            }
        },
        {
            "name": "Cube",
            "from": [ -11.0, 9.0, 17.0 ], 
            "to": [ -2.5, 10.5, 18.5 ], 
            "rotation": { "origin": [ 8.0, 8.0, 8.0 ], "axis": "z", "angle": -45.0 },
            "faces": {
                "north": { "texture": "#3", "uv": [ 0.0, 0.0, 8.5, 1.5 ] },
                "east": { "texture": "#3", "uv": [ 0.0, 0.0, 1.5, 1.5 ] },
                "south": { "texture": "#3", "uv": [ 0.0, 0.0, 8.5, 1.5 ] },
                "west": { "texture": "#3", "uv": [ 0.0, 0.0, 1.5, 1.5 ] },
                "up": { "texture": "#3", "uv": [ 0.0, 0.0, 8.5, 1.5 ] },
                "down": { "texture": "#3", "uv": [ 0.0, 0.0, 8.5, 1.5 ] }
            }
        },
        {
            "name": "Cube",
            "from": [ 3.0, 19.0, 10.0 ], 
            "to": [ 4.0, 20.0, 14.0 ], 
            "rotation": { "origin": [ 8.0, 8.0, 8.0 ], "axis": "x", "angle": 22.5 },
            "faces": {
                "north": { "texture": "#3", "uv": [ 0.0, 0.0, 1.0, 1.0 ] },
                "east": { "texture": "#3", "uv": [ 0.0, 0.0, 4.0, 1.0 ] },
                "south": { "texture": "#3", "uv": [ 0.0, 0.0, 1.0, 1.0 ] },
                "west": { "texture": "#3", "uv": [ 0.0, 0.0, 4.0, 1.0 ] },
                "up": { "texture": "#3", "uv": [ 0.0, 0.0, 1.0, 4.0 ] },
                "down": { "texture": "#3", "uv": [ 0.0, 0.0, 1.0, 4.0 ] }
            }
        },
        {
            "name": "Cube",
            "from": [ 12.0, 19.0, 9.0 ], 
            "to": [ 13.0, 20.0, 14.0 ], 
            "rotation": { "origin": [ 8.0, 8.0, 8.0 ], "axis": "x", "angle": 22.5 },
            "faces": {
                "north": { "texture": "#3", "uv": [ 0.0, 0.0, 1.0, 1.0 ] },
                "east": { "texture": "#3", "uv": [ 0.0, 0.0, 5.0, 1.0 ] },
                "south": { "texture": "#3", "uv": [ 0.0, 0.0, 1.0, 1.0 ] },
                "west": { "texture": "#3", "uv": [ 0.0, 0.0, 5.0, 1.0 ] },
                "up": { "texture": "#3", "uv": [ 0.0, 0.0, 1.0, 5.0 ] },
                "down": { "texture": "#3", "uv": [ 0.0, 0.0, 1.0, 5.0 ] }
            }
        },
        {
            "name": "Cube",
            "from": [ 16.0, 21.0, 9.0 ], 
            "to": [ 17.0, 22.0, 13.0 ], 
            "rotation": { "origin": [ 8.0, 8.0, 8.0 ], "axis": "x", "angle": 22.5 },
            "faces": {
                "north": { "texture": "#3", "uv": [ 0.0, 0.0, 1.0, 1.0 ] },
                "east": { "texture": "#3", "uv": [ 0.0, 0.0, 4.0, 1.0 ] },
                "south": { "texture": "#3", "uv": [ 0.0, 0.0, 1.0, 1.0 ] },
                "west": { "texture": "#3", "uv": [ 0.0, 0.0, 4.0, 1.0 ] },
                "up": { "texture": "#3", "uv": [ 0.0, 0.0, 1.0, 4.0 ] },
                "down": { "texture": "#3", "uv": [ 0.0, 0.0, 1.0, 4.0 ] }
            }
        },
        {
            "name": "Cube",
            "from": [ 19.0, 24.0, 7.0 ], 
            "to": [ 20.0, 25.0, 12.0 ], 
            "rotation": { "origin": [ 8.0, 8.0, 8.0 ], "axis": "x", "angle": 22.5 },
            "faces": {
                "north": { "texture": "#3", "uv": [ 0.0, 0.0, 1.0, 1.0 ] },
                "east": { "texture": "#3", "uv": [ 0.0, 0.0, 5.0, 1.0 ] },
                "south": { "texture": "#3", "uv": [ 0.0, 0.0, 1.0, 1.0 ] },
                "west": { "texture": "#3", "uv": [ 0.0, 0.0, 5.0, 1.0 ] },
                "up": { "texture": "#3", "uv": [ 0.0, 0.0, 1.0, 5.0 ] },
                "down": { "texture": "#3", "uv": [ 0.0, 0.0, 1.0, 5.0 ] }
            }
        },
        {
            "name": "Cube",
            "from": [ -1.0, 21.0, 9.0 ], 
            "to": [ 0.0, 22.0, 13.0 ], 
            "rotation": { "origin": [ 8.0, 8.0, 8.0 ], "axis": "x", "angle": 22.5 },
            "faces": {
                "north": { "texture": "#3", "uv": [ 0.0, 0.0, 1.0, 1.0 ] },
                "east": { "texture": "#3", "uv": [ 0.0, 0.0, 4.0, 1.0 ] },
                "south": { "texture": "#3", "uv": [ 0.0, 0.0, 1.0, 1.0 ] },
                "west": { "texture": "#3", "uv": [ 0.0, 0.0, 4.0, 1.0 ] },
                "up": { "texture": "#3", "uv": [ 0.0, 0.0, 1.0, 4.0 ] },
                "down": { "texture": "#3", "uv": [ 0.0, 0.0, 1.0, 4.0 ] }
            }
        },
        {
            "name": "Cube",
            "from": [ -4.0, 24.0, 7.0 ], 
            "to": [ -3.0, 25.0, 12.0 ], 
            "rotation": { "origin": [ 8.0, 8.0, 8.0 ], "axis": "x", "angle": 22.5 },
            "faces": {
                "north": { "texture": "#3", "uv": [ 0.0, 0.0, 1.0, 1.0 ] },
                "east": { "texture": "#3", "uv": [ 0.0, 0.0, 5.0, 1.0 ] },
                "south": { "texture": "#3", "uv": [ 0.0, 0.0, 1.0, 1.0 ] },
                "west": { "texture": "#3", "uv": [ 0.0, 0.0, 5.0, 1.0 ] },
                "up": { "texture": "#3", "uv": [ 0.0, 0.0, 1.0, 5.0 ] },
                "down": { "texture": "#3", "uv": [ 0.0, 0.0, 1.0, 5.0 ] }
            }
        },
        {
            "name": "Cube",
            "from": [ -4.0, 11.0, 19.0 ], 
            "to": [ -3.0, 12.0, 24.0 ], 
            "rotation": { "origin": [ 8.0, 8.0, 8.0 ], "axis": "x", "angle": -45.0 },
            "faces": {
                "north": { "texture": "#3", "uv": [ 0.0, 0.0, 1.0, 1.0 ] },
                "east": { "texture": "#3", "uv": [ 0.0, 0.0, 5.0, 1.0 ] },
                "south": { "texture": "#3", "uv": [ 0.0, 0.0, 1.0, 1.0 ] },
                "west": { "texture": "#3", "uv": [ 0.0, 0.0, 5.0, 1.0 ] },
                "up": { "texture": "#3", "uv": [ 0.0, 0.0, 1.0, 5.0 ] },
                "down": { "texture": "#3", "uv": [ 0.0, 0.0, 1.0, 5.0 ] }
            }
        },
        {
            "name": "Cube",
            "from": [ 19.0, 11.0, 19.0 ], 
            "to": [ 20.0, 12.0, 24.0 ], 
            "rotation": { "origin": [ 8.0, 8.0, 8.0 ], "axis": "x", "angle": -45.0 },
            "faces": {
                "north": { "texture": "#3", "uv": [ 0.0, 0.0, 1.0, 1.0 ] },
                "east": { "texture": "#3", "uv": [ 0.0, 0.0, 5.0, 1.0 ] },
                "south": { "texture": "#3", "uv": [ 0.0, 0.0, 1.0, 1.0 ] },
                "west": { "texture": "#3", "uv": [ 0.0, 0.0, 5.0, 1.0 ] },
                "up": { "texture": "#3", "uv": [ 0.0, 0.0, 1.0, 5.0 ] },
                "down": { "texture": "#3", "uv": [ 0.0, 0.0, 1.0, 5.0 ] }
            }
        },
        {
            "name": "Cube",
            "from": [ 16.0, 8.0, 18.0 ], 
            "to": [ 17.0, 9.0, 23.0 ], 
            "rotation": { "origin": [ 8.0, 8.0, 8.0 ], "axis": "x", "angle": -45.0 },
            "faces": {
                "north": { "texture": "#3", "uv": [ 0.0, 0.0, 1.0, 1.0 ] },
                "east": { "texture": "#3", "uv": [ 0.0, 0.0, 5.0, 1.0 ] },
                "south": { "texture": "#3", "uv": [ 0.0, 0.0, 1.0, 1.0 ] },
                "west": { "texture": "#3", "uv": [ 0.0, 0.0, 5.0, 1.0 ] },
                "up": { "texture": "#3", "uv": [ 0.0, 0.0, 1.0, 5.0 ] },
                "down": { "texture": "#3", "uv": [ 0.0, 0.0, 1.0, 5.0 ] }
            }
        },
        {
            "name": "Cube",
            "from": [ -1.0, 8.0, 18.0 ], 
            "to": [ 0.0, 9.0, 23.0 ], 
            "rotation": { "origin": [ 8.0, 8.0, 8.0 ], "axis": "x", "angle": -45.0 },
            "faces": {
                "north": { "texture": "#3", "uv": [ 0.0, 0.0, 1.0, 1.0 ] },
                "east": { "texture": "#3", "uv": [ 0.0, 0.0, 5.0, 1.0 ] },
                "south": { "texture": "#3", "uv": [ 0.0, 0.0, 1.0, 1.0 ] },
                "west": { "texture": "#3", "uv": [ 0.0, 0.0, 5.0, 1.0 ] },
                "up": { "texture": "#3", "uv": [ 0.0, 0.0, 1.0, 5.0 ] },
                "down": { "texture": "#3", "uv": [ 0.0, 0.0, 1.0, 5.0 ] }
            }
        },
        {
            "name": "Cube",
            "from": [ 3.0, 7.0, 15.0 ], 
            "to": [ 4.0, 8.0, 20.0 ], 
            "rotation": { "origin": [ 8.0, 8.0, 8.0 ], "axis": "x", "angle": -45.0 },
            "faces": {
                "north": { "texture": "#3", "uv": [ 0.0, 0.0, 1.0, 1.0 ] },
                "east": { "texture": "#3", "uv": [ 0.0, 0.0, 5.0, 1.0 ] },
                "south": { "texture": "#3", "uv": [ 0.0, 0.0, 1.0, 1.0 ] },
                "west": { "texture": "#3", "uv": [ 0.0, 0.0, 5.0, 1.0 ] },
                "up": { "texture": "#3", "uv": [ 0.0, 0.0, 1.0, 5.0 ] },
                "down": { "texture": "#3", "uv": [ 0.0, 0.0, 1.0, 5.0 ] }
            }
        },
        {
            "name": "Cube",
            "from": [ 12.0, 7.0, 15.0 ], 
            "to": [ 13.0, 8.0, 20.0 ], 
            "rotation": { "origin": [ 8.0, 8.0, 8.0 ], "axis": "x", "angle": -45.0 },
            "faces": {
                "north": { "texture": "#3", "uv": [ 0.0, 0.0, 1.0, 1.0 ] },
                "east": { "texture": "#3", "uv": [ 0.0, 0.0, 5.0, 1.0 ] },
                "south": { "texture": "#3", "uv": [ 0.0, 0.0, 1.0, 1.0 ] },
                "west": { "texture": "#3", "uv": [ 0.0, 0.0, 5.0, 1.0 ] },
                "up": { "texture": "#3", "uv": [ 0.0, 0.0, 1.0, 5.0 ] },
                "down": { "texture": "#3", "uv": [ 0.0, 0.0, 1.0, 5.0 ] }
            }
        }
    ]
}