{
	"credit": "Made with Blockbench",
	"textures": {
		"0": "block/pteranodon_wing",
		"1": "block/pteranodon_leg",
		"2": "block/pteranodon_head",
		"3": "block/pteranodon_body"
	},
	"elements": [
		{
			"name": "Foot1",
			"from": [8.7, 1, 8.5],
			"to": [10.2, 1.5, 11.5],
			"rotation": {"angle": -45, "axis": "x", "origin": [9.45, 1.25, 10]},
			"faces": {
				"north": {"uv": [0, 0, 1.5, 0.5], "texture": "#1"},
				"east": {"uv": [0, 0, 2, 0.5], "texture": "#1"},
				"south": {"uv": [0, 0, 1.5, 0.5], "texture": "#1"},
				"west": {"uv": [0, 0, 2, 0.5], "texture": "#1"},
				"up": {"uv": [0, 0, 1.5, 2], "texture": "#1"},
				"down": {"uv": [0, 0, 1.5, 2], "texture": "#1"}
			}
		},
		{
			"name": "Foot2",
			"from": [5.7, 1, 8.5],
			"to": [7.2, 1.5, 11.5],
			"rotation": {"angle": -45, "axis": "x", "origin": [6.45, 1.25, 10]},
			"faces": {
				"north": {"uv": [0, 0, 1.5, 0.5], "texture": "#1"},
				"east": {"uv": [0, 0, 2, 0.5], "texture": "#1"},
				"south": {"uv": [0, 0, 1.5, 0.5], "texture": "#1"},
				"west": {"uv": [0, 0, 2, 0.5], "texture": "#1"},
				"up": {"uv": [0, 1, 2, 3], "texture": "#1"},
				"down": {"uv": [0, 1, 1.5, 3], "texture": "#1"}
			}
		},
		{
			"name": "Leg1",
			"from": [9, 2, 6],
			"to": [10, 3, 10.5],
			"rotation": {"angle": 22.5, "axis": "x", "origin": [9.5, 2.5, 8.5]},
			"faces": {
				"north": {"uv": [0, 11, 1, 12], "texture": "#1", "rotation": 180},
				"east": {"uv": [3, 6, 4, 10.5], "texture": "#1", "rotation": 270},
				"south": {"uv": [0, 0, 1, 1], "texture": "#1"},
				"west": {"uv": [2, 6, 3, 10.5], "texture": "#1", "rotation": 90},
				"up": {"uv": [1, 6, 2, 10.5], "texture": "#1", "rotation": 180},
				"down": {"uv": [0, 6, 1, 10.5], "texture": "#1"}
			}
		},
		{
			"name": "Leg2",
			"from": [6, 3, 6.5],
			"to": [7, 5.5, 7.5],
			"rotation": {"angle": -22.5, "axis": "y", "origin": [6.5, 5, 7]},
			"faces": {
				"north": {"uv": [3, 12, 4, 14.5], "texture": "#1", "rotation": 180},
				"east": {"uv": [0, 12, 1, 14.5], "texture": "#1", "rotation": 180},
				"south": {"uv": [2, 12, 3, 14.5], "texture": "#1", "rotation": 180},
				"west": {"uv": [1, 12, 2, 15], "texture": "#1", "rotation": 180},
				"up": {"uv": [0, 0, 1, 1], "texture": "#1"},
				"down": {"uv": [0, 0, 1, 1], "texture": "#1"}
			}
		},
		{
			"name": "Leg3",
			"from": [9, 3, 6.5],
			"to": [10, 5.5, 7.5],
			"rotation": {"angle": 22.5, "axis": "y", "origin": [9.5, 5, 7]},
			"faces": {
				"north": {"uv": [4, 12, 5, 14.5], "texture": "#1", "rotation": 180},
				"east": {"uv": [7, 12, 8, 14.5], "texture": "#1", "rotation": 180},
				"south": {"uv": [5, 12, 6, 14.5], "texture": "#1", "rotation": 180},
				"west": {"uv": [6, 12, 7, 14.5], "texture": "#1", "rotation": 180},
				"up": {"uv": [0, 0, 1, 1], "texture": "#1"},
				"down": {"uv": [0, 0, 1, 1], "texture": "#1"}
			}
		},
		{
			"name": "Leg4",
			"from": [6, 2, 6],
			"to": [7, 3, 10.5],
			"rotation": {"angle": 22.5, "axis": "x", "origin": [6.5, 2.5, 8.5]},
			"faces": {
				"north": {"uv": [0, 0, 1, 1], "texture": "#1", "rotation": 180},
				"east": {"uv": [7, 6, 8, 10.5], "texture": "#1", "rotation": 270},
				"south": {"uv": [0, 0, 1, 1], "texture": "#1"},
				"west": {"uv": [6, 6, 7, 10.5], "texture": "#1", "rotation": 90},
				"up": {"uv": [5, 6, 6, 10.5], "texture": "#1", "rotation": 180},
				"down": {"uv": [4, 6, 5, 10.5], "texture": "#1"}
			}
		},
		{
			"name": "Neck1",
			"from": [6.2, 4, 1],
			"to": [9.7, 7, 6],
			"rotation": {"angle": 45, "axis": "x", "origin": [8.7, 6.5, 6]},
			"faces": {
				"north": {"uv": [0, 4.5, 2, 6], "texture": "#3", "rotation": 180},
				"east": {"uv": [6.5, 4.5, 9, 6], "texture": "#3", "rotation": 180},
				"south": {"uv": [4.5, 4.5, 6.5, 6], "texture": "#3", "rotation": 180},
				"west": {"uv": [2, 4.5, 4.5, 6], "texture": "#3", "rotation": 180},
				"up": {"uv": [0, 6, 2, 8.5], "texture": "#3"},
				"down": {"uv": [4.5, 6, 6.5, 8.5], "texture": "#3"}
			}
		},
		{
			"name": "Neck2",
			"from": [7, 9, 0.5],
			"to": [9, 14, 3.5],
			"rotation": {"angle": -22.5, "axis": "x", "origin": [9.5, 9, 3]},
			"faces": {
				"north": {"uv": [9, 0, 10, 2.5], "texture": "#3", "rotation": 180},
				"east": {"uv": [12.5, 0, 14, 2.5], "texture": "#3", "rotation": 90},
				"south": {"uv": [11.5, 0, 12.5, 2.5], "texture": "#3"},
				"west": {"uv": [10, 0, 11.5, 2.5], "texture": "#3", "rotation": 270},
				"up": {"uv": [9, 2.5, 10, 4], "texture": "#3"},
				"down": {"uv": [11.5, 2.5, 12.5, 4], "texture": "#3", "rotation": 180}
			}
		},
		{
			"name": "Body",
			"from": [6, 3, 4],
			"to": [10, 6.5, 9],
			"rotation": {"angle": 22.5, "axis": "x", "origin": [8.5, 5.5, 9]},
			"faces": {
				"north": {"uv": [0, 0, 2, 2], "texture": "#3", "rotation": 180},
				"east": {"uv": [6.5, 0, 9, 2], "texture": "#3", "rotation": 180},
				"south": {"uv": [4.5, 0, 6.5, 2], "texture": "#3", "rotation": 180},
				"west": {"uv": [2, 0, 4.5, 2], "texture": "#3", "rotation": 180},
				"up": {"uv": [0, 2, 2, 4.5], "texture": "#3"},
				"down": {"uv": [4.5, 2, 6.5, 4.5], "texture": "#3"}
			}
		},
		{
			"name": "Wing1",
			"from": [11, 0, 2],
			"to": [12, 9, 3],
			"rotation": {"angle": 22.5, "axis": "z", "origin": [11.5, 3.5, 2.5]},
			"faces": {
				"north": {"uv": [0, 0, 0.3, 3], "texture": "#0"},
				"east": {"uv": [0, 0, 0.3, 3], "texture": "#0"},
				"south": {"uv": [0, 0, 0.3, 3], "texture": "#0"},
				"west": {"uv": [0, 0, 0.3, 3], "texture": "#0"},
				"up": {"uv": [0, 0, 1, 1], "texture": "#0"},
				"down": {"uv": [0, 0, 1, 1], "texture": "#0"}
			}
		},
		{
			"name": "Wing2",
			"from": [13, 0, 2],
			"to": [14, 14, 3],
			"rotation": {"angle": 0, "axis": "z", "origin": [13.5, 10.5, 2.5]},
			"faces": {
				"north": {"uv": [1.66625, 0, 1.96625, 5], "texture": "#0", "rotation": 180},
				"east": {"uv": [2.33313, 0, 2.63313, 5], "texture": "#0", "rotation": 180},
				"south": {"uv": [2, 0, 2.3, 5], "texture": "#0", "rotation": 180},
				"west": {"uv": [1.33313, 0, 1.63313, 5], "texture": "#0", "rotation": 180},
				"up": {"uv": [0, 0, 1, 1], "texture": "#0", "rotation": 180},
				"down": {"uv": [0, 0, 1, 1], "texture": "#0", "rotation": 180}
			}
		},
		{
			"name": "Wing3",
			"from": [2, 1, 2],
			"to": [3, 15, 3],
			"rotation": {"angle": 0, "axis": "z", "origin": [2.5, 3.5, 2.5]},
			"faces": {
				"north": {"uv": [4, 0, 4.3, 5], "texture": "#0"},
				"east": {"uv": [6.33313, 0, 6.63313, 5], "texture": "#0"},
				"south": {"uv": [3.33312, 0, 3.63312, 5], "texture": "#0"},
				"west": {"uv": [5.66625, 0, 5.96625, 5], "texture": "#0"},
				"up": {"uv": [0, 0, 1, 1], "texture": "#0"},
				"down": {"uv": [0, 0, 1, 1], "texture": "#0"}
			}
		},
		{
			"name": "Wing4",
			"from": [4, 0, 2],
			"to": [5, 9, 3],
			"rotation": {"angle": -22.5, "axis": "z", "origin": [4.5, 3.5, 2.5]},
			"faces": {
				"north": {"uv": [0, 0, 0.3, 3], "texture": "#0"},
				"east": {"uv": [1, 0, 1.3, 3], "texture": "#0"},
				"south": {"uv": [0.33313, 0, 0.63313, 3], "texture": "#0"},
				"west": {"uv": [0.66625, 0, 0.96625, 3], "texture": "#0"},
				"up": {"uv": [0, 0, 1, 1], "texture": "#missing"},
				"down": {"uv": [0, 0, 0.66625, 0.66625], "texture": "#0"}
			}
		},
		{
			"name": "Wing5",
			"from": [13, 0, 3],
			"to": [14, 15, 4],
			"rotation": {"angle": 22.5, "axis": "x", "origin": [13.5, 3.5, 3.5]},
			"faces": {
				"north": {"uv": [3.33312, 0, 3.63312, 5], "texture": "#0"},
				"east": {"uv": [5, 0, 5.3, 5], "texture": "#0"},
				"south": {"uv": [4, 0, 4.3, 5], "texture": "#0"},
				"west": {"uv": [4.66625, 0, 4.96625, 5], "texture": "#0"},
				"up": {"uv": [0, 0, 1, 1], "texture": "#0"},
				"down": {"uv": [0, 0, 1, 1], "texture": "#0"}
			}
		},
		{
			"name": "Wing6",
			"from": [2, 0, 3],
			"to": [3, 15, 4],
			"rotation": {"angle": 22.5, "axis": "x", "origin": [2.5, 3.5, 3.5]},
			"faces": {
				"north": {"uv": [4, 0, 4.3, 5], "texture": "#0"},
				"east": {"uv": [5, 0, 5.3, 5], "texture": "#0"},
				"south": {"uv": [3.33312, 0, 3.63312, 5], "texture": "#0"},
				"west": {"uv": [4, 0, 4.3, 5], "texture": "#0"},
				"up": {"uv": [0, 0, 1, 1], "texture": "#0"},
				"down": {"uv": [0, 0, 1, 1], "texture": "#0"}
			}
		},
		{
			"name": "Crest",
			"from": [7, 17.6, 0],
			"to": [9, 19.6, 7],
			"rotation": {"angle": -45, "axis": "x", "origin": [8, 17.1, 4]},
			"faces": {
				"north": {"uv": [0, 0, 0.66625, 0.66625], "texture": "#2"},
				"east": {"uv": [3.66625, 0, 5.99938, 0.66625], "texture": "#2"},
				"south": {"uv": [2.99937, 0, 3.665, 0.66625], "texture": "#2"},
				"west": {"uv": [0.66625, 0, 2.99875, 0.66625], "texture": "#2"},
				"up": {"uv": [0, 0.66625, 0.66625, 2.99937], "texture": "#2"},
				"down": {"uv": [3, 0.66625, 3.66625, 2.99937], "texture": "#2"}
			}
		},
		{
			"name": "Head",
			"from": [6.5, 12, -3],
			"to": [9.5, 16, 2],
			"rotation": {"angle": -22.5, "axis": "x", "origin": [8, 13.5, 0]},
			"faces": {
				"north": {"uv": [7.66625, 0, 8.3325, 1.33313], "texture": "#2"},
				"east": {"uv": [8.33313, 0, 9.99938, 1.33313], "texture": "#2"},
				"south": {"uv": [10, 0, 10.66625, 1.33313], "texture": "#2"},
				"west": {"uv": [8.33313, 0, 9.99938, 1.33313], "texture": "#2"},
				"up": {"uv": [6, 1.33313, 7, 2.99938], "texture": "#2"},
				"down": {"uv": [8.66625, 1.33313, 9.66562, 2.99938], "texture": "#2"}
			}
		},
		{
			"name": "Beak1",
			"from": [6.5, 11, -12],
			"to": [9.5, 13, -2.5],
			"rotation": {"angle": -22.5, "axis": "x", "origin": [8, 11.5, -5]},
			"faces": {
				"north": {"uv": [0, 3, 1, 3.66625], "texture": "#2"},
				"east": {"uv": [5.33312, 3, 8.66625, 3.66625], "texture": "#2"},
				"south": {"uv": [4.33312, 3, 5.33312, 3.66625], "texture": "#2"},
				"west": {"uv": [1, 3, 4.33312, 3.66625], "texture": "#2"},
				"up": {"uv": [0, 3.66625, 1, 6.99937], "texture": "#2"},
				"down": {"uv": [4.33312, 3.66625, 5.33312, 6.99937], "texture": "#2"}
			}
		},
		{
			"name": "Beak2",
			"from": [6.7, 10.1, -10.4],
			"to": [9.3, 11.1, -1.9],
			"rotation": {"angle": -22.5, "axis": "x", "origin": [8.2, 9.6, -4.4]},
			"faces": {
				"north": {"uv": [0, 7, 1, 7.66625], "texture": "#2"},
				"east": {"uv": [5, 7, 8, 7.66625], "texture": "#2"},
				"south": {"uv": [4, 6.99938, 5, 7.66563], "texture": "#2"},
				"west": {"uv": [1, 6.99938, 4, 7.66563], "texture": "#2"},
				"up": {"uv": [0, 7.66625, 1, 10.66625], "texture": "#2"},
				"down": {"uv": [4, 7.66625, 5, 10.66625], "texture": "#2"}
			}
		},
		{
			"name": "Tail1",
			"from": [7, 4, 8],
			"to": [9, 6, 11],
			"rotation": {"angle": 0, "axis": "x", "origin": [8, 5, 9.5]},
			"faces": {
				"north": {"uv": [9, 4, 10, 5], "texture": "#3"},
				"east": {"uv": [12.5, 4, 14, 5], "texture": "#3"},
				"south": {"uv": [11.5, 4, 12.5, 5], "texture": "#3"},
				"west": {"uv": [10, 4, 11.5, 5], "texture": "#3"},
				"up": {"uv": [9, 5, 10, 6.5], "texture": "#3"},
				"down": {"uv": [11.5, 5, 12.5, 6.5], "texture": "#3"}
			}
		},
		{
			"name": "Tail2",
			"from": [7.5, 4, 10],
			"to": [8.5, 5, 13],
			"rotation": {"angle": 22.5, "axis": "x", "origin": [8.5, 5, 11.5]},
			"faces": {
				"north": {"uv": [0, 0, 0.5, 0.5], "texture": "#3"},
				"east": {"uv": [0, 0, 1.5, 0.5], "texture": "#3"},
				"south": {"uv": [0, 0, 0.5, 0.5], "texture": "#3"},
				"west": {"uv": [0, 0, 1.5, 0.5], "texture": "#3"},
				"up": {"uv": [9, 5, 9.5, 6.5], "texture": "#3"},
				"down": {"uv": [9.5, 5, 10, 6.5], "texture": "#3"}
			}
		},
		{
			"name": "WingFoot1",
			"from": [1, 0, 0.5],
			"to": [3, 1, 3.5],
			"rotation": {"angle": 45, "axis": "y", "origin": [2, 0.5, 2]},
			"faces": {
				"north": {"uv": [0, 0, 2, 1], "texture": "#0"},
				"east": {"uv": [0, 0, 3, 1], "texture": "#0"},
				"south": {"uv": [0, 0, 2, 1], "texture": "#0"},
				"west": {"uv": [0, 0, 3, 1], "texture": "#0"},
				"up": {"uv": [6.66625, 0, 7.3325, 0.66625], "texture": "#0"},
				"down": {"uv": [0, 0, 0.66625, 3], "texture": "#0"}
			}
		},
		{
			"name": "WingFoot2",
			"from": [13, 0, 0.5],
			"to": [15, 1, 3.5],
			"rotation": {"angle": -45, "axis": "y", "origin": [14, 0.5, 2]},
			"faces": {
				"north": {"uv": [0, 0, 2, 1], "texture": "#0"},
				"east": {"uv": [0, 0, 3, 1], "texture": "#0"},
				"south": {"uv": [0, 0, 2, 1], "texture": "#0"},
				"west": {"uv": [0, 0, 3, 1], "texture": "#0"},
				"up": {"uv": [0, 0, 0.66625, 0.66625], "texture": "#0"},
				"down": {"uv": [0, 0, 2, 3], "texture": "#0"}
			}
		}
	],
	"display": {
		"ground": {
			"translation": [0, 0, 0]
		},
		"head": {
			"scale": [3, 3, 3],
			"translation": [-32, -21, 0]
		},
		"fixed": {
			"scale": [3, 3, 3],
			"rotation": [0, 90, 0],
			"translation": [-32, -32, -32]
		}
	}
}