{
	"textures": {
		"0": "dinododo:entity/acrocanthosaurus/body",
		"1": "dinododo:entity/acrocanthosaurus/tail1",
		"2": "dinododo:entity/acrocanthosaurus/tail2",
		"3": "dinododo:entity/acrocanthosaurus/tail3",
		"4": "dinododo:entity/acrocanthosaurus/tail4",
		"5": "dinododo:entity/acrocanthosaurus/tail5",
		"6": "dinododo:entity/acrocanthosaurus/neck",
		"7": "dinododo:entity/acrocanthosaurus/head",
		"8": "dinododo:entity/acrocanthosaurus/arm",
		"9": "dinododo:entity/acrocanthosaurus/sail",
		"10": "dinododo:entity/acrocanthosaurus/leg"
	},
	"elements": [
		{
			"name": "Body",
			"from": [-6, 0, 5],
			"to": [5, 6, 11],
			"faces": {
				"north": {"uv": [0, 0, 3, 1.5], "texture": "#0"},
				"east": {"uv": [3, 0, 5.5, 1.5], "texture": "#0"},
				"south": {"uv": [5.5, 0, 8.5, 1.5], "texture": "#0"},
				"west": {"uv": [8.5, 0, 11, 1.5], "texture": "#0"},
				"up": {"uv": [0, 1.5, 2.7, 3], "texture": "#0"},
				"down": {"uv": [5.5, 1.5, 8.2, 3], "texture": "#0"}
			}
		},
		{
			"name": "Tail1",
			"from": [1, 0.5, 5.5],
			"to": [9, 6.5, 10.5],
			"faces": {
				"north": {"uv": [0, 0, 4, 3], "texture": "#1"},
				"east": {"uv": [4, 0, 6.5, 3], "texture": "#1"},
				"south": {"uv": [6.5, 0, 10.5, 3], "texture": "#1"},
				"west": {"uv": [10.5, 0, 13, 3], "texture": "#1"},
				"up": {"uv": [0, 3, 4, 5.5], "texture": "#1"},
				"down": {"uv": [6.5, 3, 10.5, 5.5], "texture": "#1"}
			}
		},
		{
			"name": "Tail2",
			"from": [9, 1.5, 6],
			"to": [14, 6.5, 10],
			"faces": {
				"north": {"uv": [0, 0, 2.5, 2.5], "texture": "#2"},
				"east": {"uv": [2.5, 0, 4.5, 2.5], "texture": "#2"},
				"south": {"uv": [4.5, 0, 7, 2.5], "texture": "#2"},
				"west": {"uv": [7, 0, 9, 2.5], "texture": "#2"},
				"up": {"uv": [0, 2, 2.5, 4.5], "texture": "#2"},
				"down": {"uv": [4.5, 2.5, 7, 4.5], "texture": "#2"}
			}
		},
		{
			"name": "Tail3",
			"from": [14, 2.5, 6.5],
			"to": [19, 6.5, 9.5],
			"faces": {
				"north": {"uv": [0, 0, 5, 4], "texture": "#3"},
				"east": {"uv": [5, 0, 8, 4], "texture": "#3"},
				"south": {"uv": [8, 0, 13, 4], "texture": "#3"},
				"west": {"uv": [13, 0, 16, 4], "texture": "#3"},
				"up": {"uv": [0, 4, 5, 7], "texture": "#3"},
				"down": {"uv": [8, 4, 13, 7], "texture": "#3"}
			}
		},
		{
			"name": "Tail4",
			"from": [19, 3.5, 7],
			"to": [23, 6.5, 9],
			"faces": {
				"north": {"uv": [0, 0, 4, 3], "texture": "#4"},
				"east": {"uv": [4, 0, 6, 3], "texture": "#4"},
				"south": {"uv": [6, 0, 10, 3], "texture": "#4"},
				"west": {"uv": [10, 0, 12, 3], "texture": "#4"},
				"up": {"uv": [0, 3, 4, 5], "texture": "#4"},
				"down": {"uv": [6, 3, 10, 5], "texture": "#4"}
			}
		},
		{
			"name": "Tail5",
			"from": [23, 4.5, 7.5],
			"to": [27, 6.5, 8.5],
			"faces": {
				"north": {"uv": [0, 0, 4, 2], "texture": "#5"},
				"east": {"uv": [4, 0, 5, 2], "texture": "#5"},
				"south": {"uv": [5, 0, 9, 2], "texture": "#5"},
				"west": {"uv": [9, 0, 10, 2], "texture": "#5"},
				"up": {"uv": [0, 2, 4, 3], "texture": "#5"},
				"down": {"uv": [5, 2, 9, 3], "texture": "#5"}
			}
		},
		{
			"name": "Neck",
			"from": [-8, -1, 6],
			"to": [3, 4, 10],
			"rotation": {"angle": -22.5, "axis": "z", "origin": [8, 8, 8]},
			"faces": {
				"north": {"uv": [0, 0, 6, 2.5], "texture": "#6"},
				"east": {"uv": [5.5, 0, 7.5, 2.5], "texture": "#6"},
				"south": {"uv": [7.5, 0, 13, 2.5], "texture": "#6"},
				"west": {"uv": [13, 0, 15, 2.5], "texture": "#6"},
				"up": {"uv": [0, 2.5, 5.5, 4.5], "texture": "#6"},
				"down": {"uv": [7.5, 2.5, 13, 4.5], "texture": "#6"}
			}
		},
		{
			"name": "Head",
			"from": [-11, 4, 5.5],
			"to": [-8, 11, 10.5],
			"faces": {
				"north": {"uv": [0, 0, 2, 3.5], "texture": "#7"},
				"east": {"uv": [2, 0, 4.5, 3.5], "texture": "#7"},
				"south": {"uv": [4.5, 0, 6.5, 3.5], "texture": "#7"},
				"west": {"uv": [6.5, 0, 9, 3.5], "texture": "#7"},
				"up": {"uv": [0, 3.5, 2, 6], "texture": "#7"},
				"down": {"uv": [4.5, 3.5, 6.5, 6], "texture": "#7"}
			}
		},
		{
			"name": "JawBottom",
			"from": [-16, 5, 6],
			"to": [-11, 9, 10],
			"faces": {
				"north": {"uv": [0, 0, 7, 5], "texture": "#8"},
				"east": {"uv": [0, 8, 14, 16], "texture": "#8"},
				"south": {"uv": [0, 8, 6, 12], "texture": "#8"},
				"west": {"uv": [0, 8, 5, 13], "texture": "#8"},
				"up": {"uv": [0, 0, 5, 4], "texture": "#8"},
				"down": {"uv": [0, 0, 5, 4], "texture": "#8"}
			}
		},
		{
			"name": "Snout",
			"from": [-13, 16, 6.1],
			"to": [-8, 18, 9.9],
			"rotation": {"angle": 22.5, "axis": "z", "origin": [8, 8, 8]},
			"faces": {
				"north": {"uv": [0, 0, 5, 2], "texture": "#8"},
				"east": {"uv": [0, 0, 3.8, 2], "texture": "#8"},
				"south": {"uv": [0, 0, 5, 2], "texture": "#8"},
				"west": {"uv": [0, 0, 3.8, 2], "texture": "#8"},
				"up": {"uv": [0, 0, 5, 3.8], "texture": "#8"},
				"down": {"uv": [0, 0, 5, 3.8], "texture": "#8"}
			}
		},
		{
			"name": "Sail1",
			"from": [-3, 6, 7.5],
			"to": [13, 8, 8.5],
			"faces": {
				"north": {"uv": [0, 0, 8, 1], "texture": "#9"},
				"east": {"uv": [8, 0, 9, 1], "texture": "#9"},
				"south": {"uv": [0, 1, 8, 2], "texture": "#9"},
				"west": {"uv": [8, 2, 9, 3], "texture": "#9"},
				"up": {"uv": [0, 2, 8, 3], "texture": "#9"},
				"down": {"uv": [0, 3, 8, 4], "texture": "#9"}
			}
		},
		{
			"name": "Sail2",
			"from": [-9, 4, 7.5],
			"to": [7, 6, 8.5],
			"rotation": {"angle": -22.5, "axis": "z", "origin": [8, 8, 8]},
			"faces": {
				"north": {"uv": [0, 4, 8, 5], "texture": "#9"},
				"east": {"uv": [8, 4, 9, 5], "texture": "#9"},
				"south": {"uv": [0, 5, 8, 6], "texture": "#9"},
				"west": {"uv": [8, 6, 9, 7], "texture": "#9"},
				"up": {"uv": [0, 6, 8, 7], "texture": "#9"},
				"down": {"uv": [0, 7, 8, 8], "texture": "#9"}
			}
		},
		{
			"name": "Leg1",
			"from": [7, -3, 4],
			"to": [11, 3, 7],
			"rotation": {"angle": -22.5, "axis": "z", "origin": [8, 8, 8]},
			"faces": {
				"north": {"uv": [0, 0, 2, 3], "texture": "#10"},
				"east": {"uv": [5, 0, 7, 3], "texture": "#10"},
				"south": {"uv": [5, 0, 7, 3], "texture": "#10"},
				"west": {"uv": [3, 0, 5, 3], "texture": "#10"},
				"up": {"uv": [0, 0, 2, 3], "texture": "#10"},
				"down": {"uv": [0, 0, 4, 3], "texture": "#10"}
			}
		},
		{
			"name": "Leg2",
			"from": [7, -3, 9],
			"to": [11, 3, 12],
			"rotation": {"angle": -22.5, "axis": "z", "origin": [8, 8, 8]},
			"faces": {
				"north": {"uv": [0, 0, 2, 3], "texture": "#10"},
				"east": {"uv": [0, 0, 2, 3], "texture": "#10"},
				"south": {"uv": [0, 0, 2, 3], "texture": "#10"},
				"west": {"uv": [0, 0, 2, 3], "texture": "#10"},
				"up": {"uv": [0, 0, 2, 3], "texture": "#10"},
				"down": {"uv": [0, 0, 2, 3], "texture": "#10"}
			}
		},
		{
			"name": "Leg3",
			"from": [-2, -3, 9.5],
			"to": [1, 3, 11.5],
			"rotation": {"angle": 45, "axis": "z", "origin": [8, 8, 8]},
			"faces": {
				"north": {"uv": [0, 0, 2, 3], "texture": "#10"},
				"east": {"uv": [0, 0, 1, 3], "texture": "#10"},
				"south": {"uv": [0, 0, 2, 3], "texture": "#10"},
				"west": {"uv": [0, 0, 1, 3], "texture": "#10"},
				"up": {"uv": [0, 0, 3, 2], "texture": "#10"},
				"down": {"uv": [0, 0, 3, 2], "texture": "#10"}
			}
		},
		{
			"name": "Leg4",
			"from": [-2, -3, 4.5],
			"to": [1, 3, 6.5],
			"rotation": {"angle": 45, "axis": "z", "origin": [8, 8, 8]},
			"faces": {
				"north": {"uv": [0, 0, 2, 3], "texture": "#10"},
				"east": {"uv": [0, 0, 1, 3], "texture": "#10"},
				"south": {"uv": [0, 0, 2, 3], "texture": "#10"},
				"west": {"uv": [0, 0, 1, 3], "texture": "#10"},
				"up": {"uv": [0, 0, 3, 2], "texture": "#10"},
				"down": {"uv": [0, 0, 3, 2], "texture": "#10"}
			}
		},
		{
			"name": "Leg5",
			"from": [12, -9, 4.6],
			"to": [15, -3, 6.4],
			"rotation": {"angle": -22.5, "axis": "z", "origin": [8, 8, 8]},
			"faces": {
				"north": {"uv": [0, 0, 2, 3], "texture": "#10"},
				"east": {"uv": [0, 0, 0.8, 3], "texture": "#10"},
				"south": {"uv": [0, 0, 2, 3], "texture": "#10"},
				"west": {"uv": [0, 0, 0.8, 3], "texture": "#10"},
				"up": {"uv": [0, 0, 3, 1.8], "texture": "#10"},
				"down": {"uv": [0, 0, 3, 1.8], "texture": "#10"}
			}
		},
		{
			"name": "Leg6",
			"from": [12, -9, 9.6],
			"to": [15, -3, 11.4],
			"rotation": {"angle": -22.5, "axis": "z", "origin": [8, 8, 8]},
			"faces": {
				"north": {"uv": [0, 0, 2, 3], "texture": "#10"},
				"east": {"uv": [0, 0, 0.8, 3], "texture": "#10"},
				"south": {"uv": [0, 0, 2, 3], "texture": "#10"},
				"west": {"uv": [0, 0, 0.8, 3], "texture": "#10"},
				"up": {"uv": [0, 0, 3, 1.8], "texture": "#10"},
				"down": {"uv": [0, 0, 3, 1.8], "texture": "#10"}
			}
		},
		{
			"name": "Cube",
			"from": [4, -10, 4],
			"to": [9, -8, 7],
			"faces": {
				"north": {"uv": [0, 0, 3, 1], "texture": "#10"},
				"east": {"uv": [0, 0, 1, 1], "texture": "#10"},
				"south": {"uv": [0, 0, 3, 1], "texture": "#10"},
				"west": {"uv": [0, 0, 1, 1], "texture": "#10"},
				"up": {"uv": [0, 0, 5, 3], "texture": "#10"},
				"down": {"uv": [0, 0, 5, 3], "texture": "#10"}
			}
		},
		{
			"name": "Cube",
			"from": [4, -10, 9],
			"to": [9, -8, 12],
			"faces": {
				"north": {"uv": [0, 0, 3, 1], "texture": "#10"},
				"east": {"uv": [0, 0, 3, 1], "texture": "#10"},
				"south": {"uv": [0, 0, 3, 1], "texture": "#10"},
				"west": {"uv": [0, 0, 3, 1], "texture": "#10"},
				"up": {"uv": [0, 0, 5, 3], "texture": "#10"},
				"down": {"uv": [0, 0, 5, 3], "texture": "#10"}
			}
		},
		{
			"name": "Cube",
			"from": [-5, 1, 4],
			"to": [-3.5, 7, 5.5],
			"rotation": {"angle": 22.5, "axis": "z", "origin": [8, 8, 8]},
			"faces": {
				"north": {"uv": [0, 0, 2, 6], "texture": "#8"},
				"east": {"uv": [0, 0, 2, 6], "texture": "#8"},
				"south": {"uv": [0, 0, 2, 6], "texture": "#8"},
				"west": {"uv": [0, 0, 2, 6], "texture": "#8"},
				"up": {"uv": [0, 0, 2, 2], "texture": "#8"},
				"down": {"uv": [0, 0, 2, 2], "texture": "#8"}
			}
		},
		{
			"name": "Cube",
			"from": [-5, 1, 10.5],
			"to": [-3.5, 7, 12],
			"rotation": {"angle": 22.5, "axis": "z", "origin": [8, 8, 8]},
			"faces": {
				"north": {"uv": [0, 0, 1.5, 6], "texture": "#8"},
				"east": {"uv": [0, 0, 1.5, 6], "texture": "#8"},
				"south": {"uv": [0, 0, 1.5, 6], "texture": "#8"},
				"west": {"uv": [0, 0, 1.5, 6], "texture": "#8"},
				"up": {"uv": [0, 0, 1.5, 1.5], "texture": "#8"},
				"down": {"uv": [0, 0, 1.5, 1.5], "texture": "#8"}
			}
		},
		{
			"name": "Cube",
			"from": [8.5, -11, 10.5],
			"to": [10, -5, 12],
			"rotation": {"angle": -45, "axis": "z", "origin": [8, 8, 8]},
			"faces": {
				"north": {"uv": [0, 0, 1.5, 6], "texture": "#8"},
				"east": {"uv": [0, 0, 1.5, 6], "texture": "#8"},
				"south": {"uv": [0, 0, 1.5, 6], "texture": "#8"},
				"west": {"uv": [0, 0, 1.5, 6], "texture": "#8"},
				"up": {"uv": [0, 0, 1.5, 1.5], "texture": "#8"},
				"down": {"uv": [0, 0, 1.5, 1.5], "texture": "#8"}
			}
		},
		{
			"name": "Cube",
			"from": [8.5, -11, 4],
			"to": [10, -5, 5.5],
			"rotation": {"angle": -45, "axis": "z", "origin": [8, 8, 8]},
			"faces": {
				"north": {"uv": [0, 0, 1.5, 6], "texture": "#8"},
				"east": {"uv": [0, 0, 1.5, 6], "texture": "#8"},
				"south": {"uv": [0, 0, 1.5, 6], "texture": "#8"},
				"west": {"uv": [0, 0, 1.5, 6], "texture": "#8"},
				"up": {"uv": [0, 0, 1.5, 1.5], "texture": "#8"},
				"down": {"uv": [0, 0, 1.5, 1.5], "texture": "#8"}
			}
		}
	],
	"display": {
		"thirdperson_righthand": {
			"translation": [0, 3, 1],
			"scale": [0.55, 0.55, 0.55]
		},
		"firstperson_righthand": {
			"rotation": [0, -90, 25],
			"translation": [1.13, 3.2, 1.13],
			"scale": [0, 0, 0]
		},
		"ground": {
			"scale": [0.5, 0.5, 0.5]
		},
		"head": {
			"rotation": [0, -90, 0],
			"translation": [0, 15, 0],
			"scale": [3.5, 3.5, 3.5]
		}
	}
}
