{
    "textures": {
        "main": "dinododo:entity/concavenator_walk"
    },
    "elements": [
        {
            "name": "Body",
            "from": [ -5, 0, 5 ],
            "to":   [ 6, 6, 11 ],
            "faces": {
                "north": { "uv": [ 0, 0, 1.25, 0.75 ], "texture": "#main" },
                "east":  { "uv": [ 3.375, 0, 4.125, 0.75 ], "texture": "#main" },
                "south": { "uv": [ 1.875, 0, 3.375, 0.75 ], "texture": "#main" },
                "west":  { "uv": [ 1.25, 0, 2, 0.75 ], "texture": "#main" },
                "up":    { "uv": [ 0, 0.75, 1.225, 1.5 ], "texture": "#main" },
                "down":  { "uv": [ 2, 0.75, 3.35, 1.5 ], "texture": "#main" }
            }
        },
        {
            "name": "Tail1",
            "from": [ 1, 0.5, 5.5 ],
            "to":   [ 9, 6.5, 10.5 ],
            "faces": {
                "north": { "uv": [ 0, 1.5, 1, 2.25 ], "texture": "#main" },
                "east":  { "uv": [ 2.625, 1.5, 3.25, 2.25 ], "texture": "#main" },
                "south": { "uv": [ 1.625, 1.5, 2.625, 2.25 ], "texture": "#main" },
                "west":  { "uv": [ 1, 1.5, 1.625, 2.25 ], "texture": "#main" },
                "up":    { "uv": [ 0, 2.25, 1, 3 ], "texture": "#main" },
                "down":  { "uv": [ 1.625, 2.25, 2.5, 3 ], "texture": "#main" }
            }
        },
        {
            "name": "Tail2",
            "from": [ 9, 1.5, 6 ],
            "to":   [ 14, 6.5, 10 ],
            "faces": {
                "north": { "uv": [ 0, 3, 0.625, 3.625 ], "texture": "#main" },
                "east":  { "uv": [ 1.75, 3, 2.25, 3.625 ], "texture": "#main" },
                "south": { "uv": [ 1.125, 3, 1.75, 3.625 ], "texture": "#main" },
                "west":  { "uv": [ 0.625, 3, 1.125, 3.625 ], "texture": "#main" },
                "up":    { "uv": [ 0, 3.625, 0.625, 4.25 ], "texture": "#main" },
                "down":  { "uv": [ 1.125, 3.625, 1.75, 4.25 ], "texture": "#main" }
            }
        },
        {
            "name": "Tail3",
            "from": [ 14, 2.5, 6.5 ],
            "to":   [ 20, 6.5, 9.5 ],
            "faces": {
                "north": { "uv": [ 0, 4.25, 0.75, 4.75 ], "texture": "#main" },
                "east":  { "uv": [ 1.875, 4.25, 2.25, 4.75 ], "texture": "#main" },
                "south": { "uv": [ 1.125, 4.25, 1.875, 4.75 ], "texture": "#main" },
                "west":  { "uv": [ 0.75, 4.25, 1.125, 4.75 ], "texture": "#main" },
                "up":    { "uv": [ 0, 4.75, 0.75, 5.25 ], "texture": "#main" },
                "down":  { "uv": [ 1.125, 4.75, 1.875, 5.25 ], "texture": "#main" }
            }
        },
        {
            "name": "Tail4",
            "from": [ 18, 3.5, 7 ],
            "to":   [ 26, 6.5, 9 ],
            "faces": {
                "north": { "uv": [ 0, 5.25, 1, 5.625 ], "texture": "#main" },
                "east":  { "uv": [ 2.25, 5.25, 2.5, 5.625 ], "texture": "#main" },
                "south": { "uv": [ 1.25, 5.25, 2.25, 5.625 ], "texture": "#main" },
                "west":  { "uv": [ 1, 5.25, 1.25, 5.625 ], "texture": "#main" },
                "up":    { "uv": [ 0, 5.625, 1, 6 ], "texture": "#main" },
                "down":  { "uv": [ 1.25, 5.625, 2.25, 6 ], "texture": "#main" }
            }
        },
        {
            "name": "Tail5",
            "from": [ 23, 4.5, 7.5 ],
            "to":   [ 32, 6.5, 8.5 ],
            "faces": {
                "north": { "uv": [ 0, 6, 1.125, 6.25 ], "texture": "#main" },
                "east":  { "uv": [ 2.375, 6, 2.5, 6.25 ], "texture": "#main" },
                "south": { "uv": [ 1.25, 6, 2.375, 6.25 ], "texture": "#main" },
                "west":  { "uv": [ 1.125, 6, 1.25, 6.25 ], "texture": "#main" },
                "up":    { "uv": [ 0, 6.25, 1.125, 6.5 ], "texture": "#main" },
                "down":  { "uv": [ 1.25, 6.25, 2.375, 6.5 ], "texture": "#main" }
            }
        },
        {
            "name": "Neck",
            "from": [ -8, -1, 6 ],
            "to":   [ 3, 4, 10 ],
            "rotation": { "angle": -22.5, "axis": "z", "origin": [8, 8, 8] },
            "faces": {
                "north": { "uv": [ 4.125, 0, 5.5, 0.625 ], "texture": "#main" },
                "east":  { "uv": [ 7.375, 0, 7.875, 0.625 ], "texture": "#main" },
                "south": { "uv": [ 6, 0, 7.375, 0.625 ], "texture": "#main" },
                "west":  { "uv": [ 5.5, 0, 6, 0.625 ], "texture": "#main" },
                "up":    { "uv": [ 4.125, 0.625, 5.5, 1.25 ], "texture": "#main" },
                "down":  { "uv": [ 6, 0.625, 7.375, 1.25 ], "texture": "#main" }
            }
        },
        {
            "name": "Head",
            "from": [ -11, 6, 5.5 ],
            "to":   [ -8, 11, 10.5 ],
            "faces": {
                "north": { "uv": [ 3.375, 1.25, 3.75, 1.875 ], "texture": "#main" },
                "east":  { "uv": [ 4.75, 1.25, 5.375, 1.875 ], "texture": "#main" },
                "south": { "uv": [ 4.375, 1.25, 4.75, 1.875 ], "texture": "#main" },
                "west":  { "uv": [ 3.75, 1.25, 4.375, 1.875 ], "texture": "#main" },
                "up":    { "uv": [ 3.375, 1.875, 3.75, 2.5 ], "texture": "#main" },
                "down":  { "uv": [ 4.375, 1.875, 4.75, 2.5 ], "texture": "#main" }
            }
        },
        {
            "name": "JawBottom",
            "from": [ -16, 6, 6 ],
            "to":   [ -11, 9, 10 ],
            "faces": {
                "north": { "uv": [ 5.375, 1.25, 6, 1.625 ], "texture": "#main" },
                "east":  { "uv": [ 7.125, 1.25, 7.625, 1.625 ], "texture": "#main" },
                "south": { "uv": [ 6.5, 1.25, 7.125, 1.625 ], "texture": "#main" },
                "west":  { "uv": [ 6, 1.25, 6.5, 1.625 ], "texture": "#main" },
                "up":    { "uv": [ 5.375, 1.625, 6, 2 ], "texture": "#main" },
                "down":  { "uv": [ 6.5, 1.625, 7.125, 2 ], "texture": "#main" }
            }
        },
        {
            "name": "Snout",
            "from": [ -13.3, 15.8, 6.1 ],
            "to":   [ -8.3, 17.8, 9.9 ],
            "rotation": { "angle": 22.5, "axis": "z", "origin": [7.61768, 7.88032, 7.39504] },
            "faces": {
                "north": { "uv": [ 5.375, 1.25, 6, 1.625 ], "texture": "#main" },
                "east":  { "uv": [ 7.125, 1.25, 7.65, 1.625 ], "texture": "#main" },
                "south": { "uv": [ 6.5, 1.25, 7.125, 1.625 ], "texture": "#main" },
                "west":  { "uv": [ 6, 1.25, 6.525, 1.625 ], "texture": "#main" },
                "up":    { "uv": [ 5.375, 1.625, 6, 2 ], "texture": "#main" },
                "down":  { "uv": [ 6.5, 1.625, 7.125, 2.025 ], "texture": "#main" }
            }
        },
        {
            "name": "Leg1",
            "from": [ 9, -2, 4 ],
            "to":   [ 13, 4, 7 ],
            "rotation": { "angle": -22.5, "axis": "z", "origin": [10, 9, 8] },
            "faces": {
                "north": { "uv": [ 4.125, 2.5, 4.625, 3.25 ], "texture": "#main" },
                "east":  { "uv": [ 5.5, 2.5, 5.875, 3.25 ], "texture": "#main" },
                "south": { "uv": [ 5, 2.5, 5.5, 3.25 ], "texture": "#main" },
                "west":  { "uv": [ 4.625, 2.5, 5, 3.25 ], "texture": "#main" },
                "up":    { "uv": [ 4.125, 3.25, 4.625, 3.625 ], "texture": "#main" },
                "down":  { "uv": [ 5, 3.25, 5.5, 3.625 ], "texture": "#main" }
            }
        },
        {
            "name": "Leg2",
            "from": [ 9, -2, 9 ],
            "to":   [ 13, 4, 12 ],
            "rotation": { "angle": -22.5, "axis": "z", "origin": [10, 9, 8] },
            "faces": {
                "north": { "uv": [ 4.125, 2.5, 4.625, 3.25 ], "texture": "#main" },
                "east":  { "uv": [ 5.5, 2.5, 5.875, 3.25 ], "texture": "#main" },
                "south": { "uv": [ 5, 2.5, 5.5, 3.25 ], "texture": "#main" },
                "west":  { "uv": [ 4.625, 2.5, 5, 3.25 ], "texture": "#main" },
                "up":    { "uv": [ 4.125, 3.25, 4.625, 3.625 ], "texture": "#main" },
                "down":  { "uv": [ 5, 3.25, 5.5, 3.625 ], "texture": "#main" }
            }
        },
        {
            "name": "Leg3",
            "from": [ 1, -2, 9.5 ],
            "to":   [ 4, 4, 11.5 ],
            "rotation": { "angle": 45, "axis": "z", "origin": [11, 9, 8] },
            "faces": {
                "north": { "uv": [ 5.875, 2, 6.25, 2.75 ], "texture": "#main" },
                "east":  { "uv": [ 6.875, 2, 7.125, 2.75 ], "texture": "#main" },
                "south": { "uv": [ 6.5, 2, 6.875, 2.75 ], "texture": "#main" },
                "west":  { "uv": [ 6.25, 2, 6.5, 2.75 ], "texture": "#main" },
                "up":    { "uv": [ 5.875, 2.75, 6.25, 3 ], "texture": "#main" },
                "down":  { "uv": [ 6.375, 2.75, 6.875, 3 ], "texture": "#main" }
            }
        },
        {
            "name": "Leg4",
            "from": [ 1, -2, 4.5 ],
            "to":   [ 4, 4, 6.5 ],
            "rotation": { "angle": 45, "axis": "z", "origin": [11, 9, 8] },
            "faces": {
                "north": { "uv": [ 5.875, 2, 6.25, 2.75 ], "texture": "#main" },
                "east":  { "uv": [ 6.875, 2, 7.125, 2.75 ], "texture": "#main" },
                "south": { "uv": [ 6.5, 2, 6.875, 2.75 ], "texture": "#main" },
                "west":  { "uv": [ 6.25, 2, 6.5, 2.75 ], "texture": "#main" },
                "up":    { "uv": [ 5.875, 2.75, 6.25, 3 ], "texture": "#main" },
                "down":  { "uv": [ 6.375, 2.75, 6.875, 3 ], "texture": "#main" }
            }
        },
        {
            "name": "Leg5",
            "from": [ 11.09436, -8.38862, 4.6 ],
            "to":   [ 14.09436, -2.38862, 6.4 ],
            "rotation": { "angle": -22.5, "axis": "z", "origin": [10.59436, -2.38862, 5.50058] },
            "faces": {
                "north": { "uv": [ 5.875, 2, 6.25, 2.75 ], "texture": "#main" },
                "east":  { "uv": [ 6.875, 2, 7.125, 2.75 ], "texture": "#main" },
                "south": { "uv": [ 6.5, 2, 6.875, 2.75 ], "texture": "#main" },
                "west":  { "uv": [ 6.25, 2, 6.5, 2.75 ], "texture": "#main" },
                "up":    { "uv": [ 5.875, 2.75, 6.25, 3 ], "texture": "#main" },
                "down":  { "uv": [ 6.375, 2.75, 6.875, 3 ], "texture": "#main" }
            }
        },
        {
            "name": "Leg6",
            "from": [ 11.09436, -8.38862, 9.6 ],
            "to":   [ 14.09436, -2.38862, 11.4 ],
            "rotation": { "angle": -22.5, "axis": "z", "origin": [10.59436, -2.38862, 5.50058] },
            "faces": {
                "north": { "uv": [ 5.875, 2, 6.25, 2.75 ], "texture": "#main" },
                "east":  { "uv": [ 6.875, 2, 7.125, 2.75 ], "texture": "#main" },
                "south": { "uv": [ 6.5, 2, 6.875, 2.75 ], "texture": "#main" },
                "west":  { "uv": [ 6.25, 2, 6.5, 2.75 ], "texture": "#main" },
                "up":    { "uv": [ 5.875, 2.75, 6.25, 3 ], "texture": "#main" },
                "down":  { "uv": [ 6.375, 2.75, 6.875, 3 ], "texture": "#main" }
            }
        },
        {
            "name": "Foot1",
            "from": [ 7, -10, 4 ],
            "to":   [ 12, -8, 7 ],
            "faces": {
                "north": { "uv": [ 2.25, 3.75, 2.875, 4 ], "texture": "#main" },
                "east":  { "uv": [ 3.875, 3.75, 4.25, 4 ], "texture": "#main" },
                "south": { "uv": [ 3.25, 3.75, 3.875, 4 ], "texture": "#main" },
                "west":  { "uv": [ 2.875, 3.75, 3.25, 4 ], "texture": "#main" },
                "up":    { "uv": [ 2.25, 4, 2.875, 4.375 ], "texture": "#main" },
                "down":  { "uv": [ 3.25, 4, 3.875, 4.375 ], "texture": "#main" }
            }
        },
        {
            "name": "Foot2",
            "from": [ 7, -10, 9 ],
            "to":   [ 12, -8, 12 ],
            "faces": {
                "north": { "uv": [ 2.25, 3.75, 2.875, 4 ], "texture": "#main" },
                "east":  { "uv": [ 3.875, 3.75, 4.25, 4 ], "texture": "#main" },
                "south": { "uv": [ 3.25, 3.75, 3.875, 4 ], "texture": "#main" },
                "west":  { "uv": [ 2.875, 3.75, 3.25, 4 ], "texture": "#main" },
                "up":    { "uv": [ 2.25, 4, 2.875, 4.375 ], "texture": "#main" },
                "down":  { "uv": [ 3.25, 4, 3.875, 4.375 ], "texture": "#main" }
            }
        },
        {
            "name": "Sail1",
            "from": [ 3, 6, 7.5 ],
            "to":   [ 5, 7, 8.5 ],
            "faces": {
                "north": { "uv": [ 4.625, 6.375, 4.875, 6.5 ], "texture": "#main" },
                "east":  { "uv": [ 4.625, 6.375, 4.875, 6.5 ], "texture": "#main" },
                "south": { "uv": [ 4.625, 6.375, 4.875, 6.5 ], "texture": "#main" },
                "west":  { "uv": [ 4.625, 6.375, 4.875, 6.5 ], "texture": "#main" },
                "up":    { "uv": [ 4.625, 6.375, 4.875, 6.5 ], "texture": "#main" },
                "down":  { "uv": [ 4.625, 6.375, 4.875, 6.5 ], "texture": "#main" }
            }
        },
        {
            "name": "Sail2",
            "from": [ 19, 6, 7.5 ],
            "to":   [ 22, 7, 8.5 ],
            "faces": {
                "north": { "uv": [ 2.5, 6.375, 2.75, 6.5 ], "texture": "#main" },
                "east":  { "uv": [ 2.5, 6.375, 2.75, 6.5 ], "texture": "#main" },
                "south": { "uv": [ 2.5, 6.375, 2.75, 6.5 ], "texture": "#main" },
                "west":  { "uv": [ 2.5, 6.375, 2.75, 6.5 ], "texture": "#main" },
                "up":    { "uv": [ 2.5, 6.375, 2.75, 6.5 ], "texture": "#main" },
                "down":  { "uv": [ 2.5, 6.375, 2.75, 6.5 ], "texture": "#main" }
            }
        },
        {
            "name": "Sail3",
            "from": [ 5, 6, 7.5 ],
            "to":   [ 19, 8, 8.5 ],
            "faces": {
                "north": { "uv": [ 2.75, 6.25, 4.5, 6.5 ], "texture": "#main" },
                "east":  { "uv": [ 2.75, 6.25, 4.5, 6.5 ], "texture": "#main" },
                "south": { "uv": [ 2.75, 6.25, 4.5, 6.5 ], "texture": "#main" },
                "west":  { "uv": [ 2.75, 6.25, 4.5, 6.5 ], "texture": "#main" },
                "up":    { "uv": [ 2.75, 6.25, 4.5, 6.5 ], "texture": "#main" },
                "down":  { "uv": [ 2.75, 6.25, 4.5, 6.5 ], "texture": "#main" }
            }
        },
        {
            "name": "Sail4",
            "from": [ 7, 8, 7.5 ],
            "to":   [ 9, 9, 8.5 ],
            "faces": {
                "north": { "uv": [ 4, 6.125, 4.25, 6.25 ], "texture": "#main" },
                "east":  { "uv": [ 4, 6.125, 4.25, 6.25 ], "texture": "#main" },
                "south": { "uv": [ 4, 6.125, 4.25, 6.25 ], "texture": "#main" },
                "west":  { "uv": [ 4, 6.125, 4.25, 6.25 ], "texture": "#main" },
                "up":    { "uv": [ 4, 6.125, 4.25, 6.25 ], "texture": "#main" },
                "down":  { "uv": [ 4, 6.125, 4.25, 6.25 ], "texture": "#main" }
            }
        },
        {
            "name": "Sail5",
            "from": [ 15, 8, 7.5 ],
            "to":   [ 17, 9, 8.5 ],
            "faces": {
                "north": { "uv": [ 3, 6.125, 3.25, 6.25 ], "texture": "#main" },
                "east":  { "uv": [ 3, 6.125, 3.25, 6.25 ], "texture": "#main" },
                "south": { "uv": [ 3, 6.125, 3.25, 6.25 ], "texture": "#main" },
                "west":  { "uv": [ 3, 6.125, 3.25, 6.25 ], "texture": "#main" },
                "up":    { "uv": [ 3, 6.125, 3.25, 6.25 ], "texture": "#main" },
                "down":  { "uv": [ 3, 6.125, 3.25, 6.25 ], "texture": "#main" }
            }
        },
        {
            "name": "Sail6",
            "from": [ 9, 8, 7.5 ],
            "to":   [ 15, 10, 8.5 ],
            "faces": {
                "north": { "uv": [ 3.25, 6, 4, 6.25 ], "texture": "#main" },
                "east":  { "uv": [ 3.25, 6, 3.375, 6.25 ], "texture": "#main" },
                "south": { "uv": [ 3.25, 6, 4, 6.25 ], "texture": "#main" },
                "west":  { "uv": [ 3.25, 6, 3.375, 6.25 ], "texture": "#main" },
                "up":    { "uv": [ 3.25, 6, 4, 6.25 ], "texture": "#main" },
                "down":  { "uv": [ 3.25, 6, 4, 6.25 ], "texture": "#main" }
            }
        },
        {
            "name": "Sail7",
            "from": [ 10, 10, 7.5 ],
            "to":   [ 14, 11.5, 8.5 ],
            "faces": {
                "north": { "uv": [ 3.375, 5.75, 3.875, 6 ], "texture": "#main" },
                "east":  { "uv": [ 3.375, 5.75, 3.875, 6 ], "texture": "#main" },
                "south": { "uv": [ 3.375, 5.75, 3.875, 6 ], "texture": "#main" },
                "west":  { "uv": [ 3.375, 5.75, 3.875, 6 ], "texture": "#main" },
                "up":    { "uv": [ 3.375, 5.75, 3.875, 6 ], "texture": "#main" },
                "down":  { "uv": [ 3.375, 5.75, 3.875, 6 ], "texture": "#main" }
            }
        },
        {
            "name": "Sail8",
            "from": [ 11, 11.5, 7.5 ],
            "to":   [ 13, 12.5, 8.5 ],
            "faces": {
                "north": { "uv": [ 3.5, 5.625, 3.75, 5.75 ], "texture": "#main" },
                "east":  { "uv": [ 3.5, 5.625, 3.75, 5.75 ], "texture": "#main" },
                "south": { "uv": [ 3.5, 5.625, 3.75, 5.75 ], "texture": "#main" },
                "west":  { "uv": [ 3.5, 5.625, 3.75, 5.75 ], "texture": "#main" },
                "up":    { "uv": [ 3.5, 5.625, 3.75, 5.75 ], "texture": "#main" },
                "down":  { "uv": [ 3.5, 5.625, 3.75, 5.75 ], "texture": "#main" }
            }
        },
        {
            "name": "Arm1",
            "from": [ -9.95915, -4.18632, 4.04236 ],
            "to":   [ -8.45915, 0.81368, 5.54236 ],
            "rotation": { "angle": 22.5, "axis": "z", "origin": [-10.45915, 15.81368, 8.04236] },
            "faces": {
                "north": { "uv": [ 2.625, 2.5, 2.875, 3.75 ], "texture": "#main" },
                "east":  { "uv": [ 2.625, 2.5, 2.875, 3.75 ], "rotation":180, "texture": "#main" },
                "south": { "uv": [ 3.375, 2.5, 3.625, 3.75 ], "texture": "#main" },
                "west":  { "uv": [ 2.625, 2.375, 2.875, 3.625 ], "rotation":180, "texture": "#main" },
                "up":    { "uv": [ 2.625, 2.5, 2.875, 2.75 ], "rotation":180, "texture": "#main" },
                "down":  { "uv": [ 3.375, 2.5, 3.625, 2.75 ], "rotation":180, "texture": "#main" }
            }
        },
        {
            "name": "Arm2",
            "from": [ -9.96048, -4.18515, 10.54253 ],
            "to":   [ -8.46048, -0.18515, 12.04253 ],
            "rotation": { "angle": 22.5, "axis": "z", "origin": [-10.46048, 15.81485, 7.54253] },
            "faces": {
                "north": { "uv": [ 2.625, 2.5, 2.875, 3.75 ], "texture": "#main" },
                "east":  { "uv": [ 2.625, 2.5, 2.875, 3.75 ], "rotation":180, "texture": "#main" },
                "south": { "uv": [ 3.375, 2.5, 3.625, 3.75 ], "texture": "#main" },
                "west":  { "uv": [ 2.625, 2.375, 2.875, 3.625 ], "rotation":180, "texture": "#main" },
                "up":    { "uv": [ 2.625, 2.5, 2.875, 2.75 ], "rotation":180, "texture": "#main" },
                "down":  { "uv": [ 3.375, 2.5, 3.625, 2.75 ], "rotation":180, "texture": "#main" }
            }
        },
        {
            "name": "Arm3",
            "from": [ 7.33147, -11.26054, 10.5 ],
            "to":   [ 8.83147, -4.26054, 12 ],
            "rotation": { "angle": -45, "axis": "z", "origin": [6.83147, 8.73946, 7.5] },
            "faces": {
                "north": { "uv": [ 2.625, 2.5, 2.875, 3.75 ], "texture": "#main" },
                "east":  { "uv": [ 2.625, 2.5, 2.875, 3.75 ], "texture": "#main" },
                "south": { "uv": [ 3.375, 2.5, 3.625, 3.75 ], "texture": "#main" },
                "west":  { "uv": [ 2.625, 2.375, 2.875, 3.625 ], "texture": "#main" },
                "up":    { "uv": [ 2.625, 2.5, 2.875, 2.75 ], "texture": "#main" },
                "down":  { "uv": [ 3.375, 2.5, 3.625, 2.75 ], "texture": "#main" }
            }
        },
        {
            "name": "Arm4",
            "from": [ 7.3328, -11.26171, 3.99984 ],
            "to":   [ 8.8328, -4.26171, 5.49984 ],
            "rotation": { "angle": -45, "axis": "z", "origin": [6.8328, 8.73829, 7.99984] },
            "faces": {
                "north": { "uv": [ 2.625, 2.5, 2.875, 3.75 ], "texture": "#main" },
                "east":  { "uv": [ 2.625, 2.5, 2.875, 3.75 ], "texture": "#main" },
                "south": { "uv": [ 3.375, 2.5, 3.625, 3.75 ], "texture": "#main" },
                "west":  { "uv": [ 2.625, 2.375, 2.875, 3.625 ], "texture": "#main" },
                "up":    { "uv": [ 2.625, 2.5, 2.875, 2.75 ], "texture": "#main" },
                "down":  { "uv": [ 3.375, 2.5, 3.625, 2.75 ], "texture": "#main" }
            }
        },
        {
            "name": "Body",
            "from": [ -5, 0, 5 ],
            "to":   [ 6, 6, 11 ],
            "faces": {
                "north": { "uv": [ 8, 0, 9.25, 0.75 ], "texture": "#main" },
                "east":  { "uv": [ 11.375, 0, 12.125, 0.75 ], "texture": "#main" },
                "south": { "uv": [ 9.875, 0, 11.375, 0.75 ], "texture": "#main" },
                "west":  { "uv": [ 9.25, 0, 10, 0.75 ], "texture": "#main" },
                "up":    { "uv": [ 8, 0.75, 9.225, 1.5 ], "texture": "#main" },
                "down":  { "uv": [ 10, 0.75, 11.35, 1.5 ], "texture": "#main" }
            }
        },
        {
            "name": "Tail1",
            "from": [ 1, 0.5, 5.5 ],
            "to":   [ 9, 6.5, 10.5 ],
            "faces": {
                "north": { "uv": [ 8, 1.5, 9, 2.25 ], "texture": "#main" },
                "east":  { "uv": [ 10.625, 1.5, 11.25, 2.25 ], "texture": "#main" },
                "south": { "uv": [ 9.625, 1.5, 10.625, 2.25 ], "texture": "#main" },
                "west":  { "uv": [ 9, 1.5, 9.625, 2.25 ], "texture": "#main" },
                "up":    { "uv": [ 8, 2.25, 9, 3 ], "texture": "#main" },
                "down":  { "uv": [ 9.625, 2.25, 10.5, 3 ], "texture": "#main" }
            }
        },
        {
            "name": "Tail2",
            "from": [ 9, 1.5, 6 ],
            "to":   [ 14, 6.5, 10 ],
            "faces": {
                "north": { "uv": [ 8, 3, 8.625, 3.625 ], "texture": "#main" },
                "east":  { "uv": [ 9.75, 3, 10.25, 3.625 ], "texture": "#main" },
                "south": { "uv": [ 9.125, 3, 9.75, 3.625 ], "texture": "#main" },
                "west":  { "uv": [ 8.625, 3, 9.125, 3.625 ], "texture": "#main" },
                "up":    { "uv": [ 8, 3.625, 8.625, 4.25 ], "texture": "#main" },
                "down":  { "uv": [ 9.125, 3.625, 9.75, 4.25 ], "texture": "#main" }
            }
        },
        {
            "name": "Tail3",
            "from": [ 14, 2.5, 6.5 ],
            "to":   [ 20, 6.5, 9.5 ],
            "faces": {
                "north": { "uv": [ 8, 4.25, 8.75, 4.75 ], "texture": "#main" },
                "east":  { "uv": [ 9.875, 4.25, 10.25, 4.75 ], "texture": "#main" },
                "south": { "uv": [ 9.125, 4.25, 9.875, 4.75 ], "texture": "#main" },
                "west":  { "uv": [ 8.75, 4.25, 9.125, 4.75 ], "texture": "#main" },
                "up":    { "uv": [ 8, 4.75, 8.75, 5.25 ], "texture": "#main" },
                "down":  { "uv": [ 9.125, 4.75, 9.875, 5.25 ], "texture": "#main" }
            }
        },
        {
            "name": "Tail4",
            "from": [ 18, 3.5, 7 ],
            "to":   [ 26, 6.5, 9 ],
            "faces": {
                "north": { "uv": [ 8, 5.25, 9, 5.625 ], "texture": "#main" },
                "east":  { "uv": [ 10.25, 5.25, 10.5, 5.625 ], "texture": "#main" },
                "south": { "uv": [ 9.25, 5.25, 10.25, 5.625 ], "texture": "#main" },
                "west":  { "uv": [ 9, 5.25, 9.25, 5.625 ], "texture": "#main" },
                "up":    { "uv": [ 8, 5.625, 9, 6 ], "texture": "#main" },
                "down":  { "uv": [ 9.25, 5.625, 10.25, 6 ], "texture": "#main" }
            }
        },
        {
            "name": "Tail5",
            "from": [ 23, 4.5, 7.5 ],
            "to":   [ 32, 6.5, 8.5 ],
            "faces": {
                "north": { "uv": [ 8, 6, 9.125, 6.25 ], "texture": "#main" },
                "east":  { "uv": [ 10.375, 6, 10.5, 6.25 ], "texture": "#main" },
                "south": { "uv": [ 9.25, 6, 10.375, 6.25 ], "texture": "#main" },
                "west":  { "uv": [ 9.125, 6, 9.25, 6.25 ], "texture": "#main" },
                "up":    { "uv": [ 8, 6.25, 9.125, 6.5 ], "texture": "#main" },
                "down":  { "uv": [ 9.25, 6.25, 10.375, 6.5 ], "texture": "#main" }
            }
        },
        {
            "name": "Neck",
            "from": [ -8, -1, 6 ],
            "to":   [ 3, 4, 10 ],
            "rotation": { "angle": -22.5, "axis": "z", "origin": [8, 8, 8] },
            "faces": {
                "north": { "uv": [ 12.125, 0, 13.5, 0.625 ], "texture": "#main" },
                "east":  { "uv": [ 15.375, 0, 15.875, 0.625 ], "texture": "#main" },
                "south": { "uv": [ 14, 0, 15.375, 0.625 ], "texture": "#main" },
                "west":  { "uv": [ 13.5, 0, 14, 0.625 ], "texture": "#main" },
                "up":    { "uv": [ 12.125, 0.625, 13.5, 1.25 ], "texture": "#main" },
                "down":  { "uv": [ 14, 0.625, 15.375, 1.25 ], "texture": "#main" }
            }
        },
        {
            "name": "Head",
            "from": [ -11, 6, 5.5 ],
            "to":   [ -8, 11, 10.5 ],
            "faces": {
                "north": { "uv": [ 11.375, 1.25, 11.75, 1.875 ], "texture": "#main" },
                "east":  { "uv": [ 12.75, 1.25, 13.375, 1.875 ], "texture": "#main" },
                "south": { "uv": [ 12.375, 1.25, 12.75, 1.875 ], "texture": "#main" },
                "west":  { "uv": [ 11.75, 1.25, 12.375, 1.875 ], "texture": "#main" },
                "up":    { "uv": [ 11.375, 1.875, 11.75, 2.5 ], "texture": "#main" },
                "down":  { "uv": [ 12.375, 1.875, 12.75, 2.5 ], "texture": "#main" }
            }
        },
        {
            "name": "JawBottom",
            "from": [ -16, 6, 6 ],
            "to":   [ -11, 9, 10 ],
            "faces": {
                "north": { "uv": [ 13.375, 1.25, 14, 1.625 ], "texture": "#main" },
                "east":  { "uv": [ 15.125, 1.25, 15.625, 1.625 ], "texture": "#main" },
                "south": { "uv": [ 14.5, 1.25, 15.125, 1.625 ], "texture": "#main" },
                "west":  { "uv": [ 14, 1.25, 14.5, 1.625 ], "texture": "#main" },
                "up":    { "uv": [ 13.375, 1.625, 14, 2 ], "texture": "#main" },
                "down":  { "uv": [ 14.5, 1.625, 15.125, 2 ], "texture": "#main" }
            }
        },
        {
            "name": "Snout",
            "from": [ -13.3, 15.8, 6.1 ],
            "to":   [ -8.3, 17.8, 9.9 ],
            "rotation": { "angle": 22.5, "axis": "z", "origin": [7.61768, 7.88032, 7.39504] },
            "faces": {
                "north": { "uv": [ 13.375, 1.25, 14, 1.625 ], "texture": "#main" },
                "east":  { "uv": [ 15.125, 1.25, 15.65, 1.625 ], "texture": "#main" },
                "south": { "uv": [ 14.5, 1.25, 15.125, 1.625 ], "texture": "#main" },
                "west":  { "uv": [ 14, 1.25, 14.525, 1.625 ], "texture": "#main" },
                "up":    { "uv": [ 13.375, 1.625, 14, 2 ], "texture": "#main" },
                "down":  { "uv": [ 14.5, 1.625, 15.125, 2.025 ], "texture": "#main" }
            }
        },
        {
            "name": "Leg1",
            "from": [ 9, -2, 4 ],
            "to":   [ 13, 4, 7 ],
            "rotation": { "angle": -45, "axis": "z", "origin": [10, 9, 8] },
            "faces": {
                "north": { "uv": [ 12.125, 2.5, 12.625, 3.25 ], "texture": "#main" },
                "east":  { "uv": [ 13.5, 2.5, 13.875, 3.25 ], "texture": "#main" },
                "south": { "uv": [ 13, 2.5, 13.5, 3.25 ], "texture": "#main" },
                "west":  { "uv": [ 12.625, 2.5, 13, 3.25 ], "texture": "#main" },
                "up":    { "uv": [ 12.125, 3.25, 12.625, 3.625 ], "texture": "#main" },
                "down":  { "uv": [ 13, 3.25, 13.5, 3.625 ], "texture": "#main" }
            }
        },
        {
            "name": "Leg2",
            "from": [ 9, -2, 9 ],
            "to":   [ 13, 4, 12 ],
            "rotation": { "angle": -22.5, "axis": "z", "origin": [10, 9, 8] },
            "faces": {
                "north": { "uv": [ 12.125, 2.5, 12.625, 3.25 ], "texture": "#main" },
                "east":  { "uv": [ 13.5, 2.5, 13.875, 3.25 ], "texture": "#main" },
                "south": { "uv": [ 13, 2.5, 13.5, 3.25 ], "texture": "#main" },
                "west":  { "uv": [ 12.625, 2.5, 13, 3.25 ], "texture": "#main" },
                "up":    { "uv": [ 12.125, 3.25, 12.625, 3.625 ], "texture": "#main" },
                "down":  { "uv": [ 13, 3.25, 13.5, 3.625 ], "texture": "#main" }
            }
        },
        {
            "name": "Leg3",
            "from": [ 1, -2, 9.5 ],
            "to":   [ 4, 4, 11.5 ],
            "rotation": { "angle": 45, "axis": "z", "origin": [11, 9, 8] },
            "faces": {
                "north": { "uv": [ 13.875, 2, 14.25, 2.75 ], "texture": "#main" },
                "east":  { "uv": [ 14.875, 2, 15.125, 2.75 ], "texture": "#main" },
                "south": { "uv": [ 14.5, 2, 14.875, 2.75 ], "texture": "#main" },
                "west":  { "uv": [ 14.25, 2, 14.5, 2.75 ], "texture": "#main" },
                "up":    { "uv": [ 13.875, 2.75, 14.25, 3 ], "texture": "#main" },
                "down":  { "uv": [ 14.375, 2.75, 14.875, 3 ], "texture": "#main" }
            }
        },
        {
            "name": "Leg4",
            "from": [ 1, -2, 4.5 ],
            "to":   [ 4, 4, 6.5 ],
            "rotation": { "angle": 22.5, "axis": "z", "origin": [11, 9, 8] },
            "faces": {
                "north": { "uv": [ 13.875, 2, 14.25, 2.75 ], "texture": "#main" },
                "east":  { "uv": [ 14.875, 2, 15.125, 2.75 ], "texture": "#main" },
                "south": { "uv": [ 14.5, 2, 14.875, 2.75 ], "texture": "#main" },
                "west":  { "uv": [ 14.25, 2, 14.5, 2.75 ], "texture": "#main" },
                "up":    { "uv": [ 13.875, 2.75, 14.25, 3 ], "texture": "#main" },
                "down":  { "uv": [ 14.375, 2.75, 14.875, 3 ], "texture": "#main" }
            }
        },
        {
            "name": "Leg5",
            "from": [ 5.88881, -9.48791, 4.5 ],
            "to":   [ 8.88881, -3.48791, 6.3 ],
            "rotation": { "angle": -45, "axis": "z", "origin": [8.38881, -3.48791, 5.40058] },
            "faces": {
                "north": { "uv": [ 13.875, 2, 14.25, 2.75 ], "texture": "#main" },
                "east":  { "uv": [ 14.875, 2, 15.125, 2.75 ], "texture": "#main" },
                "south": { "uv": [ 14.5, 2, 14.875, 2.75 ], "texture": "#main" },
                "west":  { "uv": [ 14.25, 2, 14.5, 2.75 ], "texture": "#main" },
                "up":    { "uv": [ 13.875, 2.75, 14.25, 3 ], "texture": "#main" },
                "down":  { "uv": [ 14.375, 2.75, 14.875, 3 ], "texture": "#main" }
            }
        },
        {
            "name": "Leg6",
            "from": [ 11.09436, -8.38862, 9.6 ],
            "to":   [ 14.09436, -2.38862, 11.4 ],
            "rotation": { "angle": -22.5, "axis": "z", "origin": [10.59436, -2.38862, 5.50058] },
            "faces": {
                "north": { "uv": [ 13.875, 2, 14.25, 2.75 ], "texture": "#main" },
                "east":  { "uv": [ 14.875, 2, 15.125, 2.75 ], "texture": "#main" },
                "south": { "uv": [ 14.5, 2, 14.875, 2.75 ], "texture": "#main" },
                "west":  { "uv": [ 14.25, 2, 14.5, 2.75 ], "texture": "#main" },
                "up":    { "uv": [ 13.875, 2.75, 14.25, 3 ], "texture": "#main" },
                "down":  { "uv": [ 14.375, 2.75, 14.875, 3 ], "texture": "#main" }
            }
        },
        {
            "name": "Foot1",
            "from": [ 6, -8, 4 ],
            "to":   [ 11, -6, 7 ],
            "rotation": { "angle": -22.5, "axis": "z", "origin": [8, 8, 8] },
            "faces": {
                "north": { "uv": [ 10.25, 3.75, 10.875, 4 ], "texture": "#main" },
                "east":  { "uv": [ 11.875, 3.75, 12.25, 4 ], "texture": "#main" },
                "south": { "uv": [ 11.25, 3.75, 11.875, 4 ], "texture": "#main" },
                "west":  { "uv": [ 10.875, 3.75, 11.25, 4 ], "texture": "#main" },
                "up":    { "uv": [ 10.25, 4, 10.875, 4.375 ], "texture": "#main" },
                "down":  { "uv": [ 11.25, 4, 11.875, 4.375 ], "texture": "#main" }
            }
        },
        {
            "name": "Foot2",
            "from": [ 7, -10, 9 ],
            "to":   [ 12, -8, 12 ],
            "faces": {
                "north": { "uv": [ 10.25, 3.75, 10.875, 4 ], "texture": "#main" },
                "east":  { "uv": [ 11.875, 3.75, 12.25, 4 ], "texture": "#main" },
                "south": { "uv": [ 11.25, 3.75, 11.875, 4 ], "texture": "#main" },
                "west":  { "uv": [ 10.875, 3.75, 11.25, 4 ], "texture": "#main" },
                "up":    { "uv": [ 10.25, 4, 10.875, 4.375 ], "texture": "#main" },
                "down":  { "uv": [ 11.25, 4, 11.875, 4.375 ], "texture": "#main" }
            }
        },
        {
            "name": "Sail1",
            "from": [ 3, 6, 7.5 ],
            "to":   [ 5, 7, 8.5 ],
            "faces": {
                "north": { "uv": [ 12.625, 6.375, 12.875, 6.5 ], "texture": "#main" },
                "east":  { "uv": [ 12.625, 6.375, 12.875, 6.5 ], "texture": "#main" },
                "south": { "uv": [ 12.625, 6.375, 12.875, 6.5 ], "texture": "#main" },
                "west":  { "uv": [ 12.625, 6.375, 12.875, 6.5 ], "texture": "#main" },
                "up":    { "uv": [ 12.625, 6.375, 12.875, 6.5 ], "texture": "#main" },
                "down":  { "uv": [ 12.625, 6.375, 12.875, 6.5 ], "texture": "#main" }
            }
        },
        {
            "name": "Sail2",
            "from": [ 19, 6, 7.5 ],
            "to":   [ 22, 7, 8.5 ],
            "faces": {
                "north": { "uv": [ 10.5, 6.375, 10.75, 6.5 ], "texture": "#main" },
                "east":  { "uv": [ 10.5, 6.375, 10.75, 6.5 ], "texture": "#main" },
                "south": { "uv": [ 10.5, 6.375, 10.75, 6.5 ], "texture": "#main" },
                "west":  { "uv": [ 10.5, 6.375, 10.75, 6.5 ], "texture": "#main" },
                "up":    { "uv": [ 10.5, 6.375, 10.75, 6.5 ], "texture": "#main" },
                "down":  { "uv": [ 10.5, 6.375, 10.75, 6.5 ], "texture": "#main" }
            }
        },
        {
            "name": "Sail3",
            "from": [ 5, 6, 7.5 ],
            "to":   [ 19, 8, 8.5 ],
            "faces": {
                "north": { "uv": [ 10.75, 6.25, 12.5, 6.5 ], "texture": "#main" },
                "east":  { "uv": [ 10.75, 6.25, 12.5, 6.5 ], "texture": "#main" },
                "south": { "uv": [ 10.75, 6.25, 12.5, 6.5 ], "texture": "#main" },
                "west":  { "uv": [ 10.75, 6.25, 12.5, 6.5 ], "texture": "#main" },
                "up":    { "uv": [ 10.75, 6.25, 12.5, 6.5 ], "texture": "#main" },
                "down":  { "uv": [ 10.75, 6.25, 12.5, 6.5 ], "texture": "#main" }
            }
        },
        {
            "name": "Sail4",
            "from": [ 7, 8, 7.5 ],
            "to":   [ 9, 9, 8.5 ],
            "faces": {
                "north": { "uv": [ 12, 6.125, 12.25, 6.25 ], "texture": "#main" },
                "east":  { "uv": [ 12, 6.125, 12.25, 6.25 ], "texture": "#main" },
                "south": { "uv": [ 12, 6.125, 12.25, 6.25 ], "texture": "#main" },
                "west":  { "uv": [ 12, 6.125, 12.25, 6.25 ], "texture": "#main" },
                "up":    { "uv": [ 12, 6.125, 12.25, 6.25 ], "texture": "#main" },
                "down":  { "uv": [ 12, 6.125, 12.25, 6.25 ], "texture": "#main" }
            }
        },
        {
            "name": "Sail5",
            "from": [ 15, 8, 7.5 ],
            "to":   [ 17, 9, 8.5 ],
            "faces": {
                "north": { "uv": [ 11, 6.125, 11.25, 6.25 ], "texture": "#main" },
                "east":  { "uv": [ 11, 6.125, 11.25, 6.25 ], "texture": "#main" },
                "south": { "uv": [ 11, 6.125, 11.25, 6.25 ], "texture": "#main" },
                "west":  { "uv": [ 11, 6.125, 11.25, 6.25 ], "texture": "#main" },
                "up":    { "uv": [ 11, 6.125, 11.25, 6.25 ], "texture": "#main" },
                "down":  { "uv": [ 11, 6.125, 11.25, 6.25 ], "texture": "#main" }
            }
        },
        {
            "name": "Sail6",
            "from": [ 9, 8, 7.5 ],
            "to":   [ 15, 10, 8.5 ],
            "faces": {
                "north": { "uv": [ 11.25, 6, 12, 6.25 ], "texture": "#main" },
                "east":  { "uv": [ 11.25, 6, 11.375, 6.25 ], "texture": "#main" },
                "south": { "uv": [ 11.25, 6, 12, 6.25 ], "texture": "#main" },
                "west":  { "uv": [ 11.25, 6, 11.375, 6.25 ], "texture": "#main" },
                "up":    { "uv": [ 11.25, 6, 12, 6.25 ], "texture": "#main" },
                "down":  { "uv": [ 11.25, 6, 12, 6.25 ], "texture": "#main" }
            }
        },
        {
            "name": "Sail7",
            "from": [ 10, 10, 7.5 ],
            "to":   [ 14, 11.5, 8.5 ],
            "faces": {
                "north": { "uv": [ 11.375, 5.75, 11.875, 6 ], "texture": "#main" },
                "east":  { "uv": [ 11.375, 5.75, 11.875, 6 ], "texture": "#main" },
                "south": { "uv": [ 11.375, 5.75, 11.875, 6 ], "texture": "#main" },
                "west":  { "uv": [ 11.375, 5.75, 11.875, 6 ], "texture": "#main" },
                "up":    { "uv": [ 11.375, 5.75, 11.875, 6 ], "texture": "#main" },
                "down":  { "uv": [ 11.375, 5.75, 11.875, 6 ], "texture": "#main" }
            }
        },
        {
            "name": "Sail8",
            "from": [ 11, 11.5, 7.5 ],
            "to":   [ 13, 12.5, 8.5 ],
            "faces": {
                "north": { "uv": [ 11.5, 5.625, 11.75, 5.75 ], "texture": "#main" },
                "east":  { "uv": [ 11.5, 5.625, 11.75, 5.75 ], "texture": "#main" },
                "south": { "uv": [ 11.5, 5.625, 11.75, 5.75 ], "texture": "#main" },
                "west":  { "uv": [ 11.5, 5.625, 11.75, 5.75 ], "texture": "#main" },
                "up":    { "uv": [ 11.5, 5.625, 11.75, 5.75 ], "texture": "#main" },
                "down":  { "uv": [ 11.5, 5.625, 11.75, 5.75 ], "texture": "#main" }
            }
        },
        {
            "name": "Arm1",
            "from": [ -9.95915, -4.18632, 4.04236 ],
            "to":   [ -8.45915, 0.81368, 5.54236 ],
            "rotation": { "angle": 22.5, "axis": "z", "origin": [-10.45915, 15.81368, 8.04236] },
            "faces": {
                "north": { "uv": [ 10.625, 2.5, 10.875, 3.75 ], "texture": "#main" },
                "east":  { "uv": [ 10.625, 2.5, 10.875, 3.75 ], "rotation":180, "texture": "#main" },
                "south": { "uv": [ 11.375, 2.5, 11.625, 3.75 ], "texture": "#main" },
                "west":  { "uv": [ 10.625, 2.375, 10.875, 3.625 ], "rotation":180, "texture": "#main" },
                "up":    { "uv": [ 10.625, 2.5, 10.875, 2.75 ], "rotation":180, "texture": "#main" },
                "down":  { "uv": [ 11.375, 2.5, 11.625, 2.75 ], "rotation":180, "texture": "#main" }
            }
        },
        {
            "name": "Arm2",
            "from": [ -9.96048, -4.18515, 10.54253 ],
            "to":   [ -8.46048, -0.18515, 12.04253 ],
            "rotation": { "angle": 22.5, "axis": "z", "origin": [-10.46048, 15.81485, 7.54253] },
            "faces": {
                "north": { "uv": [ 10.625, 2.5, 10.875, 3.75 ], "texture": "#main" },
                "east":  { "uv": [ 10.625, 2.5, 10.875, 3.75 ], "rotation":180, "texture": "#main" },
                "south": { "uv": [ 11.375, 2.5, 11.625, 3.75 ], "texture": "#main" },
                "west":  { "uv": [ 10.625, 2.375, 10.875, 3.625 ], "rotation":180, "texture": "#main" },
                "up":    { "uv": [ 10.625, 2.5, 10.875, 2.75 ], "rotation":180, "texture": "#main" },
                "down":  { "uv": [ 11.375, 2.5, 11.625, 2.75 ], "rotation":180, "texture": "#main" }
            }
        },
        {
            "name": "Arm3",
            "from": [ 7.33147, -11.26054, 10.5 ],
            "to":   [ 8.83147, -4.26054, 12 ],
            "rotation": { "angle": -45, "axis": "z", "origin": [6.83147, 8.73946, 7.5] },
            "faces": {
                "north": { "uv": [ 10.625, 2.5, 10.875, 3.75 ], "texture": "#main" },
                "east":  { "uv": [ 10.625, 2.5, 10.875, 3.75 ], "texture": "#main" },
                "south": { "uv": [ 11.375, 2.5, 11.625, 3.75 ], "texture": "#main" },
                "west":  { "uv": [ 10.625, 2.375, 10.875, 3.625 ], "texture": "#main" },
                "up":    { "uv": [ 10.625, 2.5, 10.875, 2.75 ], "texture": "#main" },
                "down":  { "uv": [ 11.375, 2.5, 11.625, 2.75 ], "texture": "#main" }
            }
        },
        {
            "name": "Arm4",
            "from": [ 7.3328, -11.26171, 3.99984 ],
            "to":   [ 8.8328, -4.26171, 5.49984 ],
            "rotation": { "angle": -45, "axis": "z", "origin": [6.8328, 8.73829, 7.99984] },
            "faces": {
                "north": { "uv": [ 10.625, 2.5, 10.875, 3.75 ], "texture": "#main" },
                "east":  { "uv": [ 10.625, 2.5, 10.875, 3.75 ], "texture": "#main" },
                "south": { "uv": [ 11.375, 2.5, 11.625, 3.75 ], "texture": "#main" },
                "west":  { "uv": [ 10.625, 2.375, 10.875, 3.625 ], "texture": "#main" },
                "up":    { "uv": [ 10.625, 2.5, 10.875, 2.75 ], "texture": "#main" },
                "down":  { "uv": [ 11.375, 2.5, 11.625, 2.75 ], "texture": "#main" }
            }
        },
        {
            "name": "Body",
            "from": [ -5, 0, 5 ],
            "to":   [ 6, 6, 11 ],
            "faces": {
                "north": { "uv": [ 0, 8, 1.25, 8.75 ], "texture": "#main" },
                "east":  { "uv": [ 3.375, 8, 4.125, 8.75 ], "texture": "#main" },
                "south": { "uv": [ 1.875, 8, 3.375, 8.75 ], "texture": "#main" },
                "west":  { "uv": [ 1.25, 8, 2, 8.75 ], "texture": "#main" },
                "up":    { "uv": [ 0, 8.75, 1.225, 9.5 ], "texture": "#main" },
                "down":  { "uv": [ 2, 8.75, 3.35, 9.5 ], "texture": "#main" }
            }
        },
        {
            "name": "Tail1",
            "from": [ 1, 0.5, 5.5 ],
            "to":   [ 9, 6.5, 10.5 ],
            "faces": {
                "north": { "uv": [ 0, 9.5, 1, 10.25 ], "texture": "#main" },
                "east":  { "uv": [ 2.625, 9.5, 3.25, 10.25 ], "texture": "#main" },
                "south": { "uv": [ 1.625, 9.5, 2.625, 10.25 ], "texture": "#main" },
                "west":  { "uv": [ 1, 9.5, 1.625, 10.25 ], "texture": "#main" },
                "up":    { "uv": [ 0, 10.25, 1, 11 ], "texture": "#main" },
                "down":  { "uv": [ 1.625, 10.25, 2.5, 11 ], "texture": "#main" }
            }
        },
        {
            "name": "Tail2",
            "from": [ 9, 1.5, 6 ],
            "to":   [ 14, 6.5, 10 ],
            "faces": {
                "north": { "uv": [ 0, 11, 0.625, 11.625 ], "texture": "#main" },
                "east":  { "uv": [ 1.75, 11, 2.25, 11.625 ], "texture": "#main" },
                "south": { "uv": [ 1.125, 11, 1.75, 11.625 ], "texture": "#main" },
                "west":  { "uv": [ 0.625, 11, 1.125, 11.625 ], "texture": "#main" },
                "up":    { "uv": [ 0, 11.625, 0.625, 12.25 ], "texture": "#main" },
                "down":  { "uv": [ 1.125, 11.625, 1.75, 12.25 ], "texture": "#main" }
            }
        },
        {
            "name": "Tail3",
            "from": [ 14, 2.5, 6.5 ],
            "to":   [ 20, 6.5, 9.5 ],
            "faces": {
                "north": { "uv": [ 0, 12.25, 0.75, 12.75 ], "texture": "#main" },
                "east":  { "uv": [ 1.875, 12.25, 2.25, 12.75 ], "texture": "#main" },
                "south": { "uv": [ 1.125, 12.25, 1.875, 12.75 ], "texture": "#main" },
                "west":  { "uv": [ 0.75, 12.25, 1.125, 12.75 ], "texture": "#main" },
                "up":    { "uv": [ 0, 12.75, 0.75, 13.25 ], "texture": "#main" },
                "down":  { "uv": [ 1.125, 12.75, 1.875, 13.25 ], "texture": "#main" }
            }
        },
        {
            "name": "Tail4",
            "from": [ 18, 3.5, 7 ],
            "to":   [ 26, 6.5, 9 ],
            "faces": {
                "north": { "uv": [ 0, 13.25, 1, 13.625 ], "texture": "#main" },
                "east":  { "uv": [ 2.25, 13.25, 2.5, 13.625 ], "texture": "#main" },
                "south": { "uv": [ 1.25, 13.25, 2.25, 13.625 ], "texture": "#main" },
                "west":  { "uv": [ 1, 13.25, 1.25, 13.625 ], "texture": "#main" },
                "up":    { "uv": [ 0, 13.625, 1, 14 ], "texture": "#main" },
                "down":  { "uv": [ 1.25, 13.625, 2.25, 14 ], "texture": "#main" }
            }
        },
        {
            "name": "Tail5",
            "from": [ 23, 4.5, 7.5 ],
            "to":   [ 32, 6.5, 8.5 ],
            "faces": {
                "north": { "uv": [ 0, 14, 1.125, 14.25 ], "texture": "#main" },
                "east":  { "uv": [ 2.375, 14, 2.5, 14.25 ], "texture": "#main" },
                "south": { "uv": [ 1.25, 14, 2.375, 14.25 ], "texture": "#main" },
                "west":  { "uv": [ 1.125, 14, 1.25, 14.25 ], "texture": "#main" },
                "up":    { "uv": [ 0, 14.25, 1.125, 14.5 ], "texture": "#main" },
                "down":  { "uv": [ 1.25, 14.25, 2.375, 14.5 ], "texture": "#main" }
            }
        },
        {
            "name": "Neck",
            "from": [ -8, -1, 6 ],
            "to":   [ 3, 4, 10 ],
            "rotation": { "angle": -22.5, "axis": "z", "origin": [8, 8, 8] },
            "faces": {
                "north": { "uv": [ 4.125, 8, 5.5, 8.625 ], "texture": "#main" },
                "east":  { "uv": [ 7.375, 8, 7.875, 8.625 ], "texture": "#main" },
                "south": { "uv": [ 6, 8, 7.375, 8.625 ], "texture": "#main" },
                "west":  { "uv": [ 5.5, 8, 6, 8.625 ], "texture": "#main" },
                "up":    { "uv": [ 4.125, 8.625, 5.5, 9.25 ], "texture": "#main" },
                "down":  { "uv": [ 6, 8.625, 7.375, 9.25 ], "texture": "#main" }
            }
        },
        {
            "name": "Head",
            "from": [ -11, 6, 5.5 ],
            "to":   [ -8, 11, 10.5 ],
            "faces": {
                "north": { "uv": [ 3.375, 9.25, 3.75, 9.875 ], "texture": "#main" },
                "east":  { "uv": [ 4.75, 9.25, 5.375, 9.875 ], "texture": "#main" },
                "south": { "uv": [ 4.375, 9.25, 4.75, 9.875 ], "texture": "#main" },
                "west":  { "uv": [ 3.75, 9.25, 4.375, 9.875 ], "texture": "#main" },
                "up":    { "uv": [ 3.375, 9.875, 3.75, 10.5 ], "texture": "#main" },
                "down":  { "uv": [ 4.375, 9.875, 4.75, 10.5 ], "texture": "#main" }
            }
        },
        {
            "name": "JawBottom",
            "from": [ -16, 6, 6 ],
            "to":   [ -11, 9, 10 ],
            "faces": {
                "north": { "uv": [ 5.375, 9.25, 6, 9.625 ], "texture": "#main" },
                "east":  { "uv": [ 7.125, 9.25, 7.625, 9.625 ], "texture": "#main" },
                "south": { "uv": [ 6.5, 9.25, 7.125, 9.625 ], "texture": "#main" },
                "west":  { "uv": [ 6, 9.25, 6.5, 9.625 ], "texture": "#main" },
                "up":    { "uv": [ 5.375, 9.625, 6, 10 ], "texture": "#main" },
                "down":  { "uv": [ 6.5, 9.625, 7.125, 10 ], "texture": "#main" }
            }
        },
        {
            "name": "Snout",
            "from": [ -13.3, 15.8, 6.1 ],
            "to":   [ -8.3, 17.8, 9.9 ],
            "rotation": { "angle": 22.5, "axis": "z", "origin": [7.61768, 7.88032, 7.39504] },
            "faces": {
                "north": { "uv": [ 5.375, 9.25, 6, 9.625 ], "texture": "#main" },
                "east":  { "uv": [ 7.125, 9.25, 7.65, 9.625 ], "texture": "#main" },
                "south": { "uv": [ 6.5, 9.25, 7.125, 9.625 ], "texture": "#main" },
                "west":  { "uv": [ 6, 9.25, 6.525, 9.625 ], "texture": "#main" },
                "up":    { "uv": [ 5.375, 9.625, 6, 10 ], "texture": "#main" },
                "down":  { "uv": [ 6.5, 9.625, 7.125, 10.025 ], "texture": "#main" }
            }
        },
        {
            "name": "Leg1",
            "from": [ 9, -2, 4 ],
            "to":   [ 13, 4, 7 ],
            "rotation": { "angle": -22.5, "axis": "z", "origin": [10, 9, 8] },
            "faces": {
                "north": { "uv": [ 4.125, 10.5, 4.625, 11.25 ], "texture": "#main" },
                "east":  { "uv": [ 5.5, 10.5, 5.875, 11.25 ], "texture": "#main" },
                "south": { "uv": [ 5, 10.5, 5.5, 11.25 ], "texture": "#main" },
                "west":  { "uv": [ 4.625, 10.5, 5, 11.25 ], "texture": "#main" },
                "up":    { "uv": [ 4.125, 11.25, 4.625, 11.625 ], "texture": "#main" },
                "down":  { "uv": [ 5, 11.25, 5.5, 11.625 ], "texture": "#main" }
            }
        },
        {
            "name": "Leg2",
            "from": [ 9, -2, 9 ],
            "to":   [ 13, 4, 12 ],
            "rotation": { "angle": -45, "axis": "z", "origin": [10, 9, 8] },
            "faces": {
                "north": { "uv": [ 4.125, 10.5, 4.625, 11.25 ], "texture": "#main" },
                "east":  { "uv": [ 5.5, 10.5, 5.875, 11.25 ], "texture": "#main" },
                "south": { "uv": [ 5, 10.5, 5.5, 11.25 ], "texture": "#main" },
                "west":  { "uv": [ 4.625, 10.5, 5, 11.25 ], "texture": "#main" },
                "up":    { "uv": [ 4.125, 11.25, 4.625, 11.625 ], "texture": "#main" },
                "down":  { "uv": [ 5, 11.25, 5.5, 11.625 ], "texture": "#main" }
            }
        },
        {
            "name": "Leg3",
            "from": [ 1, -2, 9.5 ],
            "to":   [ 4, 4, 11.5 ],
            "rotation": { "angle": 22.5, "axis": "z", "origin": [11, 9, 8] },
            "faces": {
                "north": { "uv": [ 5.875, 10, 6.25, 10.75 ], "texture": "#main" },
                "east":  { "uv": [ 6.875, 10, 7.125, 10.75 ], "texture": "#main" },
                "south": { "uv": [ 6.5, 10, 6.875, 10.75 ], "texture": "#main" },
                "west":  { "uv": [ 6.25, 10, 6.5, 10.75 ], "texture": "#main" },
                "up":    { "uv": [ 5.875, 10.75, 6.25, 11 ], "texture": "#main" },
                "down":  { "uv": [ 6.375, 10.75, 6.875, 11 ], "texture": "#main" }
            }
        },
        {
            "name": "Leg4",
            "from": [ 1, -2, 4.5 ],
            "to":   [ 4, 4, 6.5 ],
            "rotation": { "angle": 45, "axis": "z", "origin": [11, 9, 8] },
            "faces": {
                "north": { "uv": [ 5.875, 10, 6.25, 10.75 ], "texture": "#main" },
                "east":  { "uv": [ 6.875, 10, 7.125, 10.75 ], "texture": "#main" },
                "south": { "uv": [ 6.5, 10, 6.875, 10.75 ], "texture": "#main" },
                "west":  { "uv": [ 6.25, 10, 6.5, 10.75 ], "texture": "#main" },
                "up":    { "uv": [ 5.875, 10.75, 6.25, 11 ], "texture": "#main" },
                "down":  { "uv": [ 6.375, 10.75, 6.875, 11 ], "texture": "#main" }
            }
        },
        {
            "name": "Leg5",
            "from": [ 11.09436, -8.38862, 4.6 ],
            "to":   [ 14.09436, -2.38862, 6.4 ],
            "rotation": { "angle": -22.5, "axis": "z", "origin": [10.59436, -2.38862, 5.50058] },
            "faces": {
                "north": { "uv": [ 5.875, 10, 6.25, 10.75 ], "texture": "#main" },
                "east":  { "uv": [ 6.875, 10, 7.125, 10.75 ], "texture": "#main" },
                "south": { "uv": [ 6.5, 10, 6.875, 10.75 ], "texture": "#main" },
                "west":  { "uv": [ 6.25, 10, 6.5, 10.75 ], "texture": "#main" },
                "up":    { "uv": [ 5.875, 10.75, 6.25, 11 ], "texture": "#main" },
                "down":  { "uv": [ 6.375, 10.75, 6.875, 11 ], "texture": "#main" }
            }
        },
        {
            "name": "Leg6",
            "from": [ 6.76749, -7.36659, 9.7 ],
            "to":   [ 9.76749, -1.36659, 11.5 ],
            "rotation": { "angle": -45, "axis": "z", "origin": [6.26749, -1.36659, 5.60058] },
            "faces": {
                "north": { "uv": [ 5.875, 10, 6.25, 10.75 ], "texture": "#main" },
                "east":  { "uv": [ 6.875, 10, 7.125, 10.75 ], "texture": "#main" },
                "south": { "uv": [ 6.5, 10, 6.875, 10.75 ], "texture": "#main" },
                "west":  { "uv": [ 6.25, 10, 6.5, 10.75 ], "texture": "#main" },
                "up":    { "uv": [ 5.875, 10.75, 6.25, 11 ], "texture": "#main" },
                "down":  { "uv": [ 6.375, 10.75, 6.875, 11 ], "texture": "#main" }
            }
        },
        {
            "name": "Foot1",
            "from": [ 7, -10, 4 ],
            "to":   [ 12, -8, 7 ],
            "faces": {
                "north": { "uv": [ 2.25, 11.75, 2.875, 12 ], "texture": "#main" },
                "east":  { "uv": [ 3.875, 11.75, 4.25, 12 ], "texture": "#main" },
                "south": { "uv": [ 3.25, 11.75, 3.875, 12 ], "texture": "#main" },
                "west":  { "uv": [ 2.875, 11.75, 3.25, 12 ], "texture": "#main" },
                "up":    { "uv": [ 2.25, 12, 2.875, 12.375 ], "texture": "#main" },
                "down":  { "uv": [ 3.25, 12, 3.875, 12.375 ], "texture": "#main" }
            }
        },
        {
            "name": "Foot2",
            "from": [ 6, -9, 9 ],
            "to":   [ 11, -7, 12 ],
            "rotation": { "angle": -22.5, "axis": "z", "origin": [8, 8, 8] },
            "faces": {
                "north": { "uv": [ 2.25, 11.75, 2.875, 12 ], "texture": "#main" },
                "east":  { "uv": [ 3.875, 11.75, 4.25, 12 ], "texture": "#main" },
                "south": { "uv": [ 3.25, 11.75, 3.875, 12 ], "texture": "#main" },
                "west":  { "uv": [ 2.875, 11.75, 3.25, 12 ], "texture": "#main" },
                "up":    { "uv": [ 2.25, 12, 2.875, 12.375 ], "texture": "#main" },
                "down":  { "uv": [ 3.25, 12, 3.875, 12.375 ], "texture": "#main" }
            }
        },
        {
            "name": "Sail1",
            "from": [ 3, 6, 7.5 ],
            "to":   [ 5, 7, 8.5 ],
            "faces": {
                "north": { "uv": [ 4.625, 14.375, 4.875, 14.5 ], "texture": "#main" },
                "east":  { "uv": [ 4.625, 14.375, 4.875, 14.5 ], "texture": "#main" },
                "south": { "uv": [ 4.625, 14.375, 4.875, 14.5 ], "texture": "#main" },
                "west":  { "uv": [ 4.625, 14.375, 4.875, 14.5 ], "texture": "#main" },
                "up":    { "uv": [ 4.625, 14.375, 4.875, 14.5 ], "texture": "#main" },
                "down":  { "uv": [ 4.625, 14.375, 4.875, 14.5 ], "texture": "#main" }
            }
        },
        {
            "name": "Sail2",
            "from": [ 19, 6, 7.5 ],
            "to":   [ 22, 7, 8.5 ],
            "faces": {
                "north": { "uv": [ 2.5, 14.375, 2.75, 14.5 ], "texture": "#main" },
                "east":  { "uv": [ 2.5, 14.375, 2.75, 14.5 ], "texture": "#main" },
                "south": { "uv": [ 2.5, 14.375, 2.75, 14.5 ], "texture": "#main" },
                "west":  { "uv": [ 2.5, 14.375, 2.75, 14.5 ], "texture": "#main" },
                "up":    { "uv": [ 2.5, 14.375, 2.75, 14.5 ], "texture": "#main" },
                "down":  { "uv": [ 2.5, 14.375, 2.75, 14.5 ], "texture": "#main" }
            }
        },
        {
            "name": "Sail3",
            "from": [ 5, 6, 7.5 ],
            "to":   [ 19, 8, 8.5 ],
            "faces": {
                "north": { "uv": [ 2.75, 14.25, 4.5, 14.5 ], "texture": "#main" },
                "east":  { "uv": [ 2.75, 14.25, 4.5, 14.5 ], "texture": "#main" },
                "south": { "uv": [ 2.75, 14.25, 4.5, 14.5 ], "texture": "#main" },
                "west":  { "uv": [ 2.75, 14.25, 4.5, 14.5 ], "texture": "#main" },
                "up":    { "uv": [ 2.75, 14.25, 4.5, 14.5 ], "texture": "#main" },
                "down":  { "uv": [ 2.75, 14.25, 4.5, 14.5 ], "texture": "#main" }
            }
        },
        {
            "name": "Sail4",
            "from": [ 7, 8, 7.5 ],
            "to":   [ 9, 9, 8.5 ],
            "faces": {
                "north": { "uv": [ 4, 14.125, 4.25, 14.25 ], "texture": "#main" },
                "east":  { "uv": [ 4, 14.125, 4.25, 14.25 ], "texture": "#main" },
                "south": { "uv": [ 4, 14.125, 4.25, 14.25 ], "texture": "#main" },
                "west":  { "uv": [ 4, 14.125, 4.25, 14.25 ], "texture": "#main" },
                "up":    { "uv": [ 4, 14.125, 4.25, 14.25 ], "texture": "#main" },
                "down":  { "uv": [ 4, 14.125, 4.25, 14.25 ], "texture": "#main" }
            }
        },
        {
            "name": "Sail5",
            "from": [ 15, 8, 7.5 ],
            "to":   [ 17, 9, 8.5 ],
            "faces": {
                "north": { "uv": [ 3, 14.125, 3.25, 14.25 ], "texture": "#main" },
                "east":  { "uv": [ 3, 14.125, 3.25, 14.25 ], "texture": "#main" },
                "south": { "uv": [ 3, 14.125, 3.25, 14.25 ], "texture": "#main" },
                "west":  { "uv": [ 3, 14.125, 3.25, 14.25 ], "texture": "#main" },
                "up":    { "uv": [ 3, 14.125, 3.25, 14.25 ], "texture": "#main" },
                "down":  { "uv": [ 3, 14.125, 3.25, 14.25 ], "texture": "#main" }
            }
        },
        {
            "name": "Sail6",
            "from": [ 9, 8, 7.5 ],
            "to":   [ 15, 10, 8.5 ],
            "faces": {
                "north": { "uv": [ 3.25, 14, 4, 14.25 ], "texture": "#main" },
                "east":  { "uv": [ 3.25, 14, 3.375, 14.25 ], "texture": "#main" },
                "south": { "uv": [ 3.25, 14, 4, 14.25 ], "texture": "#main" },
                "west":  { "uv": [ 3.25, 14, 3.375, 14.25 ], "texture": "#main" },
                "up":    { "uv": [ 3.25, 14, 4, 14.25 ], "texture": "#main" },
                "down":  { "uv": [ 3.25, 14, 4, 14.25 ], "texture": "#main" }
            }
        },
        {
            "name": "Sail7",
            "from": [ 10, 10, 7.5 ],
            "to":   [ 14, 11.5, 8.5 ],
            "faces": {
                "north": { "uv": [ 3.375, 13.75, 3.875, 14 ], "texture": "#main" },
                "east":  { "uv": [ 3.375, 13.75, 3.875, 14 ], "texture": "#main" },
                "south": { "uv": [ 3.375, 13.75, 3.875, 14 ], "texture": "#main" },
                "west":  { "uv": [ 3.375, 13.75, 3.875, 14 ], "texture": "#main" },
                "up":    { "uv": [ 3.375, 13.75, 3.875, 14 ], "texture": "#main" },
                "down":  { "uv": [ 3.375, 13.75, 3.875, 14 ], "texture": "#main" }
            }
        },
        {
            "name": "Sail8",
            "from": [ 11, 11.5, 7.5 ],
            "to":   [ 13, 12.5, 8.5 ],
            "faces": {
                "north": { "uv": [ 3.5, 13.625, 3.75, 13.75 ], "texture": "#main" },
                "east":  { "uv": [ 3.5, 13.625, 3.75, 13.75 ], "texture": "#main" },
                "south": { "uv": [ 3.5, 13.625, 3.75, 13.75 ], "texture": "#main" },
                "west":  { "uv": [ 3.5, 13.625, 3.75, 13.75 ], "texture": "#main" },
                "up":    { "uv": [ 3.5, 13.625, 3.75, 13.75 ], "texture": "#main" },
                "down":  { "uv": [ 3.5, 13.625, 3.75, 13.75 ], "texture": "#main" }
            }
        },
        {
            "name": "Arm1",
            "from": [ -9.95915, -4.18632, 4.04236 ],
            "to":   [ -8.45915, 0.81368, 5.54236 ],
            "rotation": { "angle": 22.5, "axis": "z", "origin": [-10.45915, 15.81368, 8.04236] },
            "faces": {
                "north": { "uv": [ 2.625, 10.5, 2.875, 11.75 ], "texture": "#main" },
                "east":  { "uv": [ 2.625, 10.5, 2.875, 11.75 ], "rotation":180, "texture": "#main" },
                "south": { "uv": [ 3.375, 10.5, 3.625, 11.75 ], "texture": "#main" },
                "west":  { "uv": [ 2.625, 10.375, 2.875, 11.625 ], "rotation":180, "texture": "#main" },
                "up":    { "uv": [ 2.625, 10.5, 2.875, 10.75 ], "rotation":180, "texture": "#main" },
                "down":  { "uv": [ 3.375, 10.5, 3.625, 10.75 ], "rotation":180, "texture": "#main" }
            }
        },
        {
            "name": "Arm2",
            "from": [ -9.96048, -4.18515, 10.54253 ],
            "to":   [ -8.46048, -0.18515, 12.04253 ],
            "rotation": { "angle": 22.5, "axis": "z", "origin": [-10.46048, 15.81485, 7.54253] },
            "faces": {
                "north": { "uv": [ 2.625, 10.5, 2.875, 11.75 ], "texture": "#main" },
                "east":  { "uv": [ 2.625, 10.5, 2.875, 11.75 ], "rotation":180, "texture": "#main" },
                "south": { "uv": [ 3.375, 10.5, 3.625, 11.75 ], "texture": "#main" },
                "west":  { "uv": [ 2.625, 10.375, 2.875, 11.625 ], "rotation":180, "texture": "#main" },
                "up":    { "uv": [ 2.625, 10.5, 2.875, 10.75 ], "rotation":180, "texture": "#main" },
                "down":  { "uv": [ 3.375, 10.5, 3.625, 10.75 ], "rotation":180, "texture": "#main" }
            }
        },
        {
            "name": "Arm3",
            "from": [ 7.33147, -11.26054, 10.5 ],
            "to":   [ 8.83147, -4.26054, 12 ],
            "rotation": { "angle": -45, "axis": "z", "origin": [6.83147, 8.73946, 7.5] },
            "faces": {
                "north": { "uv": [ 2.625, 10.5, 2.875, 11.75 ], "texture": "#main" },
                "east":  { "uv": [ 2.625, 10.5, 2.875, 11.75 ], "texture": "#main" },
                "south": { "uv": [ 3.375, 10.5, 3.625, 11.75 ], "texture": "#main" },
                "west":  { "uv": [ 2.625, 10.375, 2.875, 11.625 ], "texture": "#main" },
                "up":    { "uv": [ 2.625, 10.5, 2.875, 10.75 ], "texture": "#main" },
                "down":  { "uv": [ 3.375, 10.5, 3.625, 10.75 ], "texture": "#main" }
            }
        },
        {
            "name": "Arm4",
            "from": [ 7.3328, -11.26171, 3.99984 ],
            "to":   [ 8.8328, -4.26171, 5.49984 ],
            "rotation": { "angle": -45, "axis": "z", "origin": [6.8328, 8.73829, 7.99984] },
            "faces": {
                "north": { "uv": [ 2.625, 10.5, 2.875, 11.75 ], "texture": "#main" },
                "east":  { "uv": [ 2.625, 10.5, 2.875, 11.75 ], "texture": "#main" },
                "south": { "uv": [ 3.375, 10.5, 3.625, 11.75 ], "texture": "#main" },
                "west":  { "uv": [ 2.625, 10.375, 2.875, 11.625 ], "texture": "#main" },
                "up":    { "uv": [ 2.625, 10.5, 2.875, 10.75 ], "texture": "#main" },
                "down":  { "uv": [ 3.375, 10.5, 3.625, 10.75 ], "texture": "#main" }
            }
        }
    ],
    "display": {
        "ground": {
            "rotation": [ 0, 0, 0 ],
            "translation": [ 0, 0, 0 ],
            "scale": [ 0.5, 0.5, 0.5 ]
        },
        "head": {
            "rotation": [ 0, -90, 0 ],
            "scale": [ 3.5, 3.5, 3.5 ],
            "translation": [ 0, 18, 0 ]
        },
        "thirdperson_righthand": {
            "rotation": [ 0, 0, 0 ],
            "translation": [ 0, 3, 1 ],
            "scale": [ 0.55, 0.55, 0.55 ]
        },
        "firstperson_righthand": {
            "rotation": [ 0, -90, 25 ],
            "translation": [ 1.13, 3.2, 1.13 ],
            "scale": [ 0, 0, 0 ]
        }
    },
    "__comment": "Model animated using Fizzy's model animator - http://fizzy81.github.io/animated-models/"
}
