{
	"textures": {
		"0": "dinododo:entity/embryo_sludge",
		"1": "dinododo:entity/compy_skin"
	},
	"elements": [
		{
			"name": "Sludge",
			"from": [0, 0, 0],
			"to": [16, 0, 16],
			"faces": {
				"north": {"uv": [0, 0, 16, 0], "texture": "#0"},
				"east": {"uv": [0, 0, 16, 0], "texture": "#0"},
				"south": {"uv": [0, 0, 16, 0], "texture": "#0"},
				"west": {"uv": [0, 0, 16, 0], "texture": "#0"},
				"up": {"uv": [0, 0, 16, 16], "texture": "#0"},
				"down": {"uv": [0, 0, 16, 16], "texture": "#0"}
			}
		},
		{
			"name": "FailBody",
			"from": [6, 0, 7],
			"to": [10, 2, 9],
			"rotation": {"angle": 22.5, "axis": "y", "origin": [8, 8, 8]},
			"faces": {
				"north": {"uv": [0, 0, 4, 2], "texture": "#1"},
				"east": {"uv": [0, 0, 2, 2], "texture": "#1"},
				"south": {"uv": [0, 0, 4, 2], "texture": "#1"},
				"west": {"uv": [0, 0, 2, 2], "texture": "#1"},
				"up": {"uv": [0, 0, 4, 2], "texture": "#1"},
				"down": {"uv": [0, 0, 4, 2], "texture": "#1"}
			}
		},
		{
			"name": "Cube",
			"from": [5, 0, 8],
			"to": [8, 1, 9],
			"rotation": {"angle": -22.5, "axis": "y", "origin": [8, 8, 8]},
			"faces": {
				"north": {"uv": [10, 6, 13, 7], "texture": "#1"},
				"east": {"uv": [5, 7, 6, 8], "texture": "#1"},
				"south": {"uv": [5, 7, 8, 8], "texture": "#1"},
				"west": {"uv": [5, 7, 6, 8], "texture": "#1"},
				"up": {"uv": [13, 10, 16, 11], "texture": "#1"},
				"down": {"uv": [4, 7, 7, 8], "texture": "#1"}
			}
		},
		{
			"name": "Cube",
			"from": [6, 0, 5],
			"to": [8, 1, 6],
			"rotation": {"angle": 45, "axis": "y", "origin": [8, 8, 8]},
			"faces": {
				"north": {"uv": [7, 6, 9, 7], "texture": "#1"},
				"east": {"uv": [8, 9, 9, 10], "texture": "#1"},
				"south": {"uv": [8, 6, 10, 7], "texture": "#1"},
				"west": {"uv": [2, 5, 3, 6], "texture": "#1"},
				"up": {"uv": [4, 6, 6, 7], "texture": "#1"},
				"down": {"uv": [9, 6, 11, 7], "texture": "#1"}
			}
		},
		{
			"name": "Cube",
			"from": [4, 0, 7],
			"to": [7, 1, 8],
			"rotation": {"angle": 45, "axis": "y", "origin": [8, 8, 8]},
			"faces": {
				"north": {"uv": [3, 7, 6, 8], "texture": "#1"},
				"east": {"uv": [6, 6, 7, 7], "texture": "#1"},
				"south": {"uv": [2, 4, 5, 5], "texture": "#1"},
				"west": {"uv": [9, 9, 10, 10], "texture": "#1"},
				"up": {"uv": [7, 3, 10, 4], "texture": "#1"},
				"down": {"uv": [11, 14, 14, 15], "texture": "#1"}
			}
		},
		{
			"name": "Cube",
			"from": [5.5, 0, 11],
			"to": [6.5, 1, 14],
			"rotation": {"angle": -22.5, "axis": "y", "origin": [8, 8, 8]},
			"faces": {
				"north": {"uv": [4, 3, 5, 4], "texture": "#1"},
				"east": {"uv": [5, 8, 8, 9], "texture": "#1"},
				"south": {"uv": [7, 7, 8, 8], "texture": "#1"},
				"west": {"uv": [4, 8, 7, 9], "texture": "#1"},
				"up": {"uv": [6, 6, 7, 9], "texture": "#1"},
				"down": {"uv": [9, 5, 10, 8], "texture": "#1"}
			}
		},
		{
			"name": "Cube",
			"from": [9, 0, 6],
			"to": [11, 1.5, 8],
			"rotation": {"angle": -22.5, "axis": "y", "origin": [8, 8, 8]},
			"faces": {
				"north": {"uv": [7, 4, 9, 5.5], "texture": "#1"},
				"east": {"uv": [3, 6, 5, 7.5], "texture": "#1"},
				"south": {"uv": [9, 6, 11, 7.5], "texture": "#1"},
				"west": {"uv": [3, 9, 5, 10.5], "texture": "#1"},
				"up": {"uv": [8, 10, 10, 12], "texture": "#1"},
				"down": {"uv": [3, 5, 5, 7], "texture": "#1"}
			}
		}
	],
	"display": {
		"thirdperson_righthand": {
			"translation": [0, 3, 1],
			"scale": [0.55, 0.55, 0.55]
		},
		"firstperson_righthand": {
			"rotation": [0, -90, 25],
			"translation": [1.13, 3.2, 1.13],
			"scale": [0, 0, 0]
		},
		"ground": {
			"scale": [0.5, 0.5, 0.5]
		},
		"head": {
			"rotation": [0, 90, 0],
			"translation": [0, -30, 0],
			"scale": [1.7, 1.7, 1.7]
		}
	}
}