{ 
    "textures": {
        "main": "dinododo:entity/gallimimus_walk"
    },
    "elements": [
        {
            "name": "Head",
            "from": [ -10, 14.5, 6 ],
            "to":   [ -4, 18.5, 10 ],
            "rotation": { "angle": 0, "axis": "z", "origin": [-7, 20.5, 7.5] },
            "faces": {
                "north": { "uv": [ 0, 0, 0.75, 0.49992375 ], "texture": "#main" },
                "east":  { "uv": [ 1.99992, 0, 2.49984375, 0.48750000000000004 ], "texture": "#main" },
                "south": { "uv": [ 1.24992, 0, 1.9996874999999998, 0.49992375 ], "texture": "#main" },
                "west":  { "uv": [ 0.75, 0, 1.2374999999999998, 0.48750000000000004 ], "texture": "#main" },
                "up":    { "uv": [ 0.75, 0.49992375, 1.2374999999999998, 1.24992375 ], "texture": "#main", "rotation":90 },
                "down":  { "uv": [ 1.99992, 0.49992375, 2.48742, 1.24992375 ], "texture": "#main", "rotation":90 }
            }
        },
        {
            "name": "Snout",
            "from": [ -14, 14.5, 6 ],
            "to":   [ -10, 17.5, 10 ],
            "rotation": { "angle": 0, "axis": "z", "origin": [-13, 20.5, 7.5] },
            "faces": {
                "north": { "uv": [ 0, 1.24992375, 0.49992375, 1.6249237499999998 ], "texture": "#main" },
                "east":  { "uv": [ 1.5, 1.24992375, 1.9999237499999998, 1.6122675000000002 ], "texture": "#main" },
                "south": { "uv": [ 0.9998437499999999, 1.24992375, 1.4997675, 1.6249237499999998 ], "texture": "#main" },
                "west":  { "uv": [ 0.49992375, 1.24992375, 0.9998437499999999, 1.6122675000000002 ], "texture": "#main" },
                "up":    { "uv": [ 0.49992375, 1.6249237499999998, 0.98742375, 2.12484375 ], "texture": "#main" },
                "down":  { "uv": [ 1.5, 1.6249237499999998, 1.9874999999999998, 2.12484375 ], "texture": "#main", "rotation":90 }
            }
        },
        {
            "name": "Neck",
            "from": [ -5, 4.5, 6.5 ],
            "to":   [ -2, 16.5, 9.5 ],
            "rotation": { "angle": 22.5, "axis": "z", "origin": [-2, 10.5, 8] },
            "faces": {
                "north": { "uv": [ 0, 2.12484375, 0.375, 3.62484375 ], "texture": "#main" },
                "east":  { "uv": [ 1.125, 2.12484375, 1.5, 3.62484375 ], "texture": "#main" },
                "south": { "uv": [ 0.75, 2.12484375, 1.125, 3.62484375 ], "texture": "#main" },
                "west":  { "uv": [ 0.375, 2.12484375, 0.75, 3.62484375 ], "texture": "#main" },
                "up":    { "uv": [ 3.9375, 0, 4.875, 1.125 ], "texture": "#main", "rotation":90 },
                "down":  { "uv": [ 1.5, 0, 2.4375, 1.125 ], "texture": "#main", "rotation":90 }
            }
        },
        {
            "name": "Body",
            "from": [ -3, 0.5, 5.5 ],
            "to":   [ 9, 6.5, 10.5 ],
            "faces": {
                "north": { "uv": [ 0, 4.125, 1.5, 4.875 ], "texture": "#main" },
                "east":  { "uv": [ 3.62484375, 4.125, 4.22484375, 4.875 ], "texture": "#main" },
                "south": { "uv": [ 2.12484375, 4.125, 3.62484375, 4.875 ], "texture": "#main" },
                "west":  { "uv": [ 1.5, 4.125, 2.0999999999999996, 4.875 ], "texture": "#main" },
                "up":    { "uv": [ 0, 4.875, 1.5, 5.625 ], "texture": "#main" },
                "down":  { "uv": [ 2.12484375, 4.875, 3.62484375, 5.475 ], "texture": "#main" }
            }
        },
        {
            "name": "Tail1",
            "from": [ 9, 1.5, 6 ],
            "to":   [ 14, 6.5, 10 ],
            "faces": {
                "north": { "uv": [ 2.49984375, 0, 3.09984375, 0.6000000000000001 ], "texture": "#main" },
                "east":  { "uv": [ 4.249923750000001, 0, 4.74984375, 0.6000000000000001 ], "texture": "#main" },
                "south": { "uv": [ 3.62484375, 0, 4.22484375, 0.6000000000000001 ], "texture": "#main" },
                "west":  { "uv": [ 3.1249237500000002, 0, 3.6124237499999996, 0.6000000000000001 ], "texture": "#main" },
                "up":    { "uv": [ 3.1249237500000002, 0.62484375, 3.6124237499999996, 1.22484375 ], "texture": "#main" },
                "down":  { "uv": [ 4.249923750000001, 0.62484375, 4.73742375, 1.22484375 ], "texture": "#main" }
            }
        },
        {
            "name": "Tail2",
            "from": [ 14, 2.5, 6.5 ],
            "to":   [ 19, 6.5, 9.5 ],
            "faces": {
                "north": { "uv": [ 1.99992, 1.24992375, 2.62476375, 1.74984375 ], "texture": "#main" },
                "east":  { "uv": [ 3.62484375, 1.24992375, 3.99984375, 1.74984375 ], "texture": "#main" },
                "south": { "uv": [ 3, 1.24992375, 3.62484375, 1.74984375 ], "texture": "#main" },
                "west":  { "uv": [ 2.625, 1.24992375, 3, 1.74984375 ], "texture": "#main" },
                "up":    { "uv": [ 2.625, 1.74984375, 3, 2.3746875 ], "texture": "#main" },
                "down":  { "uv": [ 3.62484375, 1.74984375, 3.99984375, 2.3746875 ], "texture": "#main" }
            }
        },
        {
            "name": "Tail3",
            "from": [ 19, 3.5, 7 ],
            "to":   [ 23, 6.5, 9 ],
            "faces": {
                "north": { "uv": [ 3.99984375, 1.24992375, 4.4997637500000005, 1.6249237499999998 ], "texture": "#main" },
                "east":  { "uv": [ 5.2497675, 1.24992375, 5.49961125, 1.6249237499999998 ], "texture": "#main" },
                "south": { "uv": [ 4.74984375, 1.24992375, 5.2497675, 1.6249237499999998 ], "texture": "#main" },
                "west":  { "uv": [ 4.5, 1.24992375, 4.74984375, 1.6249237499999998 ], "texture": "#main" },
                "up":    { "uv": [ 4.4997675, 1.6249237499999998, 4.74961125, 2.12484375 ], "texture": "#main" },
                "down":  { "uv": [ 5.2497675, 1.6249237499999998, 5.49961125, 2.12484375 ], "texture": "#main" }
            }
        },
        {
            "name": "Tail4",
            "from": [ 23, 4.5, 7.5 ],
            "to":   [ 27, 6.5, 8.5 ],
            "faces": {
                "north": { "uv": [ 1.5, 2.37492375, 1.9999237499999998, 2.6247675 ], "texture": "#main" },
                "east":  { "uv": [ 2.7496875, 2.37492375, 2.99953125, 2.6247675 ], "texture": "#main" },
                "south": { "uv": [ 2.25, 2.37492375, 2.74992375, 2.6247675 ], "texture": "#main" },
                "west":  { "uv": [ 1.99992, 2.3746875, 2.24976375, 2.62453125 ], "texture": "#main" },
                "up":    { "uv": [ 1.99992, 2.625, 2.24953125, 3.1246875 ], "texture": "#main" },
                "down":  { "uv": [ 2.74992375, 2.625, 2.9997675, 3.1249237500000002 ], "texture": "#main" }
            }
        },
        {
            "name": "Leg1",
            "from": [ 7, -3, 4 ],
            "to":   [ 11, 3, 7 ],
            "rotation": { "angle": -22.5, "axis": "z", "origin": [8, 8, 8] },
            "faces": {
                "north": { "uv": [ 3, 2.37492375, 3.4999237500000002, 3.1249237500000002 ], "texture": "#main" },
                "east":  { "uv": [ 4.37484375, 2.37492375, 4.74984375, 3.1249237500000002 ], "texture": "#main" },
                "south": { "uv": [ 3.8749237500000002, 2.37492375, 4.37484375, 3.1249237500000002 ], "texture": "#main" },
                "west":  { "uv": [ 3.4999237500000002, 2.37492375, 3.8749237500000002, 3.1249237500000002 ], "texture": "#main" },
                "up":    { "uv": [ 3, 3.1249237500000002, 3.4999237500000002, 3.4999237500000002 ], "texture": "#main" },
                "down":  { "uv": [ 3.8749237500000002, 3.1249237500000002, 4.37484375, 3.4996875 ], "texture": "#main" }
            }
        },
        {
            "name": "Leg2",
            "from": [ 7, -3, 9 ],
            "to":   [ 11, 3, 12 ],
            "rotation": { "angle": -22.5, "axis": "z", "origin": [8, 8, 13] },
            "faces": {
                "north": { "uv": [ 3, 2.37492375, 3.4999237500000002, 3.1249237500000002 ], "texture": "#main" },
                "east":  { "uv": [ 4.37484375, 2.37492375, 4.74984375, 3.1249237500000002 ], "texture": "#main" },
                "south": { "uv": [ 3.8749237500000002, 2.37492375, 4.37484375, 3.1249237500000002 ], "texture": "#main" },
                "west":  { "uv": [ 3.4999237500000002, 2.37492375, 3.8749237500000002, 3.1249237500000002 ], "texture": "#main" },
                "up":    { "uv": [ 3, 3.1249237500000002, 3.4999237500000002, 3.4999237500000002 ], "texture": "#main" },
                "down":  { "uv": [ 3.8749237500000002, 3.1249237500000002, 4.37484375, 3.4996875 ], "texture": "#main" }
            }
        },
        {
            "name": "Leg3",
            "from": [ -2, -3, 9.5 ],
            "to":   [ 1, 3, 11.5 ],
            "rotation": { "angle": 45, "axis": "z", "origin": [8, 8, 8] },
            "faces": {
                "north": { "uv": [ 4.74984375, 2.12484375, 5.12484375, 2.87484375 ], "texture": "#main" },
                "east":  { "uv": [ 5.749923750000001, 2.1375, 5.9997675, 2.8875 ], "texture": "#main" },
                "south": { "uv": [ 5.374923750000001, 2.12484375, 5.749923750000001, 2.87484375 ], "texture": "#main" },
                "west":  { "uv": [ 5.12484375, 2.12484375, 5.3746875, 2.87484375 ], "texture": "#main" },
                "up":    { "uv": [ 4.74984375, 2.87484375, 5.12484375, 3.1246875 ], "texture": "#main" },
                "down":  { "uv": [ 5.374923750000001, 2.87484375, 5.749923750000001, 3.1246875 ], "texture": "#main" }
            }
        },
        {
            "name": "Leg4",
            "from": [ -2, -3, 4.5 ],
            "to":   [ 1, 3, 6.5 ],
            "rotation": { "angle": 45, "axis": "z", "origin": [8, 8, 3] },
            "faces": {
                "north": { "uv": [ 4.74984375, 2.12484375, 5.12484375, 2.87484375 ], "texture": "#main" },
                "east":  { "uv": [ 5.749923750000001, 2.1375, 5.9997675, 2.8875 ], "texture": "#main" },
                "south": { "uv": [ 5.374923750000001, 2.12484375, 5.749923750000001, 2.87484375 ], "texture": "#main" },
                "west":  { "uv": [ 5.12484375, 2.12484375, 5.3746875, 2.87484375 ], "texture": "#main" },
                "up":    { "uv": [ 4.74984375, 2.87484375, 5.12484375, 3.1246875 ], "texture": "#main" },
                "down":  { "uv": [ 5.374923750000001, 2.87484375, 5.749923750000001, 3.1246875 ], "texture": "#main" }
            }
        },
        {
            "name": "Leg5",
            "from": [ 9, -14, 4.5 ],
            "to":   [ 12, -8, 6.5 ],
            "rotation": { "angle": -22.5, "axis": "z", "origin": [19, -3, 3] },
            "faces": {
                "north": { "uv": [ 4.74984375, 2.12484375, 5.12484375, 2.87484375 ], "texture": "#main" },
                "east":  { "uv": [ 5.749923750000001, 2.1375, 5.9997675, 2.8875 ], "texture": "#main" },
                "south": { "uv": [ 5.374923750000001, 2.12484375, 5.749923750000001, 2.87484375 ], "texture": "#main" },
                "west":  { "uv": [ 5.12484375, 2.12484375, 5.3746875, 2.87484375 ], "texture": "#main" },
                "up":    { "uv": [ 4.74984375, 2.87484375, 5.12484375, 3.1246875 ], "texture": "#main" },
                "down":  { "uv": [ 5.374923750000001, 2.87484375, 5.749923750000001, 3.1246875 ], "texture": "#main" }
            }
        },
        {
            "name": "Leg6",
            "from": [ 9, -14, 9.5 ],
            "to":   [ 12, -8, 11.5 ],
            "rotation": { "angle": -22.5, "axis": "z", "origin": [19, -3, 8] },
            "faces": {
                "north": { "uv": [ 4.74984375, 2.12484375, 5.12484375, 2.87484375 ], "texture": "#main" },
                "east":  { "uv": [ 5.749923750000001, 2.1375, 5.9997675, 2.8875 ], "texture": "#main" },
                "south": { "uv": [ 5.374923750000001, 2.12484375, 5.749923750000001, 2.87484375 ], "texture": "#main" },
                "west":  { "uv": [ 5.12484375, 2.12484375, 5.3746875, 2.87484375 ], "texture": "#main" },
                "up":    { "uv": [ 4.74984375, 2.87484375, 5.12484375, 3.1246875 ], "texture": "#main" },
                "down":  { "uv": [ 5.374923750000001, 2.87484375, 5.749923750000001, 3.1246875 ], "texture": "#main" }
            }
        },
        {
            "name": "Foot1",
            "from": [ 4, -10, 4 ],
            "to":   [ 9, -8, 7 ],
            "faces": {
                "north": { "uv": [ 2.49984375, 3.62484375, 3.1246875, 3.99984375 ], "texture": "#main" },
                "east":  { "uv": [ 2.49984375, 3.62484375, 3.1246875, 3.99961125 ], "texture": "#main" },
                "south": { "uv": [ 2.49984375, 3.62484375, 3.1246875, 3.99984375 ], "texture": "#main" },
                "west":  { "uv": [ 2.49984375, 3.62484375, 3.12445125, 3.99984375 ], "texture": "#main" },
                "up":    { "uv": [ 2.49984375, 3.62484375, 2.99976375, 3.99984375 ], "texture": "#main" },
                "down":  { "uv": [ 3.4999237500000002, 3.62484375, 4.1247675, 3.99984375 ], "texture": "#main" }
            }
        },
        {
            "name": "Foot2",
            "from": [ 4, -10, 9 ],
            "to":   [ 9, -8, 12 ],
            "faces": {
                "north": { "uv": [ 2.49984375, 3.62484375, 3.1246875, 3.99984375 ], "texture": "#main" },
                "east":  { "uv": [ 2.49984375, 3.62484375, 3.1246875, 3.99961125 ], "texture": "#main" },
                "south": { "uv": [ 2.49984375, 3.62484375, 3.1246875, 3.99984375 ], "texture": "#main" },
                "west":  { "uv": [ 2.49984375, 3.62484375, 3.12445125, 3.99984375 ], "texture": "#main" },
                "up":    { "uv": [ 2.49984375, 3.62484375, 2.99976375, 3.99984375 ], "texture": "#main" },
                "down":  { "uv": [ 3.4999237500000002, 3.62484375, 4.1247675, 3.99984375 ], "texture": "#main" }
            }
        },
        {
            "name": "Arm1",
            "from": [ -3, 2, 5 ],
            "to":   [ -1.5, 7, 6.5 ],
            "rotation": { "angle": 22.5, "axis": "z", "origin": [10, 8, 9] },
            "faces": {
                "north": { "uv": [ 1.5, 3.1249237500000002, 1.74984375, 3.8749237500000002 ], "texture": "#main" },
                "east":  { "uv": [ 2.25, 3.1249237500000002, 2.49984375, 3.8749237500000002 ], "texture": "#main" },
                "south": { "uv": [ 1.99992, 3.1249237500000002, 2.24976375, 3.8749237500000002 ], "texture": "#main" },
                "west":  { "uv": [ 1.74984375, 3.1249237500000002, 1.9996874999999998, 3.8749237500000002 ], "texture": "#main" },
                "up":    { "uv": [ 1.5, 3.8749237500000002, 1.74984375, 4.1247675 ], "texture": "#main" },
                "down":  { "uv": [ 1.99992, 3.8749237500000002, 2.24976375, 4.1247675 ], "texture": "#main" }
            }
        },
        {
            "name": "Arm2",
            "from": [ -3, 2, 9.5 ],
            "to":   [ -1.5, 7, 11 ],
            "rotation": { "angle": 22.5, "axis": "z", "origin": [10, 8, 13.5] },
            "faces": {
                "north": { "uv": [ 1.5, 3.1249237500000002, 1.74984375, 3.8749237500000002 ], "texture": "#main" },
                "east":  { "uv": [ 2.25, 3.1249237500000002, 2.49984375, 3.8749237500000002 ], "texture": "#main" },
                "south": { "uv": [ 1.99992, 3.1249237500000002, 2.24976375, 3.8749237500000002 ], "texture": "#main" },
                "west":  { "uv": [ 1.74984375, 3.1249237500000002, 1.9996874999999998, 3.8749237500000002 ], "texture": "#main" },
                "up":    { "uv": [ 1.5, 3.8749237500000002, 1.74984375, 4.1247675 ], "texture": "#main" },
                "down":  { "uv": [ 1.99992, 3.8749237500000002, 2.24976375, 4.1247675 ], "texture": "#main" }
            }
        },
        {
            "name": "Arm3",
            "from": [ -2, -16, 5 ],
            "to":   [ -0.5, -10, 6.5 ],
            "rotation": { "angle": -45, "axis": "z", "origin": [11, -9, 9] },
            "faces": {
                "north": { "uv": [ 1.5, 3.1249237500000002, 1.74984375, 3.8749237500000002 ], "texture": "#main" },
                "east":  { "uv": [ 2.25, 3.1249237500000002, 2.49984375, 3.8749237500000002 ], "texture": "#main" },
                "south": { "uv": [ 1.99992, 3.1249237500000002, 2.24976375, 3.8749237500000002 ], "texture": "#main" },
                "west":  { "uv": [ 1.74984375, 3.1249237500000002, 1.9996874999999998, 3.8749237500000002 ], "texture": "#main" },
                "up":    { "uv": [ 1.5, 3.8749237500000002, 1.74984375, 4.1247675 ], "texture": "#main" },
                "down":  { "uv": [ 1.99992, 3.8749237500000002, 2.24976375, 4.1247675 ], "texture": "#main" }
            }
        },
        {
            "name": "Arm4",
            "from": [ -2, -16, 9.5 ],
            "to":   [ -0.5, -10, 11 ],
            "rotation": { "angle": -45, "axis": "z", "origin": [11, -9, 13.5] },
            "faces": {
                "north": { "uv": [ 1.5, 3.1249237500000002, 1.74984375, 3.8749237500000002 ], "texture": "#main" },
                "east":  { "uv": [ 2.25, 3.1249237500000002, 2.49984375, 3.8749237500000002 ], "texture": "#main" },
                "south": { "uv": [ 1.99992, 3.1249237500000002, 2.24976375, 3.8749237500000002 ], "texture": "#main" },
                "west":  { "uv": [ 1.74984375, 3.1249237500000002, 1.9996874999999998, 3.8749237500000002 ], "texture": "#main" },
                "up":    { "uv": [ 1.5, 3.8749237500000002, 1.74984375, 4.1247675 ], "texture": "#main" },
                "down":  { "uv": [ 1.99992, 3.8749237500000002, 2.24976375, 4.1247675 ], "texture": "#main" }
            }
        },
        {
            "name": "Head",
            "from": [ -10, 14.5, 6 ],
            "to":   [ -4, 18.5, 10 ],
            "rotation": { "angle": 0, "axis": "z", "origin": [-7, 20.5, 7.5] },
            "faces": {
                "north": { "uv": [ 8, 0, 8.75, 0.49992375 ], "texture": "#main" },
                "east":  { "uv": [ 9.99992, 0, 10.49984375, 0.48750000000000004 ], "texture": "#main" },
                "south": { "uv": [ 9.24992, 0, 9.9996875, 0.49992375 ], "texture": "#main" },
                "west":  { "uv": [ 8.75, 0, 9.2375, 0.48750000000000004 ], "texture": "#main" },
                "up":    { "uv": [ 8.75, 0.49992375, 9.2375, 1.24992375 ], "texture": "#main", "rotation":90 },
                "down":  { "uv": [ 9.99992, 0.49992375, 10.48742, 1.24992375 ], "texture": "#main", "rotation":90 }
            }
        },
        {
            "name": "Snout",
            "from": [ -14, 14.5, 6 ],
            "to":   [ -10, 17.5, 10 ],
            "rotation": { "angle": 0, "axis": "z", "origin": [-13, 20.5, 7.5] },
            "faces": {
                "north": { "uv": [ 8, 1.24992375, 8.49992375, 1.6249237499999998 ], "texture": "#main" },
                "east":  { "uv": [ 9.5, 1.24992375, 9.99992375, 1.6122675000000002 ], "texture": "#main" },
                "south": { "uv": [ 8.99984375, 1.24992375, 9.4997675, 1.6249237499999998 ], "texture": "#main" },
                "west":  { "uv": [ 8.49992375, 1.24992375, 8.99984375, 1.6122675000000002 ], "texture": "#main" },
                "up":    { "uv": [ 8.49992375, 1.6249237499999998, 8.98742375, 2.12484375 ], "texture": "#main" },
                "down":  { "uv": [ 9.5, 1.6249237499999998, 9.9875, 2.12484375 ], "texture": "#main", "rotation":90 }
            }
        },
        {
            "name": "Neck",
            "from": [ -5, 4.5, 6.5 ],
            "to":   [ -2, 16.5, 9.5 ],
            "rotation": { "angle": 22.5, "axis": "z", "origin": [-2, 10.5, 8] },
            "faces": {
                "north": { "uv": [ 8, 2.12484375, 8.375, 3.62484375 ], "texture": "#main" },
                "east":  { "uv": [ 9.125, 2.12484375, 9.5, 3.62484375 ], "texture": "#main" },
                "south": { "uv": [ 8.75, 2.12484375, 9.125, 3.62484375 ], "texture": "#main" },
                "west":  { "uv": [ 8.375, 2.12484375, 8.75, 3.62484375 ], "texture": "#main" },
                "up":    { "uv": [ 11.9375, 0, 12.875, 1.125 ], "texture": "#main", "rotation":90 },
                "down":  { "uv": [ 9.5, 0, 10.4375, 1.125 ], "texture": "#main", "rotation":90 }
            }
        },
        {
            "name": "Body",
            "from": [ -3, 0.5, 5.5 ],
            "to":   [ 9, 6.5, 10.5 ],
            "faces": {
                "north": { "uv": [ 8, 4.125, 9.5, 4.875 ], "texture": "#main" },
                "east":  { "uv": [ 11.62484375, 4.125, 12.22484375, 4.875 ], "texture": "#main" },
                "south": { "uv": [ 10.12484375, 4.125, 11.62484375, 4.875 ], "texture": "#main" },
                "west":  { "uv": [ 9.5, 4.125, 10.1, 4.875 ], "texture": "#main" },
                "up":    { "uv": [ 8, 4.875, 9.5, 5.625 ], "texture": "#main" },
                "down":  { "uv": [ 10.12484375, 4.875, 11.62484375, 5.475 ], "texture": "#main" }
            }
        },
        {
            "name": "Tail1",
            "from": [ 9, 1.5, 6 ],
            "to":   [ 14, 6.5, 10 ],
            "faces": {
                "north": { "uv": [ 10.49984375, 0, 11.09984375, 0.6000000000000001 ], "texture": "#main" },
                "east":  { "uv": [ 12.24992375, 0, 12.74984375, 0.6000000000000001 ], "texture": "#main" },
                "south": { "uv": [ 11.62484375, 0, 12.22484375, 0.6000000000000001 ], "texture": "#main" },
                "west":  { "uv": [ 11.12492375, 0, 11.61242375, 0.6000000000000001 ], "texture": "#main" },
                "up":    { "uv": [ 11.12492375, 0.62484375, 11.61242375, 1.22484375 ], "texture": "#main" },
                "down":  { "uv": [ 12.24992375, 0.62484375, 12.73742375, 1.22484375 ], "texture": "#main" }
            }
        },
        {
            "name": "Tail2",
            "from": [ 14, 2.5, 6.5 ],
            "to":   [ 19, 6.5, 9.5 ],
            "faces": {
                "north": { "uv": [ 9.99992, 1.24992375, 10.62476375, 1.74984375 ], "texture": "#main" },
                "east":  { "uv": [ 11.62484375, 1.24992375, 11.99984375, 1.74984375 ], "texture": "#main" },
                "south": { "uv": [ 11, 1.24992375, 11.62484375, 1.74984375 ], "texture": "#main" },
                "west":  { "uv": [ 10.625, 1.24992375, 11, 1.74984375 ], "texture": "#main" },
                "up":    { "uv": [ 10.625, 1.74984375, 11, 2.3746875 ], "texture": "#main" },
                "down":  { "uv": [ 11.62484375, 1.74984375, 11.99984375, 2.3746875 ], "texture": "#main" }
            }
        },
        {
            "name": "Tail3",
            "from": [ 19, 3.5, 7 ],
            "to":   [ 23, 6.5, 9 ],
            "faces": {
                "north": { "uv": [ 11.99984375, 1.24992375, 12.49976375, 1.6249237499999998 ], "texture": "#main" },
                "east":  { "uv": [ 13.2497675, 1.24992375, 13.499611250000001, 1.6249237499999998 ], "texture": "#main" },
                "south": { "uv": [ 12.74984375, 1.24992375, 13.2497675, 1.6249237499999998 ], "texture": "#main" },
                "west":  { "uv": [ 12.5, 1.24992375, 12.74984375, 1.6249237499999998 ], "texture": "#main" },
                "up":    { "uv": [ 12.4997675, 1.6249237499999998, 12.749611250000001, 2.12484375 ], "texture": "#main" },
                "down":  { "uv": [ 13.2497675, 1.6249237499999998, 13.499611250000001, 2.12484375 ], "texture": "#main" }
            }
        },
        {
            "name": "Tail4",
            "from": [ 23, 4.5, 7.5 ],
            "to":   [ 27, 6.5, 8.5 ],
            "faces": {
                "north": { "uv": [ 9.5, 2.37492375, 9.99992375, 2.6247675 ], "texture": "#main" },
                "east":  { "uv": [ 10.7496875, 2.37492375, 10.99953125, 2.6247675 ], "texture": "#main" },
                "south": { "uv": [ 10.25, 2.37492375, 10.74992375, 2.6247675 ], "texture": "#main" },
                "west":  { "uv": [ 9.99992, 2.3746875, 10.24976375, 2.62453125 ], "texture": "#main" },
                "up":    { "uv": [ 9.99992, 2.625, 10.24953125, 3.1246875 ], "texture": "#main" },
                "down":  { "uv": [ 10.74992375, 2.625, 10.9997675, 3.1249237500000002 ], "texture": "#main" }
            }
        },
        {
            "name": "Leg1",
            "from": [ 7, -3, 4 ],
            "to":   [ 11, 3, 7 ],
            "rotation": { "angle": -22.5, "axis": "z", "origin": [8, 8, 8] },
            "faces": {
                "north": { "uv": [ 11, 2.37492375, 11.49992375, 3.1249237500000002 ], "texture": "#main" },
                "east":  { "uv": [ 12.37484375, 2.37492375, 12.74984375, 3.1249237500000002 ], "texture": "#main" },
                "south": { "uv": [ 11.87492375, 2.37492375, 12.37484375, 3.1249237500000002 ], "texture": "#main" },
                "west":  { "uv": [ 11.49992375, 2.37492375, 11.87492375, 3.1249237500000002 ], "texture": "#main" },
                "up":    { "uv": [ 11, 3.1249237500000002, 11.49992375, 3.4999237500000002 ], "texture": "#main" },
                "down":  { "uv": [ 11.87492375, 3.1249237500000002, 12.37484375, 3.4996875 ], "texture": "#main" }
            }
        },
        {
            "name": "Leg2",
            "from": [ 9, -3, 9 ],
            "to":   [ 13, 3, 12 ],
            "rotation": { "angle": -45, "axis": "z", "origin": [10, 8, 13] },
            "faces": {
                "north": { "uv": [ 11, 2.37492375, 11.49992375, 3.1249237500000002 ], "texture": "#main" },
                "east":  { "uv": [ 12.37484375, 2.37492375, 12.74984375, 3.1249237500000002 ], "texture": "#main" },
                "south": { "uv": [ 11.87492375, 2.37492375, 12.37484375, 3.1249237500000002 ], "texture": "#main" },
                "west":  { "uv": [ 11.49992375, 2.37492375, 11.87492375, 3.1249237500000002 ], "texture": "#main" },
                "up":    { "uv": [ 11, 3.1249237500000002, 11.49992375, 3.4999237500000002 ], "texture": "#main" },
                "down":  { "uv": [ 11.87492375, 3.1249237500000002, 12.37484375, 3.4996875 ], "texture": "#main" }
            }
        },
        {
            "name": "Leg3",
            "from": [ 0, -3, 9.5 ],
            "to":   [ 3, 3, 11.5 ],
            "rotation": { "angle": 22.5, "axis": "z", "origin": [10, 8, 8] },
            "faces": {
                "north": { "uv": [ 12.74984375, 2.12484375, 13.12484375, 2.87484375 ], "texture": "#main" },
                "east":  { "uv": [ 13.74992375, 2.1375, 13.9997675, 2.8875 ], "texture": "#main" },
                "south": { "uv": [ 13.37492375, 2.12484375, 13.74992375, 2.87484375 ], "texture": "#main" },
                "west":  { "uv": [ 13.12484375, 2.12484375, 13.3746875, 2.87484375 ], "texture": "#main" },
                "up":    { "uv": [ 12.74984375, 2.87484375, 13.12484375, 3.1246875 ], "texture": "#main" },
                "down":  { "uv": [ 13.37492375, 2.87484375, 13.74992375, 3.1246875 ], "texture": "#main" }
            }
        },
        {
            "name": "Leg4",
            "from": [ -2, -3, 4.5 ],
            "to":   [ 1, 3, 6.5 ],
            "rotation": { "angle": 45, "axis": "z", "origin": [8, 8, 3] },
            "faces": {
                "north": { "uv": [ 12.74984375, 2.12484375, 13.12484375, 2.87484375 ], "texture": "#main" },
                "east":  { "uv": [ 13.74992375, 2.1375, 13.9997675, 2.8875 ], "texture": "#main" },
                "south": { "uv": [ 13.37492375, 2.12484375, 13.74992375, 2.87484375 ], "texture": "#main" },
                "west":  { "uv": [ 13.12484375, 2.12484375, 13.3746875, 2.87484375 ], "texture": "#main" },
                "up":    { "uv": [ 12.74984375, 2.87484375, 13.12484375, 3.1246875 ], "texture": "#main" },
                "down":  { "uv": [ 13.37492375, 2.87484375, 13.74992375, 3.1246875 ], "texture": "#main" }
            }
        },
        {
            "name": "Leg5",
            "from": [ 9, -14, 4.5 ],
            "to":   [ 12, -8, 6.5 ],
            "rotation": { "angle": -22.5, "axis": "z", "origin": [19, -3, 3] },
            "faces": {
                "north": { "uv": [ 12.74984375, 2.12484375, 13.12484375, 2.87484375 ], "texture": "#main" },
                "east":  { "uv": [ 13.74992375, 2.1375, 13.9997675, 2.8875 ], "texture": "#main" },
                "south": { "uv": [ 13.37492375, 2.12484375, 13.74992375, 2.87484375 ], "texture": "#main" },
                "west":  { "uv": [ 13.12484375, 2.12484375, 13.3746875, 2.87484375 ], "texture": "#main" },
                "up":    { "uv": [ 12.74984375, 2.87484375, 13.12484375, 3.1246875 ], "texture": "#main" },
                "down":  { "uv": [ 13.37492375, 2.87484375, 13.74992375, 3.1246875 ], "texture": "#main" }
            }
        },
        {
            "name": "Leg6",
            "from": [ 6, -16, 9.5 ],
            "to":   [ 9, -10, 11.5 ],
            "rotation": { "angle": -45, "axis": "z", "origin": [16, -5, 8] },
            "faces": {
                "north": { "uv": [ 12.74984375, 2.12484375, 13.12484375, 2.87484375 ], "texture": "#main" },
                "east":  { "uv": [ 13.74992375, 2.1375, 13.9997675, 2.8875 ], "texture": "#main" },
                "south": { "uv": [ 13.37492375, 2.12484375, 13.74992375, 2.87484375 ], "texture": "#main" },
                "west":  { "uv": [ 13.12484375, 2.12484375, 13.3746875, 2.87484375 ], "texture": "#main" },
                "up":    { "uv": [ 12.74984375, 2.87484375, 13.12484375, 3.1246875 ], "texture": "#main" },
                "down":  { "uv": [ 13.37492375, 2.87484375, 13.74992375, 3.1246875 ], "texture": "#main" }
            }
        },
        {
            "name": "Foot1",
            "from": [ 4, -10, 4 ],
            "to":   [ 9, -8, 7 ],
            "faces": {
                "north": { "uv": [ 10.49984375, 3.62484375, 11.1246875, 3.99984375 ], "texture": "#main" },
                "east":  { "uv": [ 10.49984375, 3.62484375, 11.1246875, 3.99961125 ], "texture": "#main" },
                "south": { "uv": [ 10.49984375, 3.62484375, 11.1246875, 3.99984375 ], "texture": "#main" },
                "west":  { "uv": [ 10.49984375, 3.62484375, 11.12445125, 3.99984375 ], "texture": "#main" },
                "up":    { "uv": [ 10.49984375, 3.62484375, 10.99976375, 3.99984375 ], "texture": "#main" },
                "down":  { "uv": [ 11.49992375, 3.62484375, 12.1247675, 3.99984375 ], "texture": "#main" }
            }
        },
        {
            "name": "Foot2",
            "from": [ -1, -8, 9 ],
            "to":   [ 4, -6, 12 ],
            "rotation": { "angle": -22.5, "axis": "z", "origin": [1.5, -7, 10.5] },
            "faces": {
                "north": { "uv": [ 10.49984375, 3.62484375, 11.1246875, 3.99984375 ], "texture": "#main" },
                "east":  { "uv": [ 10.49984375, 3.62484375, 11.1246875, 3.99961125 ], "texture": "#main" },
                "south": { "uv": [ 10.49984375, 3.62484375, 11.1246875, 3.99984375 ], "texture": "#main" },
                "west":  { "uv": [ 10.49984375, 3.62484375, 11.12445125, 3.99984375 ], "texture": "#main" },
                "up":    { "uv": [ 10.49984375, 3.62484375, 10.99976375, 3.99984375 ], "texture": "#main" },
                "down":  { "uv": [ 11.49992375, 3.62484375, 12.1247675, 3.99984375 ], "texture": "#main" }
            }
        },
        {
            "name": "Arm1",
            "from": [ -3, -3, 5 ],
            "to":   [ -1.5, 2, 6.5 ],
            "rotation": { "angle": 0, "axis": "z", "origin": [10, 3, 9] },
            "faces": {
                "north": { "uv": [ 9.5, 3.1249237500000002, 9.74984375, 3.8749237500000002 ], "texture": "#main" },
                "east":  { "uv": [ 10.25, 3.1249237500000002, 10.49984375, 3.8749237500000002 ], "texture": "#main" },
                "south": { "uv": [ 9.99992, 3.1249237500000002, 10.24976375, 3.8749237500000002 ], "texture": "#main" },
                "west":  { "uv": [ 9.74984375, 3.1249237500000002, 9.9996875, 3.8749237500000002 ], "texture": "#main" },
                "up":    { "uv": [ 9.5, 3.8749237500000002, 9.74984375, 4.1247675 ], "texture": "#main" },
                "down":  { "uv": [ 9.99992, 3.8749237500000002, 10.24976375, 4.1247675 ], "texture": "#main" }
            }
        },
        {
            "name": "Arm2",
            "from": [ -3, 2, 9.5 ],
            "to":   [ -1.5, 7, 11 ],
            "rotation": { "angle": 22.5, "axis": "z", "origin": [10, 8, 13.5] },
            "faces": {
                "north": { "uv": [ 9.5, 3.1249237500000002, 9.74984375, 3.8749237500000002 ], "texture": "#main" },
                "east":  { "uv": [ 10.25, 3.1249237500000002, 10.49984375, 3.8749237500000002 ], "texture": "#main" },
                "south": { "uv": [ 9.99992, 3.1249237500000002, 10.24976375, 3.8749237500000002 ], "texture": "#main" },
                "west":  { "uv": [ 9.74984375, 3.1249237500000002, 9.9996875, 3.8749237500000002 ], "texture": "#main" },
                "up":    { "uv": [ 9.5, 3.8749237500000002, 9.74984375, 4.1247675 ], "texture": "#main" },
                "down":  { "uv": [ 9.99992, 3.8749237500000002, 10.24976375, 4.1247675 ], "texture": "#main" }
            }
        },
        {
            "name": "Arm3",
            "from": [ -3, -13, 5 ],
            "to":   [ -1.5, -7, 6.5 ],
            "rotation": { "angle": -22.5, "axis": "z", "origin": [10, -6, 9] },
            "faces": {
                "north": { "uv": [ 9.5, 3.1249237500000002, 9.74984375, 3.8749237500000002 ], "texture": "#main" },
                "east":  { "uv": [ 10.25, 3.1249237500000002, 10.49984375, 3.8749237500000002 ], "texture": "#main" },
                "south": { "uv": [ 9.99992, 3.1249237500000002, 10.24976375, 3.8749237500000002 ], "texture": "#main" },
                "west":  { "uv": [ 9.74984375, 3.1249237500000002, 9.9996875, 3.8749237500000002 ], "texture": "#main" },
                "up":    { "uv": [ 9.5, 3.8749237500000002, 9.74984375, 4.1247675 ], "texture": "#main" },
                "down":  { "uv": [ 9.99992, 3.8749237500000002, 10.24976375, 4.1247675 ], "texture": "#main" }
            }
        },
        {
            "name": "Arm4",
            "from": [ -2, -16, 9.5 ],
            "to":   [ -0.5, -10, 11 ],
            "rotation": { "angle": -45, "axis": "z", "origin": [11, -9, 13.5] },
            "faces": {
                "north": { "uv": [ 9.5, 3.1249237500000002, 9.74984375, 3.8749237500000002 ], "texture": "#main" },
                "east":  { "uv": [ 10.25, 3.1249237500000002, 10.49984375, 3.8749237500000002 ], "texture": "#main" },
                "south": { "uv": [ 9.99992, 3.1249237500000002, 10.24976375, 3.8749237500000002 ], "texture": "#main" },
                "west":  { "uv": [ 9.74984375, 3.1249237500000002, 9.9996875, 3.8749237500000002 ], "texture": "#main" },
                "up":    { "uv": [ 9.5, 3.8749237500000002, 9.74984375, 4.1247675 ], "texture": "#main" },
                "down":  { "uv": [ 9.99992, 3.8749237500000002, 10.24976375, 4.1247675 ], "texture": "#main" }
            }
        },
        {
            "name": "Head",
            "from": [ -10, 14.5, 6 ],
            "to":   [ -4, 18.5, 10 ],
            "rotation": { "angle": 0, "axis": "z", "origin": [-7, 20.5, 7.5] },
            "faces": {
                "north": { "uv": [ 0, 8, 0.75, 8.49992375 ], "texture": "#main" },
                "east":  { "uv": [ 1.99992, 8, 2.49984375, 8.4875 ], "texture": "#main" },
                "south": { "uv": [ 1.24992, 8, 1.9996874999999998, 8.49992375 ], "texture": "#main" },
                "west":  { "uv": [ 0.75, 8, 1.2374999999999998, 8.4875 ], "texture": "#main" },
                "up":    { "uv": [ 0.75, 8.49992375, 1.2374999999999998, 9.24992375 ], "texture": "#main", "rotation":90 },
                "down":  { "uv": [ 1.99992, 8.49992375, 2.48742, 9.24992375 ], "texture": "#main", "rotation":90 }
            }
        },
        {
            "name": "Snout",
            "from": [ -14, 14.5, 6 ],
            "to":   [ -10, 17.5, 10 ],
            "rotation": { "angle": 0, "axis": "z", "origin": [-13, 20.5, 7.5] },
            "faces": {
                "north": { "uv": [ 0, 9.24992375, 0.49992375, 9.62492375 ], "texture": "#main" },
                "east":  { "uv": [ 1.5, 9.24992375, 1.9999237499999998, 9.6122675 ], "texture": "#main" },
                "south": { "uv": [ 0.9998437499999999, 9.24992375, 1.4997675, 9.62492375 ], "texture": "#main" },
                "west":  { "uv": [ 0.49992375, 9.24992375, 0.9998437499999999, 9.6122675 ], "texture": "#main" },
                "up":    { "uv": [ 0.49992375, 9.62492375, 0.98742375, 10.12484375 ], "texture": "#main" },
                "down":  { "uv": [ 1.5, 9.62492375, 1.9874999999999998, 10.12484375 ], "texture": "#main", "rotation":90 }
            }
        },
        {
            "name": "Neck",
            "from": [ -5, 4.5, 6.5 ],
            "to":   [ -2, 16.5, 9.5 ],
            "rotation": { "angle": 22.5, "axis": "z", "origin": [-2, 10.5, 8] },
            "faces": {
                "north": { "uv": [ 0, 10.12484375, 0.375, 11.62484375 ], "texture": "#main" },
                "east":  { "uv": [ 1.125, 10.12484375, 1.5, 11.62484375 ], "texture": "#main" },
                "south": { "uv": [ 0.75, 10.12484375, 1.125, 11.62484375 ], "texture": "#main" },
                "west":  { "uv": [ 0.375, 10.12484375, 0.75, 11.62484375 ], "texture": "#main" },
                "up":    { "uv": [ 3.9375, 8, 4.875, 9.125 ], "texture": "#main", "rotation":90 },
                "down":  { "uv": [ 1.5, 8, 2.4375, 9.125 ], "texture": "#main", "rotation":90 }
            }
        },
        {
            "name": "Body",
            "from": [ -3, 0.5, 5.5 ],
            "to":   [ 9, 6.5, 10.5 ],
            "faces": {
                "north": { "uv": [ 0, 12.125, 1.5, 12.875 ], "texture": "#main" },
                "east":  { "uv": [ 3.62484375, 12.125, 4.22484375, 12.875 ], "texture": "#main" },
                "south": { "uv": [ 2.12484375, 12.125, 3.62484375, 12.875 ], "texture": "#main" },
                "west":  { "uv": [ 1.5, 12.125, 2.0999999999999996, 12.875 ], "texture": "#main" },
                "up":    { "uv": [ 0, 12.875, 1.5, 13.625 ], "texture": "#main" },
                "down":  { "uv": [ 2.12484375, 12.875, 3.62484375, 13.475 ], "texture": "#main" }
            }
        },
        {
            "name": "Tail1",
            "from": [ 9, 1.5, 6 ],
            "to":   [ 14, 6.5, 10 ],
            "faces": {
                "north": { "uv": [ 2.49984375, 8, 3.09984375, 8.6 ], "texture": "#main" },
                "east":  { "uv": [ 4.249923750000001, 8, 4.74984375, 8.6 ], "texture": "#main" },
                "south": { "uv": [ 3.62484375, 8, 4.22484375, 8.6 ], "texture": "#main" },
                "west":  { "uv": [ 3.1249237500000002, 8, 3.6124237499999996, 8.6 ], "texture": "#main" },
                "up":    { "uv": [ 3.1249237500000002, 8.62484375, 3.6124237499999996, 9.22484375 ], "texture": "#main" },
                "down":  { "uv": [ 4.249923750000001, 8.62484375, 4.73742375, 9.22484375 ], "texture": "#main" }
            }
        },
        {
            "name": "Tail2",
            "from": [ 14, 2.5, 6.5 ],
            "to":   [ 19, 6.5, 9.5 ],
            "faces": {
                "north": { "uv": [ 1.99992, 9.24992375, 2.62476375, 9.74984375 ], "texture": "#main" },
                "east":  { "uv": [ 3.62484375, 9.24992375, 3.99984375, 9.74984375 ], "texture": "#main" },
                "south": { "uv": [ 3, 9.24992375, 3.62484375, 9.74984375 ], "texture": "#main" },
                "west":  { "uv": [ 2.625, 9.24992375, 3, 9.74984375 ], "texture": "#main" },
                "up":    { "uv": [ 2.625, 9.74984375, 3, 10.3746875 ], "texture": "#main" },
                "down":  { "uv": [ 3.62484375, 9.74984375, 3.99984375, 10.3746875 ], "texture": "#main" }
            }
        },
        {
            "name": "Tail3",
            "from": [ 19, 3.5, 7 ],
            "to":   [ 23, 6.5, 9 ],
            "faces": {
                "north": { "uv": [ 3.99984375, 9.24992375, 4.4997637500000005, 9.62492375 ], "texture": "#main" },
                "east":  { "uv": [ 5.2497675, 9.24992375, 5.49961125, 9.62492375 ], "texture": "#main" },
                "south": { "uv": [ 4.74984375, 9.24992375, 5.2497675, 9.62492375 ], "texture": "#main" },
                "west":  { "uv": [ 4.5, 9.24992375, 4.74984375, 9.62492375 ], "texture": "#main" },
                "up":    { "uv": [ 4.4997675, 9.62492375, 4.74961125, 10.12484375 ], "texture": "#main" },
                "down":  { "uv": [ 5.2497675, 9.62492375, 5.49961125, 10.12484375 ], "texture": "#main" }
            }
        },
        {
            "name": "Tail4",
            "from": [ 23, 4.5, 7.5 ],
            "to":   [ 27, 6.5, 8.5 ],
            "faces": {
                "north": { "uv": [ 1.5, 10.37492375, 1.9999237499999998, 10.6247675 ], "texture": "#main" },
                "east":  { "uv": [ 2.7496875, 10.37492375, 2.99953125, 10.6247675 ], "texture": "#main" },
                "south": { "uv": [ 2.25, 10.37492375, 2.74992375, 10.6247675 ], "texture": "#main" },
                "west":  { "uv": [ 1.99992, 10.3746875, 2.24976375, 10.62453125 ], "texture": "#main" },
                "up":    { "uv": [ 1.99992, 10.625, 2.24953125, 11.1246875 ], "texture": "#main" },
                "down":  { "uv": [ 2.74992375, 10.625, 2.9997675, 11.12492375 ], "texture": "#main" }
            }
        },
        {
            "name": "Leg1",
            "from": [ 9, -3, 4 ],
            "to":   [ 13, 3, 7 ],
            "rotation": { "angle": -45, "axis": "z", "origin": [10, 8, 8] },
            "faces": {
                "north": { "uv": [ 3, 10.37492375, 3.4999237500000002, 11.12492375 ], "texture": "#main" },
                "east":  { "uv": [ 4.37484375, 10.37492375, 4.74984375, 11.12492375 ], "texture": "#main" },
                "south": { "uv": [ 3.8749237500000002, 10.37492375, 4.37484375, 11.12492375 ], "texture": "#main" },
                "west":  { "uv": [ 3.4999237500000002, 10.37492375, 3.8749237500000002, 11.12492375 ], "texture": "#main" },
                "up":    { "uv": [ 3, 11.12492375, 3.4999237500000002, 11.49992375 ], "texture": "#main" },
                "down":  { "uv": [ 3.8749237500000002, 11.12492375, 4.37484375, 11.4996875 ], "texture": "#main" }
            }
        },
        {
            "name": "Leg2",
            "from": [ 7, -3, 9 ],
            "to":   [ 11, 3, 12 ],
            "rotation": { "angle": -22.5, "axis": "z", "origin": [8, 8, 13] },
            "faces": {
                "north": { "uv": [ 3, 10.37492375, 3.4999237500000002, 11.12492375 ], "texture": "#main" },
                "east":  { "uv": [ 4.37484375, 10.37492375, 4.74984375, 11.12492375 ], "texture": "#main" },
                "south": { "uv": [ 3.8749237500000002, 10.37492375, 4.37484375, 11.12492375 ], "texture": "#main" },
                "west":  { "uv": [ 3.4999237500000002, 10.37492375, 3.8749237500000002, 11.12492375 ], "texture": "#main" },
                "up":    { "uv": [ 3, 11.12492375, 3.4999237500000002, 11.49992375 ], "texture": "#main" },
                "down":  { "uv": [ 3.8749237500000002, 11.12492375, 4.37484375, 11.4996875 ], "texture": "#main" }
            }
        },
        {
            "name": "Leg3",
            "from": [ -2, -3, 9.5 ],
            "to":   [ 1, 3, 11.5 ],
            "rotation": { "angle": 45, "axis": "z", "origin": [8, 8, 8] },
            "faces": {
                "north": { "uv": [ 4.74984375, 10.12484375, 5.12484375, 10.87484375 ], "texture": "#main" },
                "east":  { "uv": [ 5.749923750000001, 10.1375, 5.9997675, 10.8875 ], "texture": "#main" },
                "south": { "uv": [ 5.374923750000001, 10.12484375, 5.749923750000001, 10.87484375 ], "texture": "#main" },
                "west":  { "uv": [ 5.12484375, 10.12484375, 5.3746875, 10.87484375 ], "texture": "#main" },
                "up":    { "uv": [ 4.74984375, 10.87484375, 5.12484375, 11.1246875 ], "texture": "#main" },
                "down":  { "uv": [ 5.374923750000001, 10.87484375, 5.749923750000001, 11.1246875 ], "texture": "#main" }
            }
        },
        {
            "name": "Leg4",
            "from": [ 0, -3, 4.5 ],
            "to":   [ 3, 3, 6.5 ],
            "rotation": { "angle": 22.5, "axis": "z", "origin": [10, 8, 3] },
            "faces": {
                "north": { "uv": [ 4.74984375, 10.12484375, 5.12484375, 10.87484375 ], "texture": "#main" },
                "east":  { "uv": [ 5.749923750000001, 10.1375, 5.9997675, 10.8875 ], "texture": "#main" },
                "south": { "uv": [ 5.374923750000001, 10.12484375, 5.749923750000001, 10.87484375 ], "texture": "#main" },
                "west":  { "uv": [ 5.12484375, 10.12484375, 5.3746875, 10.87484375 ], "texture": "#main" },
                "up":    { "uv": [ 4.74984375, 10.87484375, 5.12484375, 11.1246875 ], "texture": "#main" },
                "down":  { "uv": [ 5.374923750000001, 10.87484375, 5.749923750000001, 11.1246875 ], "texture": "#main" }
            }
        },
        {
            "name": "Leg5",
            "from": [ 6, -16, 4.5 ],
            "to":   [ 9, -10, 6.5 ],
            "rotation": { "angle": -45, "axis": "z", "origin": [16, -5, 3] },
            "faces": {
                "north": { "uv": [ 4.74984375, 10.12484375, 5.12484375, 10.87484375 ], "texture": "#main" },
                "east":  { "uv": [ 5.749923750000001, 10.1375, 5.9997675, 10.8875 ], "texture": "#main" },
                "south": { "uv": [ 5.374923750000001, 10.12484375, 5.749923750000001, 10.87484375 ], "texture": "#main" },
                "west":  { "uv": [ 5.12484375, 10.12484375, 5.3746875, 10.87484375 ], "texture": "#main" },
                "up":    { "uv": [ 4.74984375, 10.87484375, 5.12484375, 11.1246875 ], "texture": "#main" },
                "down":  { "uv": [ 5.374923750000001, 10.87484375, 5.749923750000001, 11.1246875 ], "texture": "#main" }
            }
        },
        {
            "name": "Leg6",
            "from": [ 9, -14, 9.5 ],
            "to":   [ 12, -8, 11.5 ],
            "rotation": { "angle": -22.5, "axis": "z", "origin": [19, -3, 8] },
            "faces": {
                "north": { "uv": [ 4.74984375, 10.12484375, 5.12484375, 10.87484375 ], "texture": "#main" },
                "east":  { "uv": [ 5.749923750000001, 10.1375, 5.9997675, 10.8875 ], "texture": "#main" },
                "south": { "uv": [ 5.374923750000001, 10.12484375, 5.749923750000001, 10.87484375 ], "texture": "#main" },
                "west":  { "uv": [ 5.12484375, 10.12484375, 5.3746875, 10.87484375 ], "texture": "#main" },
                "up":    { "uv": [ 4.74984375, 10.87484375, 5.12484375, 11.1246875 ], "texture": "#main" },
                "down":  { "uv": [ 5.374923750000001, 10.87484375, 5.749923750000001, 11.1246875 ], "texture": "#main" }
            }
        },
        {
            "name": "Foot1",
            "from": [ -1, -7, 4 ],
            "to":   [ 4, -5, 7 ],
            "rotation": { "angle": -22.5, "axis": "z", "origin": [1.5, -6, 5.5] },
            "faces": {
                "north": { "uv": [ 2.49984375, 11.62484375, 3.1246875, 11.99984375 ], "texture": "#main" },
                "east":  { "uv": [ 2.49984375, 11.62484375, 3.1246875, 11.999611250000001 ], "texture": "#main" },
                "south": { "uv": [ 2.49984375, 11.62484375, 3.1246875, 11.99984375 ], "texture": "#main" },
                "west":  { "uv": [ 2.49984375, 11.62484375, 3.12445125, 11.99984375 ], "texture": "#main" },
                "up":    { "uv": [ 2.49984375, 11.62484375, 2.99976375, 11.99984375 ], "texture": "#main" },
                "down":  { "uv": [ 3.4999237500000002, 11.62484375, 4.1247675, 11.99984375 ], "texture": "#main" }
            }
        },
        {
            "name": "Foot2",
            "from": [ 4, -10, 9 ],
            "to":   [ 9, -8, 12 ],
            "rotation": { "angle": 0, "axis": "z", "origin": [6.5, -9, 10.5] },
            "faces": {
                "north": { "uv": [ 2.49984375, 11.62484375, 3.1246875, 11.99984375 ], "texture": "#main" },
                "east":  { "uv": [ 2.49984375, 11.62484375, 3.1246875, 11.999611250000001 ], "texture": "#main" },
                "south": { "uv": [ 2.49984375, 11.62484375, 3.1246875, 11.99984375 ], "texture": "#main" },
                "west":  { "uv": [ 2.49984375, 11.62484375, 3.12445125, 11.99984375 ], "texture": "#main" },
                "up":    { "uv": [ 2.49984375, 11.62484375, 2.99976375, 11.99984375 ], "texture": "#main" },
                "down":  { "uv": [ 3.4999237500000002, 11.62484375, 4.1247675, 11.99984375 ], "texture": "#main" }
            }
        },
        {
            "name": "Arm1",
            "from": [ -3, 2, 5 ],
            "to":   [ -1.5, 7, 6.5 ],
            "rotation": { "angle": 22.5, "axis": "z", "origin": [10, 8, 9] },
            "faces": {
                "north": { "uv": [ 1.5, 11.12492375, 1.74984375, 11.87492375 ], "texture": "#main" },
                "east":  { "uv": [ 2.25, 11.12492375, 2.49984375, 11.87492375 ], "texture": "#main" },
                "south": { "uv": [ 1.99992, 11.12492375, 2.24976375, 11.87492375 ], "texture": "#main" },
                "west":  { "uv": [ 1.74984375, 11.12492375, 1.9996874999999998, 11.87492375 ], "texture": "#main" },
                "up":    { "uv": [ 1.5, 11.87492375, 1.74984375, 12.1247675 ], "texture": "#main" },
                "down":  { "uv": [ 1.99992, 11.87492375, 2.24976375, 12.1247675 ], "texture": "#main" }
            }
        },
        {
            "name": "Arm2",
            "from": [ -1, -3, 9.5 ],
            "to":   [ 0.5, 2, 11 ],
            "rotation": { "angle": 0, "axis": "z", "origin": [12, 3, 13.5] },
            "faces": {
                "north": { "uv": [ 1.5, 11.12492375, 1.74984375, 11.87492375 ], "texture": "#main" },
                "east":  { "uv": [ 2.25, 11.12492375, 2.49984375, 11.87492375 ], "texture": "#main" },
                "south": { "uv": [ 1.99992, 11.12492375, 2.24976375, 11.87492375 ], "texture": "#main" },
                "west":  { "uv": [ 1.74984375, 11.12492375, 1.9996874999999998, 11.87492375 ], "texture": "#main" },
                "up":    { "uv": [ 1.5, 11.87492375, 1.74984375, 12.1247675 ], "texture": "#main" },
                "down":  { "uv": [ 1.99992, 11.87492375, 2.24976375, 12.1247675 ], "texture": "#main" }
            }
        },
        {
            "name": "Arm3",
            "from": [ -2, -16, 5 ],
            "to":   [ -0.5, -10, 6.5 ],
            "rotation": { "angle": -45, "axis": "z", "origin": [11, -9, 9] },
            "faces": {
                "north": { "uv": [ 1.5, 11.12492375, 1.74984375, 11.87492375 ], "texture": "#main" },
                "east":  { "uv": [ 2.25, 11.12492375, 2.49984375, 11.87492375 ], "texture": "#main" },
                "south": { "uv": [ 1.99992, 11.12492375, 2.24976375, 11.87492375 ], "texture": "#main" },
                "west":  { "uv": [ 1.74984375, 11.12492375, 1.9996874999999998, 11.87492375 ], "texture": "#main" },
                "up":    { "uv": [ 1.5, 11.87492375, 1.74984375, 12.1247675 ], "texture": "#main" },
                "down":  { "uv": [ 1.99992, 11.87492375, 2.24976375, 12.1247675 ], "texture": "#main" }
            }
        },
        {
            "name": "Arm4",
            "from": [ -1, -13, 9.5 ],
            "to":   [ 0.5, -7, 11 ],
            "rotation": { "angle": -22.5, "axis": "z", "origin": [12, -6, 13.5] },
            "faces": {
                "north": { "uv": [ 1.5, 11.12492375, 1.74984375, 11.87492375 ], "texture": "#main" },
                "east":  { "uv": [ 2.25, 11.12492375, 2.49984375, 11.87492375 ], "texture": "#main" },
                "south": { "uv": [ 1.99992, 11.12492375, 2.24976375, 11.87492375 ], "texture": "#main" },
                "west":  { "uv": [ 1.74984375, 11.12492375, 1.9996874999999998, 11.87492375 ], "texture": "#main" },
                "up":    { "uv": [ 1.5, 11.87492375, 1.74984375, 12.1247675 ], "texture": "#main" },
                "down":  { "uv": [ 1.99992, 11.87492375, 2.24976375, 12.1247675 ], "texture": "#main" }
            }
        }
    ],
    "display": {
        "ground": {
            "rotation": [ 0, 0, 0 ],
            "translation": [ 0, 0, 0 ],
            "scale": [ 0.5, 0.5, 0.5 ]
        },
        "head": {
            "rotation": [ 0, -90, 0 ],
            "translation": [ 0, 0, 0 ],
            "scale": [ 2.5, 2.5, 2.5 ]
        },
        "firstperson_righthand": {
            "rotation": [ 0, -90, 25 ],
            "translation": [ 1.13, 3.2, 1.13 ],
            "scale": [ 0, 0, 0 ]
        }
    },
    "__comment": "Model animated using Fizzy's model animator - http://fizzy81.github.io/animated-models/"
}
