{
	"textures": {
		"0": "dinododo:entity/tyrannosarus_texture_map"
	},
	"elements": [
		{
			"name": "Body",
			"from": [-5, 0, 5],
			"to": [6, 7, 11],
			"faces": {
				"north": {"uv": [0, 0, 2.2, 1.3], "texture": "#0"},
				"east": {"uv": [5.6, 0, 6.7, 1.3], "texture": "#0"},
				"south": {"uv": [3.4, 0, 5.6, 1.3], "texture": "#0"},
				"west": {"uv": [2.2, 0, 3.3, 1.3], "texture": "#0"},
				"up": {"uv": [5.6, 1.4, 6.7, 3.5], "texture": "#0", "rotation": 90},
				"down": {"uv": [2.2, 1.4, 3.3, 3.5], "texture": "#0", "rotation": 270}
			}
		},
		{
			"name": "Tail1",
			"from": [6, 0.5, 5.5],
			"to": [9, 6.5, 10.5],
			"faces": {
				"north": {"uv": [0, 3.6, 0.6, 4.8], "texture": "#0"},
				"east": {"uv": [2.2, 3.6, 3.1, 4.8], "texture": "#0"},
				"south": {"uv": [1.6, 3.6, 2.2, 4.8], "texture": "#0"},
				"west": {"uv": [0.6, 3.6, 1.5, 4.8], "texture": "#0"},
				"up": {"uv": [0.6, 4.8, 1.6, 5.3], "texture": "#0", "rotation": 90},
				"down": {"uv": [2.2, 4.8, 3.2, 5.3], "texture": "#0", "rotation": 90}
			}
		},
		{
			"name": "Tail2",
			"from": [9, 0.7, 6],
			"to": [14, 5.7, 10],
			"faces": {
				"north": {"uv": [3.2, 3.6, 4.1, 4.5], "texture": "#0"},
				"east": {"uv": [6, 3.6, 6.8, 4.5], "texture": "#0"},
				"south": {"uv": [5, 3.6, 5.9, 4.5], "texture": "#0"},
				"west": {"uv": [4.2, 3.6, 5, 4.5], "texture": "#0"},
				"up": {"uv": [4.2, 4.6, 4.9, 5.5], "texture": "#0", "rotation": 90},
				"down": {"uv": [6, 4.6, 6.7, 5.6], "texture": "#0"}
			}
		},
		{
			"name": "Tail3",
			"from": [14, 1.5, 6.5],
			"to": [20, 5.5, 9.5],
			"faces": {
				"north": {"uv": [0, 5.4, 1.2, 6.2], "texture": "#0"},
				"east": {"uv": [3, 5.4, 3.6, 6.2], "texture": "#0"},
				"south": {"uv": [1.8, 5.4, 3, 6.2], "texture": "#0"},
				"west": {"uv": [1.2, 5.4, 1.8, 6.2], "texture": "#0"},
				"up": {"uv": [1.2, 6.2, 1.8, 7.4], "texture": "#0", "rotation": 90},
				"down": {"uv": [3, 6.2, 3.6, 7.4], "texture": "#0"}
			}
		},
		{
			"name": "Tail4",
			"from": [20, 1.9, 7],
			"to": [27, 4.9, 9],
			"faces": {
				"north": {"uv": [3.6, 5.6, 5, 6.2], "texture": "#0"},
				"east": {"uv": [6.8, 5.6, 7.1, 6.2], "texture": "#0"},
				"south": {"uv": [5.4, 5.6, 6.8, 6.2], "texture": "#0"},
				"west": {"uv": [5, 5.6, 5.3, 6.2], "texture": "#0"},
				"up": {"uv": [5, 6.2, 5.3, 7.6], "texture": "#0", "rotation": 90},
				"down": {"uv": [6.8, 6.2, 7.1, 7.6], "texture": "#0", "rotation": 90}
			}
		},
		{
			"name": "Tail5",
			"from": [27, 2.5, 7.5],
			"to": [32, 4.5, 8.5],
			"faces": {
				"north": {"uv": [1.2, 7.4, 2.2, 7.7], "texture": "#0"},
				"east": {"uv": [2.2, 7.4, 2.5, 7.7], "texture": "#0"},
				"south": {"uv": [1.2, 7.4, 2.2, 7.7], "texture": "#0"},
				"west": {"uv": [1, 7.4, 1.3, 7.7], "texture": "#0"},
				"up": {"uv": [10.2, 0, 10.8, 0.6], "texture": "#0"},
				"down": {"uv": [10, 0, 10.6, 0.6], "texture": "#0"}
			}
		},
		{
			"name": "Neck",
			"from": [-6, 0, 6],
			"to": [3, 4, 10],
			"rotation": {"angle": -22.5, "axis": "z", "origin": [10, 9, 8]},
			"faces": {
				"north": {"uv": [2.4, 7.6, 4.2, 8.3], "texture": "#0"},
				"east": {"uv": [6.8, 7.6, 7.6, 8.5], "texture": "#0"},
				"south": {"uv": [5, 7.6, 6.7, 8.3], "texture": "#0"},
				"west": {"uv": [4.2, 7.6, 5, 8.5], "texture": "#0"},
				"up": {"uv": [4.2, 8.4, 4.9, 10.2], "texture": "#0", "rotation": 270},
				"down": {"uv": [6.8, 8.4, 7.5, 10.2], "texture": "#0", "rotation": 90}
			}
		},
		{
			"name": "Head",
			"from": [-10, 5, 5.5],
			"to": [-6, 11, 10.5],
			"faces": {
				"north": {"uv": [6.8, 0, 7.6, 1.1], "texture": "#0"},
				"east": {"uv": [9.4, 0, 10.3, 1.1], "texture": "#0"},
				"south": {"uv": [8.6, 0, 9.4, 1.1], "texture": "#0"},
				"west": {"uv": [7.6, 0, 8.5, 1.3], "texture": "#0"},
				"up": {"uv": [7.6, 1.2, 8.6, 1.9], "texture": "#0", "rotation": 90},
				"down": {"uv": [9.4, 1.2, 10.4, 1.9], "texture": "#0", "rotation": 90}
			}
		},
		{
			"name": "JawBottom",
			"from": [-14, 5, 6],
			"to": [-10, 9, 10],
			"faces": {
				"north": {"uv": [9.2, 2, 10, 2.8], "texture": "#0"},
				"east": {"uv": [9.2, 2, 10, 2.8], "texture": "#0"},
				"south": {"uv": [9.2, 2, 10, 2.8], "texture": "#0"},
				"west": {"uv": [9.2, 2, 10, 2.8], "texture": "#0"},
				"up": {"uv": [9.2, 2, 10, 2.8], "texture": "#0"},
				"down": {"uv": [9.2, 2, 10, 2.8], "texture": "#0"}
			}
		},
		{
			"name": "Snout",
			"from": [-10, 14, 6.1],
			"to": [-6, 18, 9.9],
			"rotation": {"angle": 22.5, "axis": "z", "origin": [11, 7, 8]},
			"faces": {
				"north": {"uv": [7.6, 2, 8.4, 2.8], "texture": "#0"},
				"east": {"uv": [7.6, 2, 8.4, 2.8], "texture": "#0"},
				"south": {"uv": [7.6, 2, 8.4, 2.8], "texture": "#0"},
				"west": {"uv": [7.6, 2, 8.4, 2.8], "texture": "#0"},
				"up": {"uv": [7.6, 2, 8.4, 2.8], "texture": "#0"},
				"down": {"uv": [7.6, 2, 8.4, 2.8], "texture": "#0"}
			}
		},
		{
			"name": "Leg1",
			"from": [9, -4, 4],
			"to": [13, 4, 7],
			"rotation": {"angle": -22.5, "axis": "z", "origin": [10, 9, 8]},
			"faces": {
				"north": {"uv": [11.8, 0, 12.6, 1.6], "texture": "#0"},
				"east": {"uv": [12.6, 0, 13.2, 1.6], "texture": "#0"},
				"south": {"uv": [11.8, 0, 12.6, 1.6], "texture": "#0"},
				"west": {"uv": [11.2, 0, 11.8, 1.6], "texture": "#0"},
				"up": {"uv": [11.2, 1.6, 11.8, 2.4], "texture": "#0"},
				"down": {"uv": [12.6, 1.4, 13.2, 2.4], "texture": "#0"}
			}
		},
		{
			"name": "Leg2",
			"from": [9, -4, 9],
			"to": [13, 4, 12],
			"rotation": {"angle": -22.5, "axis": "z", "origin": [10, 9, 13]},
			"faces": {
				"north": {"uv": [11.8, 0, 12.6, 1.6], "texture": "#0"},
				"east": {"uv": [12.6, 0, 13.2, 1.6], "texture": "#0"},
				"south": {"uv": [11.8, 0, 12.6, 1.6], "texture": "#0"},
				"west": {"uv": [11.2, 0, 11.8, 1.6], "texture": "#0"},
				"up": {"uv": [11.2, 1.6, 11.8, 2.4], "texture": "#0"},
				"down": {"uv": [12.6, 1.4, 13.2, 2.4], "texture": "#0"}
			}
		},
		{
			"name": "Leg3",
			"from": [0, -4, 9.5],
			"to": [3, 2, 11.5],
			"rotation": {"angle": 45, "axis": "z", "origin": [10, 7, 8]},
			"faces": {
				"north": {"uv": [13.2, 0, 13.8, 1.2], "texture": "#0"},
				"east": {"uv": [13.2, 0, 13.8, 1.2], "texture": "#0"},
				"south": {"uv": [13.2, 0, 13.8, 1.2], "texture": "#0"},
				"west": {"uv": [13.2, 0, 13.8, 1.2], "texture": "#0"},
				"up": {"uv": [13.2, 0, 13.8, 1.2], "texture": "#0"},
				"down": {"uv": [13.2, 0, 13.8, 1.2], "texture": "#0"}
			}
		},
		{
			"name": "Leg4",
			"from": [0, -4, 4.5],
			"to": [3, 2, 6.5],
			"rotation": {"angle": 45, "axis": "z", "origin": [10, 7, 3]},
			"faces": {
				"north": {"uv": [13.2, 0, 13.8, 1.2], "texture": "#0"},
				"east": {"uv": [13.2, 0, 13.8, 1.2], "texture": "#0"},
				"south": {"uv": [13.2, 0, 13.8, 1.2], "texture": "#0"},
				"west": {"uv": [13.2, 0, 13.8, 1.2], "texture": "#0"},
				"up": {"uv": [13.2, 0, 13.8, 1.2], "texture": "#0"},
				"down": {"uv": [13.2, 0, 13.8, 1.2], "texture": "#0"}
			}
		},
		{
			"name": "Leg5",
			"from": [14, -10, 4.6],
			"to": [17, -5, 6.4],
			"rotation": {"angle": -22.5, "axis": "z", "origin": [10, 9, 8]},
			"faces": {
				"north": {"uv": [13.2, 1.8, 13.8, 2.8], "texture": "#0"},
				"east": {"uv": [13.2, 1.8, 13.8, 2.8], "texture": "#0"},
				"south": {"uv": [13.2, 1.8, 13.8, 2.8], "texture": "#0"},
				"west": {"uv": [13.2, 1.8, 13.8, 2.8], "texture": "#0"},
				"up": {"uv": [13.2, 1.8, 13.8, 2.8], "texture": "#0"},
				"down": {"uv": [13.2, 1.8, 13.8, 2.8], "texture": "#0"}
			}
		},
		{
			"name": "Leg6",
			"from": [14, -10, 9.6],
			"to": [17, -5, 11.4],
			"rotation": {"angle": -22.5, "axis": "z", "origin": [10, 9, 13]},
			"faces": {
				"north": {"uv": [13.2, 1.8, 13.8, 2.8], "texture": "#0"},
				"east": {"uv": [13.2, 1.8, 13.8, 2.8], "texture": "#0"},
				"south": {"uv": [13.2, 1.8, 13.8, 2.8], "texture": "#0"},
				"west": {"uv": [13.2, 1.8, 13.8, 2.8], "texture": "#0"},
				"up": {"uv": [13.2, 1.8, 13.8, 2.8], "texture": "#0"},
				"down": {"uv": [13.2, 1.8, 13.8, 2.8], "texture": "#0"}
			}
		},
		{
			"name": "Foot1",
			"from": [4, -11, 4],
			"to": [9, -9, 7],
			"faces": {
				"north": {"uv": [10, 2.4, 11, 2.7], "texture": "#0"},
				"east": {"uv": [10, 2.4, 11, 2.7], "texture": "#0"},
				"south": {"uv": [10, 2.4, 11, 2.7], "texture": "#0"},
				"west": {"uv": [10, 2.4, 11, 2.7], "texture": "#0"},
				"up": {"uv": [10, 2.4, 11, 2.7], "texture": "#0"},
				"down": {"uv": [10, 2.4, 11, 2.7], "texture": "#0"}
			}
		},
		{
			"name": "Foot2",
			"from": [4, -11, 9],
			"to": [9, -9, 12],
			"faces": {
				"north": {"uv": [10, 2.4, 11, 2.7], "texture": "#0"},
				"east": {"uv": [10, 2.4, 11, 2.7], "texture": "#0"},
				"south": {"uv": [10, 2.4, 11, 2.7], "texture": "#0"},
				"west": {"uv": [10, 2.4, 11, 2.7], "texture": "#0"},
				"up": {"uv": [10, 2.4, 11, 2.7], "texture": "#0"},
				"down": {"uv": [10, 2.4, 11, 2.7], "texture": "#0"}
			}
		},
		{
			"name": "Arm1",
			"from": [-7, 4, 4],
			"to": [-5.5, 7, 5.5],
			"rotation": {"angle": 22.5, "axis": "z", "origin": [6, 8, 1.5]},
			"faces": {
				"north": {"uv": [10.4, 3.8, 10.9, 4.4], "texture": "#0"},
				"east": {"uv": [10.4, 3.8, 10.9, 4.4], "texture": "#0"},
				"south": {"uv": [10.4, 3.8, 10.9, 4.4], "texture": "#0"},
				"west": {"uv": [10.4, 3.8, 10.9, 4.4], "texture": "#0"},
				"up": {"uv": [10.4, 3.8, 10.9, 4.4], "texture": "#0"},
				"down": {"uv": [10.4, 3.8, 10.9, 4.4], "texture": "#0"}
			}
		},
		{
			"name": "Arm2",
			"from": [-7, 4, 10.5],
			"to": [-5.5, 7, 12],
			"rotation": {"angle": 22.5, "axis": "z", "origin": [6, 8, 8]},
			"faces": {
				"north": {"uv": [10.4, 3.8, 10.9, 4.4], "texture": "#0"},
				"east": {"uv": [10.4, 3.8, 10.9, 4.4], "texture": "#0"},
				"south": {"uv": [10.4, 3.8, 10.9, 4.4], "texture": "#0"},
				"west": {"uv": [10.4, 3.8, 10.9, 4.4], "texture": "#0"},
				"up": {"uv": [10.4, 3.8, 10.9, 4.4], "texture": "#0"},
				"down": {"uv": [10.4, 3.8, 10.9, 4.4], "texture": "#0"}
			}
		},
		{
			"name": "Arm3",
			"from": [-5, -7.5, 10.5],
			"to": [-3.5, -4.5, 12],
			"rotation": {"angle": -22.5, "axis": "z", "origin": [8, -3.5, 8]},
			"faces": {
				"north": {"uv": [10.4, 3.8, 10.9, 4.4], "texture": "#0"},
				"east": {"uv": [10.4, 3.8, 10.9, 4.4], "texture": "#0"},
				"south": {"uv": [10.4, 3.8, 10.9, 4.4], "texture": "#0"},
				"west": {"uv": [10.4, 3.8, 10.9, 4.4], "texture": "#0"},
				"up": {"uv": [10.4, 3.8, 10.9, 4.4], "texture": "#0"},
				"down": {"uv": [10.4, 3.8, 10.9, 4.4], "texture": "#0"}
			}
		},
		{
			"name": "Arm4",
			"from": [-5, -7.5, 4],
			"to": [-3.5, -4.5, 5.5],
			"rotation": {"angle": -22.5, "axis": "z", "origin": [8, -3.5, 1.5]},
			"faces": {
				"north": {"uv": [10.4, 3.8, 10.9, 4.4], "texture": "#0"},
				"east": {"uv": [10.4, 3.8, 10.9, 4.4], "texture": "#0"},
				"south": {"uv": [10.4, 3.8, 10.9, 4.4], "texture": "#0"},
				"west": {"uv": [10.4, 3.8, 10.9, 4.4], "texture": "#0"},
				"up": {"uv": [10.4, 3.8, 10.9, 4.4], "texture": "#0"},
				"down": {"uv": [10.4, 3.8, 10.9, 4.4], "texture": "#0"}
			}
		},
		{
			"name": "TailFeathers",
			"from": [21, 4, 4],
			"to": [31, 4, 12],
			"faces": {
				"north": {"uv": [0, 0, 10, 0], "texture": "#0"},
				"east": {"uv": [0, 0, 8, 0], "texture": "#0"},
				"south": {"uv": [0, 0, 10, 0], "texture": "#0"},
				"west": {"uv": [0, 0, 8, 0], "texture": "#0"},
				"up": {"uv": [7.2, 5.2, 8.8, 7.2], "texture": "#0", "rotation": 90},
				"down": {"uv": [7.2, 5.2, 8.8, 7.2], "texture": "#0", "rotation": 90}
			}
		}
	],
	"display": {
		"ground": {
			"rotation": [0, 0, 0],
			"translation": [0, 0, 0],
			"scale": [0.5, 0.5, 0.5]
		},
		"head": {
			"rotation": [0, -90, 0],
			"translation": [0, 31, 0],
			"scale": [4, 4, 4]
		},
		"thirdperson_righthand": {
			"rotation": [68, -90, 0],
			"translation": [0, 1, 20.5],
			"scale": [0.5, 0.5, 0.5]
		},
		"firstperson_righthand": {
			"rotation": [0, -90, 25],
			"translation": [1.13, 3.2, 1.13],
			"scale": [0, 0, 0]
		}
	}
}
