{
  "type": "minecraft:empty",
  "pools": [
    {
      "rolls": 1,
      "entries": [
        {
          "type": "minecraft:item",
          "name": "minecraft:slime_spawn_egg",
          "functions": [
            {
              "function": "minecraft:set_nbt",
              "tag": "{display:{Name:\"{\\\"translate\\\":\\\"Culture Vat\\\",\\\"italic\\\":false}\"},EntityTag:{NoGravity:1b,Silent:1b,Invulnerable:1b,CustomNameVisible:1b,DeathLootTable:\"none\",PersistenceRequired:1b,NoAI:1b,CanPickUpLoot:0b,Size:0,CustomName:\"{\\\"text\\\":\\\"spawn_culture_vat\\\"}\"}}"
            }
          ]
        }
      ]
    }
  ]
}
