{
	"textures": {
		"0": "dnd:block/dinosaur_egg"
	},
	"elements": [
		{
			"from": [7, 0, 7],
			"to": [10, 5, 10],
			"rotation": {"angle": 0, "axis": "y", "origin": [15, 8, 15]},
			"faces": {
				"north": {"uv": [0, 0, 3, 5], "texture": "#0"},
				"east": {"uv": [0, 0, 3, 5], "texture": "#0"},
				"south": {"uv": [0, 0, 3, 5], "texture": "#0"},
				"west": {"uv": [0, 0, 3, 5], "texture": "#0"},
				"up": {"uv": [3, 0, 6, 3], "texture": "#0"},
				"down": {"uv": [3, 0, 6, 3], "texture": "#0"}
			}
		},
		{
			"from": [9, 0, 3],
			"to": [12, 5, 6],
			"rotation": {"angle": 0, "axis": "y", "origin": [17, 8, 11]},
			"faces": {
				"north": {"uv": [4, 7, 7, 13], "texture": "#0"},
				"east": {"uv": [4, 7, 7, 13], "texture": "#0"},
				"south": {"uv": [4, 7, 7, 13], "texture": "#0"},
				"west": {"uv": [4, 7, 7, 13], "texture": "#0"},
				"up": {"uv": [4, 13, 7, 16], "texture": "#0"},
				"down": {"uv": [4, 13, 7, 16], "texture": "#0"}
			}
		},
		{
			"from": [6, 0, 10],
			"to": [9, 6, 13],
			"rotation": {"angle": 0, "axis": "y", "origin": [14, 8, 18]},
			"faces": {
				"north": {"uv": [0, 10, 3, 16], "texture": "#0"},
				"east": {"uv": [0, 10, 3, 16], "texture": "#0"},
				"south": {"uv": [0, 10, 3, 16], "texture": "#0"},
				"west": {"uv": [0, 10, 3, 16], "texture": "#0"},
				"up": {"uv": [0, 7, 3, 10], "texture": "#0"},
				"down": {"uv": [0, 7, 3, 10], "texture": "#0"}
			}
		},
		{
			"from": [10, 0, 6],
			"to": [13, 3, 12],
			"rotation": {"angle": 0, "axis": "y", "origin": [18, 8, 17]},
			"faces": {
				"north": {"uv": [4, 4, 7, 7], "texture": "#0"},
				"east": {"uv": [7, 4, 13, 7], "rotation": 180, "texture": "#0"},
				"south": {"uv": [4, 4, 7, 7], "texture": "#0"},
				"west": {"uv": [7, 4, 13, 7], "texture": "#0"},
				"up": {"uv": [7, 4, 13, 7], "rotation": 90, "texture": "#0"},
				"down": {"uv": [7, 4, 13, 7], "rotation": 270, "texture": "#0"}
			}
		},
		{
			"from": [5, 0, 4],
			"to": [9, 3, 7],
			"rotation": {"angle": 0, "axis": "y", "origin": [14, 8, 12]},
			"faces": {
				"north": {"uv": [7, 0, 11, 3], "texture": "#0"},
				"east": {"uv": [11, 0, 14, 3], "texture": "#0"},
				"south": {"uv": [7, 0, 11, 3], "texture": "#0"},
				"west": {"uv": [11, 0, 14, 3], "texture": "#0"},
				"up": {"uv": [7, 0, 11, 3], "rotation": 180, "texture": "#0"},
				"down": {"uv": [7, 0, 11, 3], "rotation": 180, "texture": "#0"}
			}
		}
	],
	"display": {
		"thirdperson_righthand": {
			"rotation": [75, 45, 0],
			"translation": [0, 2.5, 0],
			"scale": [0.375, 0.375, 0.375]
		},
		"thirdperson_lefthand": {
			"rotation": [75, 45, 0],
			"translation": [0, 2.5, 0],
			"scale": [0.375, 0.375, 0.375]
		},
		"firstperson_righthand": {
			"rotation": [0, 45, 0],
			"scale": [0.4, 0.4, 0.4]
		},
		"firstperson_lefthand": {
			"rotation": [0, 225, 0],
			"scale": [0.4, 0.4, 0.4]
		},
		"ground": {
			"translation": [0, 3, 0],
			"scale": [0.25, 0.25, 0.25]
		},
		"gui": {
			"rotation": [30, 225, 0],
			"scale": [0.625, 0.625, 0.625]
		},
		"head": {
      "rotation": [0, 0, 0],
      "translation": [0, -43.23, 0],
      "scale": [1.601, 1.601, 1.601]
    },
		"fixed": {
			"rotation": [-90, 0, 0],
			"translation": [0, 0, -16],
			"scale": [2, 2, 2]
		}
	}
}
