{
    "pools": [
        {
            "rolls": 1,
            "entries": [
                {
                    "type": "item",
                    "name": "minecraft:quartz",
                    "weight": 1,
                    "functions": [
                        {
                            "function": "set_count",
                            "count": {
                                "min": 3,
                                "max": 5
                            }
                        },
                        {
                            "function": "set_nbt",
                            "tag": "{display:{Name:\"Ectoplasm\",Lore:[What Is this?]}}"
                        }
                    ]
                }
            ]
        }
    ]
}