{
    "credit": "Made with Blockbench", 
    "textures": {
        "main": "block/acroythosaurus_walk"
    }, 
    "elements": [
        {
            "name": "Body", 
            "from": [ -6, 0, 5 ], 
            "to":   [ 5, 6, 11 ], 
            "faces": {
                "north": { "uv": [ 0, 0, 0.625, 0.375 ], "texture": "#main" }, 
                "east":  { "uv": [ 1.6875, 0, 2.0625, 0.375 ], "texture": "#main" }, 
                "south": { "uv": [ 1, 0, 1.6875, 0.375 ], "texture": "#main" }, 
                "west":  { "uv": [ 0.625, 0, 1, 0.375 ], "texture": "#main" }, 
                "up":    { "uv": [ 0, 0.375, 0.625, 0.75 ], "texture": "#main" }, 
                "down":  { "uv": [ 1, 0.375, 1.6875, 0.75 ], "texture": "#main" }
            }
        }, 
        {
            "name": "Tail1", 
            "from": [ 1, 0.5, 5.5 ], 
            "to":   [ 9, 6.5, 10.5 ], 
            "faces": {
                "north": { "uv": [ 0, 0.75, 0.5, 1.125 ], "texture": "#main" }, 
                "east":  { "uv": [ 1.3125, 0.75, 1.625, 1.125 ], "texture": "#main" }, 
                "south": { "uv": [ 0.8125, 0.75, 1.3125, 1.125 ], "texture": "#main" }, 
                "west":  { "uv": [ 0.5, 0.75, 0.8125, 1.125 ], "texture": "#main" }, 
                "up":    { "uv": [ 0, 1.125, 0.5, 1.5 ], "texture": "#main" }, 
                "down":  { "uv": [ 0.8125, 1.125, 1.3125, 1.5 ], "texture": "#main" }
            }
        }, 
        {
            "name": "Tail2", 
            "from": [ 9, 1.5, 6 ], 
            "to":   [ 14, 6.5, 10 ], 
            "faces": {
                "north": { "uv": [ 0, 1.5, 0.3125, 1.8125 ], "texture": "#main" }, 
                "east":  { "uv": [ 0.875, 1.5, 1.125, 1.8125 ], "texture": "#main" }, 
                "south": { "uv": [ 0.5625, 1.5, 0.875, 1.8125 ], "texture": "#main" }, 
                "west":  { "uv": [ 0.3125, 1.5, 0.5625, 1.8125 ], "texture": "#main" }, 
                "up":    { "uv": [ 0, 1.8125, 0.3125, 2.125 ], "texture": "#main" }, 
                "down":  { "uv": [ 0.5625, 1.8125, 0.875, 2.125 ], "texture": "#main" }
            }
        }, 
        {
            "name": "Tail3", 
            "from": [ 14, 2.5, 6.5 ], 
            "to":   [ 19, 6.5, 9.5 ], 
            "faces": {
                "north": { "uv": [ 0, 2.125, 0.375, 2.375 ], "texture": "#main" }, 
                "east":  { "uv": [ 0.9375, 2.125, 1.125, 2.375 ], "texture": "#main" }, 
                "south": { "uv": [ 0.5625, 2.125, 0.9375, 2.375 ], "texture": "#main" }, 
                "west":  { "uv": [ 0.375, 2.125, 0.5625, 2.375 ], "texture": "#main" }, 
                "up":    { "uv": [ 0, 2.375, 0.375, 2.625 ], "texture": "#main" }, 
                "down":  { "uv": [ 0.5625, 2.375, 0.9375, 2.625 ], "texture": "#main" }
            }
        }, 
        {
            "name": "Tail4", 
            "from": [ 19, 3.5, 7 ], 
            "to":   [ 23, 6.5, 9 ], 
            "faces": {
                "north": { "uv": [ 0, 2.625, 0.5, 2.8125 ], "texture": "#main" }, 
                "east":  { "uv": [ 1.125, 2.625, 1.25, 2.8125 ], "texture": "#main" }, 
                "south": { "uv": [ 0.625, 2.625, 1.125, 2.8125 ], "texture": "#main" }, 
                "west":  { "uv": [ 0.5, 2.625, 0.625, 2.8125 ], "texture": "#main" }, 
                "up":    { "uv": [ 0, 2.8125, 0.5, 3 ], "texture": "#main" }, 
                "down":  { "uv": [ 0.625, 2.8125, 1.125, 3 ], "texture": "#main" }
            }
        }, 
        {
            "name": "Tail5", 
            "from": [ 23, 4.5, 7.5 ], 
            "to":   [ 27, 6.5, 8.5 ], 
            "faces": {
                "north": { "uv": [ 0, 3, 0.5625, 3.125 ], "texture": "#main" }, 
                "east":  { "uv": [ 1.1875, 3, 1.25, 3.125 ], "texture": "#main" }, 
                "south": { "uv": [ 0.625, 3, 1.1875, 3.125 ], "texture": "#main" }, 
                "west":  { "uv": [ 0.5625, 3, 0.625, 3.125 ], "texture": "#main" }, 
                "up":    { "uv": [ 0, 3.125, 0.5625, 3.25 ], "texture": "#main" }, 
                "down":  { "uv": [ 0.625, 3.125, 1.1875, 3.25 ], "texture": "#main" }
            }
        }, 
        {
            "name": "Neck", 
            "from": [ -8, -1, 6 ], 
            "to":   [ 3, 4, 10 ], 
            "rotation": { "angle": -22.5, "axis": "z", "origin": [8, 8, 8] }, 
            "faces": {
                "north": { "uv": [ 2.0625, 0, 2.75, 0.3125 ], "texture": "#main" }, 
                "east":  { "uv": [ 3.6875, 0, 3.9375, 0.3125 ], "texture": "#main" }, 
                "south": { "uv": [ 3, 0, 3.6875, 0.3125 ], "texture": "#main" }, 
                "west":  { "uv": [ 2.75, 0, 3, 0.3125 ], "texture": "#main" }, 
                "up":    { "uv": [ 2.0625, 0.3125, 2.75, 0.625 ], "texture": "#main" }, 
                "down":  { "uv": [ 3, 0.3125, 3.6875, 0.625 ], "texture": "#main" }
            }
        }, 
        {
            "name": "Head", 
            "from": [ -11, 4, 5.5 ], 
            "to":   [ -8, 11, 10.5 ], 
            "faces": {
                "north": { "uv": [ 1.6875, 0.625, 1.875, 1.0625 ], "texture": "#main" }, 
                "east":  { "uv": [ 2.375, 0.625, 2.6875, 1.0625 ], "texture": "#main" }, 
                "south": { "uv": [ 2.1875, 0.625, 2.375, 1.0625 ], "texture": "#main" }, 
                "west":  { "uv": [ 1.875, 0.625, 2.1875, 1.0625 ], "texture": "#main" }, 
                "up":    { "uv": [ 1.6875, 1.0625, 1.875, 1.375 ], "texture": "#main" }, 
                "down":  { "uv": [ 2.1875, 1.0625, 2.375, 1.375 ], "texture": "#main" }
            }
        }, 
        {
            "name": "JawBottom", 
            "from": [ -16, 5, 6 ], 
            "to":   [ -11, 9, 10 ], 
            "faces": {
                "north": { "uv": [ 2.6875, 0.625, 3, 0.875 ], "texture": "#main" }, 
                "east":  { "uv": [ 3.5625, 0.625, 3.8125, 0.875 ], "texture": "#main" }, 
                "south": { "uv": [ 3.25, 0.625, 3.5625, 0.875 ], "texture": "#main" }, 
                "west":  { "uv": [ 3, 0.625, 3.25, 0.875 ], "texture": "#main" }, 
                "up":    { "uv": [ 2.6875, 0.875, 3, 1.125 ], "texture": "#main" }, 
                "down":  { "uv": [ 3.25, 0.875, 3.5625, 1.125 ], "texture": "#main" }
            }
        }, 
        {
            "name": "Snout", 
            "from": [ -13, 14, 6.1 ], 
            "to":   [ -5, 18, 9.9 ], 
            "rotation": { "angle": 22.5, "axis": "z", "origin": [8, 8, 8] }, 
            "faces": {
                "north": { "uv": [ 1.125, 1.9375, 1.625, 2.1875 ], "texture": "#main" }, 
                "east":  { "uv": [ 2.375, 1.9375, 2.625, 2.1875 ], "texture": "#main" }, 
                "south": { "uv": [ 1.875, 1.9375, 2.375, 2.1875 ], "texture": "#main" }, 
                "west":  { "uv": [ 1.625, 1.9375, 1.875, 2.1875 ], "texture": "#main" }, 
                "up":    { "uv": [ 1.125, 2.1875, 1.625, 2.4375 ], "texture": "#main" }, 
                "down":  { "uv": [ 1.875, 2.1875, 2.375, 2.4375 ], "texture": "#main" }
            }
        }, 
        {
            "name": "Sail2", 
            "from": [ -9, 4, 7.5 ], 
            "to":   [ 7, 6, 8.5 ], 
            "rotation": { "angle": -22.5, "axis": "z", "origin": [8, 8, 8] }, 
            "faces": {
                "north": { "uv": [ 0, 3.25, 1, 3.375 ], "texture": "#main" }, 
                "east":  { "uv": [ 0, 3.375, 1, 3.5 ], "texture": "#main" }, 
                "south": { "uv": [ 1, 3.25, 2, 3.375 ], "texture": "#main" }, 
                "west":  { "uv": [ 0, 3.375, 1, 3.5 ], "texture": "#main" }, 
                "up":    { "uv": [ 0, 3.375, 1, 3.5 ], "texture": "#main" }, 
                "down":  { "uv": [ 0, 3.375, 1, 3.5 ], "texture": "#main" }
            }
        }, 
        {
            "name": "Sail3", 
            "from": [ -12, -6, 6.5 ], 
            "to":   [ -1, 0, 9.5 ], 
            "rotation": { "angle": -45, "axis": "z", "origin": [8, 8, 8] }, 
            "faces": {
                "north": { "uv": [ 1.25, 2.4375, 1.9375, 2.8125 ], "texture": "#main" }, 
                "east":  { "uv": [ 2.8125, 2.4375, 3, 2.8125 ], "texture": "#main" }, 
                "south": { "uv": [ 2.125, 2.4375, 2.8125, 2.8125 ], "texture": "#main" }, 
                "west":  { "uv": [ 1.9375, 2.4375, 2.125, 2.8125 ], "texture": "#main" }, 
                "up":    { "uv": [ 1.25, 2.8125, 1.9375, 3.1875 ], "texture": "#main" }, 
                "down":  { "uv": [ 2.125, 2.8125, 2.8125, 3.1875 ], "texture": "#main" }
            }
        }, 
        {
            "name": "Leg1", 
            "from": [ 7, -3, 4 ], 
            "to":   [ 11, 3, 7 ], 
            "rotation": { "angle": -22.5, "axis": "z", "origin": [8, 8, 8] }, 
            "faces": {
                "north": { "uv": [ 1.3125, 1.375, 1.5625, 1.75 ], "texture": "#main" }, 
                "east":  { "uv": [ 2, 1.375, 2.1875, 1.75 ], "texture": "#main" }, 
                "south": { "uv": [ 1.75, 1.375, 2, 1.75 ], "texture": "#main" }, 
                "west":  { "uv": [ 1.5625, 1.375, 1.75, 1.75 ], "texture": "#main" }, 
                "up":    { "uv": [ 1.3125, 1.75, 1.5625, 1.9375 ], "texture": "#main" }, 
                "down":  { "uv": [ 1.75, 1.75, 2, 1.9375 ], "texture": "#main" }
            }
        }, 
        {
            "name": "Sail1", 
            "from": [ 0, 6, 7.5 ], 
            "to":   [ 16, 8, 8.5 ], 
            "faces": {
                "north": { "uv": [ 0, 3.25, 1, 3.375 ], "texture": "#main" }, 
                "east":  { "uv": [ 0, 3.375, 1, 3.5 ], "texture": "#main" }, 
                "south": { "uv": [ 1.0625, 3.25, 2, 3.375 ], "texture": "#main" }, 
                "west":  { "uv": [ 0, 3.375, 1, 3.5 ], "texture": "#main" }, 
                "up":    { "uv": [ 0, 3.375, 1, 3.5 ], "texture": "#main" }, 
                "down":  { "uv": [ 0, 3.375, 1, 3.5 ], "texture": "#main" }
            }
        }, 
        {
            "name": "Leg2", 
            "from": [ 7, -3, 9 ], 
            "to":   [ 11, 3, 12 ], 
            "rotation": { "angle": -22.5, "axis": "z", "origin": [8, 8, 8] }, 
            "faces": {
                "north": { "uv": [ 1.3125, 1.375, 1.5625, 1.75 ], "texture": "#main" }, 
                "east":  { "uv": [ 2, 1.375, 2.1875, 1.75 ], "texture": "#main" }, 
                "south": { "uv": [ 1.75, 1.375, 2, 1.75 ], "texture": "#main" }, 
                "west":  { "uv": [ 1.5625, 1.375, 1.75, 1.75 ], "texture": "#main" }, 
                "up":    { "uv": [ 1.3125, 1.75, 1.5625, 1.9375 ], "texture": "#main" }, 
                "down":  { "uv": [ 1.75, 1.75, 2, 1.9375 ], "texture": "#main" }
            }
        }, 
        {
            "name": "Leg3", 
            "from": [ -2, -3, 9.5 ], 
            "to":   [ 1, 3, 11.5 ], 
            "rotation": { "angle": 45, "axis": "z", "origin": [8, 8, 8] }, 
            "faces": {
                "north": { "uv": [ 2.375, 1.125, 2.5625, 1.5 ], "texture": "#main" }, 
                "east":  { "uv": [ 2.875, 1.125, 3, 1.5 ], "texture": "#main" }, 
                "south": { "uv": [ 2.6875, 1.125, 2.875, 1.5 ], "texture": "#main" }, 
                "west":  { "uv": [ 2.5625, 1.125, 2.6875, 1.5 ], "texture": "#main" }, 
                "up":    { "uv": [ 2.375, 1.5, 2.5625, 1.625 ], "texture": "#main" }, 
                "down":  { "uv": [ 2.6875, 1.5, 2.875, 1.625 ], "texture": "#main" }
            }
        }, 
        {
            "name": "Leg4", 
            "from": [ -2, -3, 4.5 ], 
            "to":   [ 1, 3, 6.5 ], 
            "rotation": { "angle": 45, "axis": "z", "origin": [8, 8, 8] }, 
            "faces": {
                "north": { "uv": [ 2.375, 1.125, 2.5625, 1.5 ], "texture": "#main" }, 
                "east":  { "uv": [ 2.875, 1.125, 3, 1.5 ], "texture": "#main" }, 
                "south": { "uv": [ 2.6875, 1.125, 2.875, 1.5 ], "texture": "#main" }, 
                "west":  { "uv": [ 2.5625, 1.125, 2.6875, 1.5 ], "texture": "#main" }, 
                "up":    { "uv": [ 2.375, 1.5, 2.5625, 1.625 ], "texture": "#main" }, 
                "down":  { "uv": [ 2.6875, 1.5, 2.875, 1.625 ], "texture": "#main" }
            }
        }, 
        {
            "name": "Leg5", 
            "from": [ 13, -9, 4.5 ], 
            "to":   [ 16, -3, 6.5 ], 
            "rotation": { "angle": -22.5, "axis": "z", "origin": [8, 8, 8] }, 
            "faces": {
                "north": { "uv": [ 2.375, 1.125, 2.5625, 1.5 ], "texture": "#main" }, 
                "east":  { "uv": [ 2.875, 1.125, 3, 1.5 ], "texture": "#main" }, 
                "south": { "uv": [ 2.6875, 1.125, 2.875, 1.5 ], "texture": "#main" }, 
                "west":  { "uv": [ 2.5625, 1.125, 2.6875, 1.5 ], "texture": "#main" }, 
                "up":    { "uv": [ 2.375, 1.5, 2.5625, 1.625 ], "texture": "#main" }, 
                "down":  { "uv": [ 2.6875, 1.5, 2.875, 1.625 ], "texture": "#main" }
            }
        }, 
        {
            "name": "Leg6", 
            "from": [ 13, -9, 9.5 ], 
            "to":   [ 16, -3, 11.5 ], 
            "rotation": { "angle": -22.5, "axis": "z", "origin": [8, 8, 8] }, 
            "faces": {
                "north": { "uv": [ 2.375, 1.125, 2.5625, 1.5 ], "texture": "#main" }, 
                "east":  { "uv": [ 2.875, 1.125, 3, 1.5 ], "texture": "#main" }, 
                "south": { "uv": [ 2.6875, 1.125, 2.875, 1.5 ], "texture": "#main" }, 
                "west":  { "uv": [ 2.5625, 1.125, 2.6875, 1.5 ], "texture": "#main" }, 
                "up":    { "uv": [ 2.375, 1.5, 2.5625, 1.625 ], "texture": "#main" }, 
                "down":  { "uv": [ 2.6875, 1.5, 2.875, 1.625 ], "texture": "#main" }
            }
        }, 
        {
            "name": "Cube", 
            "from": [ 4, -10, 4 ], 
            "to":   [ 9, -8, 7 ], 
            "faces": {
                "north": { "uv": [ 2.1875, 1.625, 2.5, 1.75 ], "texture": "#main" }, 
                "east":  { "uv": [ 3, 1.625, 3.1875, 1.75 ], "texture": "#main" }, 
                "south": { "uv": [ 2.6875, 1.625, 3, 1.75 ], "texture": "#main" }, 
                "west":  { "uv": [ 2.5, 1.625, 2.6875, 1.75 ], "texture": "#main" }, 
                "up":    { "uv": [ 2.1875, 1.75, 2.5, 1.9375 ], "texture": "#main" }, 
                "down":  { "uv": [ 2.6875, 1.75, 3, 1.9375 ], "texture": "#main" }
            }
        }, 
        {
            "name": "Cube", 
            "from": [ 4, -10, 9 ], 
            "to":   [ 9, -8, 12 ], 
            "faces": {
                "north": { "uv": [ 2.1875, 1.625, 2.5, 1.75 ], "texture": "#main" }, 
                "east":  { "uv": [ 3, 1.625, 3.1875, 1.75 ], "texture": "#main" }, 
                "south": { "uv": [ 2.6875, 1.625, 3, 1.75 ], "texture": "#main" }, 
                "west":  { "uv": [ 2.5, 1.625, 2.6875, 1.75 ], "texture": "#main" }, 
                "up":    { "uv": [ 2.1875, 1.75, 2.5, 1.9375 ], "texture": "#main" }, 
                "down":  { "uv": [ 2.6875, 1.75, 3, 1.9375 ], "texture": "#main" }
            }
        }, 
        {
            "name": "Cube", 
            "from": [ -6, -1, 3.5 ], 
            "to":   [ -3.5, 7, 6 ], 
            "rotation": { "angle": 22.5, "axis": "z", "origin": [8, 8, 8] }, 
            "faces": {
                "north": { "uv": [ 3.1875, 1.125, 3.375, 1.625 ], "texture": "#main" }, 
                "east":  { "uv": [ 3.75, 1.125, 3.9375, 1.625 ], "texture": "#main" }, 
                "south": { "uv": [ 3.5625, 1.125, 3.75, 1.625 ], "texture": "#main" }, 
                "west":  { "uv": [ 3.375, 1.125, 3.5625, 1.625 ], "texture": "#main" }, 
                "up":    { "uv": [ 3.1875, 1.625, 3.375, 1.8125 ], "texture": "#main" }, 
                "down":  { "uv": [ 3.5625, 1.625, 3.75, 1.8125 ], "texture": "#main" }
            }
        }, 
        {
            "name": "Cube", 
            "from": [ -6, -1, 10 ], 
            "to":   [ -3.5, 7, 12.5 ], 
            "rotation": { "angle": 22.5, "axis": "z", "origin": [8, 8, 8] }, 
            "faces": {
                "north": { "uv": [ 3.1875, 1.125, 3.375, 1.625 ], "texture": "#main" }, 
                "east":  { "uv": [ 3.75, 1.125, 3.9375, 1.625 ], "texture": "#main" }, 
                "south": { "uv": [ 3.5625, 1.125, 3.75, 1.625 ], "texture": "#main" }, 
                "west":  { "uv": [ 3.375, 1.125, 3.5625, 1.625 ], "texture": "#main" }, 
                "up":    { "uv": [ 3.1875, 1.625, 3.375, 1.8125 ], "texture": "#main" }, 
                "down":  { "uv": [ 3.5625, 1.625, 3.75, 1.8125 ], "texture": "#main" }
            }
        }, 
        {
            "name": "Cube", 
            "from": [ -13, 4, 4 ], 
            "to":   [ -6, 5.5, 5.5 ], 
            "rotation": { "angle": 45, "axis": "z", "origin": [8, 8, 8] }, 
            "faces": {
                "north": { "uv": [ 3.9375, 1.125, 4.03125, 1.5625 ], "rotation":270, "texture": "#main" }, 
                "east":  { "uv": [ 3.9375, 1.5625, 4.03125, 1.6875 ], "rotation":90, "texture": "#main" }, 
                "south": { "uv": [ 4.1875, 1.125, 4.28125, 1.5625 ], "rotation":90, "texture": "#main" }, 
                "west":  { "uv": [ 4.1875, 1.5625, 4.28125, 1.6875 ], "rotation":90, "texture": "#main" }, 
                "up":    { "uv": [ 4.0625, 1.125, 4.15625, 1.5625 ], "rotation":270, "texture": "#main" }, 
                "down":  { "uv": [ 4.3125, 1.125, 4.40625, 1.5625 ], "rotation":90, "texture": "#main" }
            }
        }, 
        {
            "name": "Cube", 
            "from": [ 10.5, -13, 10.5 ], 
            "to":   [ 12, -6, 12 ], 
            "rotation": { "angle": -45, "axis": "z", "origin": [8, 8, 8] }, 
            "faces": {
                "north": { "uv": [ 3.9375, 1.125, 4.03125, 1.5625 ], "texture": "#main" }, 
                "east":  { "uv": [ 4.3125, 1.125, 4.40625, 1.5625 ], "rotation":180, "texture": "#main" }, 
                "south": { "uv": [ 4.1875, 1.125, 4.28125, 1.5625 ], "texture": "#main" }, 
                "west":  { "uv": [ 4.0625, 1.125, 4.15625, 1.5625 ], "rotation":180, "texture": "#main" }, 
                "up":    { "uv": [ 3.9375, 1.5625, 4.03125, 1.6875 ], "rotation":180, "texture": "#main" }, 
                "down":  { "uv": [ 4.1875, 1.5625, 4.28125, 1.6875 ], "rotation":180, "texture": "#main" }
            }
        }, 
        {
            "name": "Body", 
            "from": [ -6, 0, 5 ], 
            "to":   [ 5, 6, 11 ], 
            "faces": {
                "north": { "uv": [ 8, 0, 8.625, 0.375 ], "texture": "#main" }, 
                "east":  { "uv": [ 9.6875, 0, 10.0625, 0.375 ], "texture": "#main" }, 
                "south": { "uv": [ 9, 0, 9.6875, 0.375 ], "texture": "#main" }, 
                "west":  { "uv": [ 8.625, 0, 9, 0.375 ], "texture": "#main" }, 
                "up":    { "uv": [ 8, 0.375, 8.625, 0.75 ], "texture": "#main" }, 
                "down":  { "uv": [ 9, 0.375, 9.6875, 0.75 ], "texture": "#main" }
            }
        }, 
        {
            "name": "Tail1", 
            "from": [ 1, 0.5, 5.5 ], 
            "to":   [ 9, 6.5, 10.5 ], 
            "faces": {
                "north": { "uv": [ 8, 0.75, 8.5, 1.125 ], "texture": "#main" }, 
                "east":  { "uv": [ 9.3125, 0.75, 9.625, 1.125 ], "texture": "#main" }, 
                "south": { "uv": [ 8.8125, 0.75, 9.3125, 1.125 ], "texture": "#main" }, 
                "west":  { "uv": [ 8.5, 0.75, 8.8125, 1.125 ], "texture": "#main" }, 
                "up":    { "uv": [ 8, 1.125, 8.5, 1.5 ], "texture": "#main" }, 
                "down":  { "uv": [ 8.8125, 1.125, 9.3125, 1.5 ], "texture": "#main" }
            }
        }, 
        {
            "name": "Tail2", 
            "from": [ 9, 1.5, 6 ], 
            "to":   [ 14, 6.5, 10 ], 
            "faces": {
                "north": { "uv": [ 8, 1.5, 8.3125, 1.8125 ], "texture": "#main" }, 
                "east":  { "uv": [ 8.875, 1.5, 9.125, 1.8125 ], "texture": "#main" }, 
                "south": { "uv": [ 8.5625, 1.5, 8.875, 1.8125 ], "texture": "#main" }, 
                "west":  { "uv": [ 8.3125, 1.5, 8.5625, 1.8125 ], "texture": "#main" }, 
                "up":    { "uv": [ 8, 1.8125, 8.3125, 2.125 ], "texture": "#main" }, 
                "down":  { "uv": [ 8.5625, 1.8125, 8.875, 2.125 ], "texture": "#main" }
            }
        }, 
        {
            "name": "Tail3", 
            "from": [ 14, 2.5, 6.5 ], 
            "to":   [ 19, 6.5, 9.5 ], 
            "faces": {
                "north": { "uv": [ 8, 2.125, 8.375, 2.375 ], "texture": "#main" }, 
                "east":  { "uv": [ 8.9375, 2.125, 9.125, 2.375 ], "texture": "#main" }, 
                "south": { "uv": [ 8.5625, 2.125, 8.9375, 2.375 ], "texture": "#main" }, 
                "west":  { "uv": [ 8.375, 2.125, 8.5625, 2.375 ], "texture": "#main" }, 
                "up":    { "uv": [ 8, 2.375, 8.375, 2.625 ], "texture": "#main" }, 
                "down":  { "uv": [ 8.5625, 2.375, 8.9375, 2.625 ], "texture": "#main" }
            }
        }, 
        {
            "name": "Tail4", 
            "from": [ 19, 3.5, 7 ], 
            "to":   [ 23, 6.5, 9 ], 
            "faces": {
                "north": { "uv": [ 8, 2.625, 8.5, 2.8125 ], "texture": "#main" }, 
                "east":  { "uv": [ 9.125, 2.625, 9.25, 2.8125 ], "texture": "#main" }, 
                "south": { "uv": [ 8.625, 2.625, 9.125, 2.8125 ], "texture": "#main" }, 
                "west":  { "uv": [ 8.5, 2.625, 8.625, 2.8125 ], "texture": "#main" }, 
                "up":    { "uv": [ 8, 2.8125, 8.5, 3 ], "texture": "#main" }, 
                "down":  { "uv": [ 8.625, 2.8125, 9.125, 3 ], "texture": "#main" }
            }
        }, 
        {
            "name": "Tail5", 
            "from": [ 23, 4.5, 7.5 ], 
            "to":   [ 27, 6.5, 8.5 ], 
            "faces": {
                "north": { "uv": [ 8, 3, 8.5625, 3.125 ], "texture": "#main" }, 
                "east":  { "uv": [ 9.1875, 3, 9.25, 3.125 ], "texture": "#main" }, 
                "south": { "uv": [ 8.625, 3, 9.1875, 3.125 ], "texture": "#main" }, 
                "west":  { "uv": [ 8.5625, 3, 8.625, 3.125 ], "texture": "#main" }, 
                "up":    { "uv": [ 8, 3.125, 8.5625, 3.25 ], "texture": "#main" }, 
                "down":  { "uv": [ 8.625, 3.125, 9.1875, 3.25 ], "texture": "#main" }
            }
        }, 
        {
            "name": "Neck", 
            "from": [ -8, -1, 6 ], 
            "to":   [ 3, 4, 10 ], 
            "rotation": { "angle": -22.5, "axis": "z", "origin": [8, 8, 8] }, 
            "faces": {
                "north": { "uv": [ 10.0625, 0, 10.75, 0.3125 ], "texture": "#main" }, 
                "east":  { "uv": [ 11.6875, 0, 11.9375, 0.3125 ], "texture": "#main" }, 
                "south": { "uv": [ 11, 0, 11.6875, 0.3125 ], "texture": "#main" }, 
                "west":  { "uv": [ 10.75, 0, 11, 0.3125 ], "texture": "#main" }, 
                "up":    { "uv": [ 10.0625, 0.3125, 10.75, 0.625 ], "texture": "#main" }, 
                "down":  { "uv": [ 11, 0.3125, 11.6875, 0.625 ], "texture": "#main" }
            }
        }, 
        {
            "name": "Head", 
            "from": [ -11, 4, 5.5 ], 
            "to":   [ -8, 11, 10.5 ], 
            "faces": {
                "north": { "uv": [ 9.6875, 0.625, 9.875, 1.0625 ], "texture": "#main" }, 
                "east":  { "uv": [ 10.375, 0.625, 10.6875, 1.0625 ], "texture": "#main" }, 
                "south": { "uv": [ 10.1875, 0.625, 10.375, 1.0625 ], "texture": "#main" }, 
                "west":  { "uv": [ 9.875, 0.625, 10.1875, 1.0625 ], "texture": "#main" }, 
                "up":    { "uv": [ 9.6875, 1.0625, 9.875, 1.375 ], "texture": "#main" }, 
                "down":  { "uv": [ 10.1875, 1.0625, 10.375, 1.375 ], "texture": "#main" }
            }
        }, 
        {
            "name": "JawBottom", 
            "from": [ -16, 5, 6 ], 
            "to":   [ -11, 9, 10 ], 
            "faces": {
                "north": { "uv": [ 10.6875, 0.625, 11, 0.875 ], "texture": "#main" }, 
                "east":  { "uv": [ 11.5625, 0.625, 11.8125, 0.875 ], "texture": "#main" }, 
                "south": { "uv": [ 11.25, 0.625, 11.5625, 0.875 ], "texture": "#main" }, 
                "west":  { "uv": [ 11, 0.625, 11.25, 0.875 ], "texture": "#main" }, 
                "up":    { "uv": [ 10.6875, 0.875, 11, 1.125 ], "texture": "#main" }, 
                "down":  { "uv": [ 11.25, 0.875, 11.5625, 1.125 ], "texture": "#main" }
            }
        }, 
        {
            "name": "Snout", 
            "from": [ -13, 14, 6.1 ], 
            "to":   [ -5, 18, 9.9 ], 
            "rotation": { "angle": 22.5, "axis": "z", "origin": [8, 8, 8] }, 
            "faces": {
                "north": { "uv": [ 9.125, 1.9375, 9.625, 2.1875 ], "texture": "#main" }, 
                "east":  { "uv": [ 10.375, 1.9375, 10.625, 2.1875 ], "texture": "#main" }, 
                "south": { "uv": [ 9.875, 1.9375, 10.375, 2.1875 ], "texture": "#main" }, 
                "west":  { "uv": [ 9.625, 1.9375, 9.875, 2.1875 ], "texture": "#main" }, 
                "up":    { "uv": [ 9.125, 2.1875, 9.625, 2.4375 ], "texture": "#main" }, 
                "down":  { "uv": [ 9.875, 2.1875, 10.375, 2.4375 ], "texture": "#main" }
            }
        }, 
        {
            "name": "Sail2", 
            "from": [ -9, 4, 7.5 ], 
            "to":   [ 7, 6, 8.5 ], 
            "rotation": { "angle": -22.5, "axis": "z", "origin": [8, 8, 8] }, 
            "faces": {
                "north": { "uv": [ 8, 3.25, 9, 3.375 ], "texture": "#main" }, 
                "east":  { "uv": [ 8, 3.375, 9, 3.5 ], "texture": "#main" }, 
                "south": { "uv": [ 9, 3.25, 10, 3.375 ], "texture": "#main" }, 
                "west":  { "uv": [ 8, 3.375, 9, 3.5 ], "texture": "#main" }, 
                "up":    { "uv": [ 8, 3.375, 9, 3.5 ], "texture": "#main" }, 
                "down":  { "uv": [ 8, 3.375, 9, 3.5 ], "texture": "#main" }
            }
        }, 
        {
            "name": "Sail3", 
            "from": [ -12, -6, 6.5 ], 
            "to":   [ -1, 0, 9.5 ], 
            "rotation": { "angle": -45, "axis": "z", "origin": [8, 8, 8] }, 
            "faces": {
                "north": { "uv": [ 9.25, 2.4375, 9.9375, 2.8125 ], "texture": "#main" }, 
                "east":  { "uv": [ 10.8125, 2.4375, 11, 2.8125 ], "texture": "#main" }, 
                "south": { "uv": [ 10.125, 2.4375, 10.8125, 2.8125 ], "texture": "#main" }, 
                "west":  { "uv": [ 9.9375, 2.4375, 10.125, 2.8125 ], "texture": "#main" }, 
                "up":    { "uv": [ 9.25, 2.8125, 9.9375, 3.1875 ], "texture": "#main" }, 
                "down":  { "uv": [ 10.125, 2.8125, 10.8125, 3.1875 ], "texture": "#main" }
            }
        }, 
        {
            "name": "Leg1", 
            "from": [ 7, -3, 4 ], 
            "to":   [ 11, 3, 7 ], 
            "rotation": { "angle": -22.5, "axis": "z", "origin": [8, 8, 8] }, 
            "faces": {
                "north": { "uv": [ 9.3125, 1.375, 9.5625, 1.75 ], "texture": "#main" }, 
                "east":  { "uv": [ 10, 1.375, 10.1875, 1.75 ], "texture": "#main" }, 
                "south": { "uv": [ 9.75, 1.375, 10, 1.75 ], "texture": "#main" }, 
                "west":  { "uv": [ 9.5625, 1.375, 9.75, 1.75 ], "texture": "#main" }, 
                "up":    { "uv": [ 9.3125, 1.75, 9.5625, 1.9375 ], "texture": "#main" }, 
                "down":  { "uv": [ 9.75, 1.75, 10, 1.9375 ], "texture": "#main" }
            }
        }, 
        {
            "name": "Sail1", 
            "from": [ 0, 6, 7.5 ], 
            "to":   [ 16, 8, 8.5 ], 
            "faces": {
                "north": { "uv": [ 8, 3.25, 9, 3.375 ], "texture": "#main" }, 
                "east":  { "uv": [ 8, 3.375, 9, 3.5 ], "texture": "#main" }, 
                "south": { "uv": [ 9.0625, 3.25, 10, 3.375 ], "texture": "#main" }, 
                "west":  { "uv": [ 8, 3.375, 9, 3.5 ], "texture": "#main" }, 
                "up":    { "uv": [ 8, 3.375, 9, 3.5 ], "texture": "#main" }, 
                "down":  { "uv": [ 8, 3.375, 9, 3.5 ], "texture": "#main" }
            }
        }, 
        {
            "name": "Leg2", 
            "from": [ 7, -3, 9 ], 
            "to":   [ 11, 3, 12 ], 
            "rotation": { "angle": -45, "axis": "z", "origin": [8, 8, 8] }, 
            "faces": {
                "north": { "uv": [ 9.3125, 1.375, 9.5625, 1.75 ], "texture": "#main" }, 
                "east":  { "uv": [ 10, 1.375, 10.1875, 1.75 ], "texture": "#main" }, 
                "south": { "uv": [ 9.75, 1.375, 10, 1.75 ], "texture": "#main" }, 
                "west":  { "uv": [ 9.5625, 1.375, 9.75, 1.75 ], "texture": "#main" }, 
                "up":    { "uv": [ 9.3125, 1.75, 9.5625, 1.9375 ], "texture": "#main" }, 
                "down":  { "uv": [ 9.75, 1.75, 10, 1.9375 ], "texture": "#main" }
            }
        }, 
        {
            "name": "Leg3", 
            "from": [ -2, -3, 9.5 ], 
            "to":   [ 1, 3, 11.5 ], 
            "rotation": { "angle": 22.5, "axis": "z", "origin": [8, 8, 8] }, 
            "faces": {
                "north": { "uv": [ 10.375, 1.125, 10.5625, 1.5 ], "texture": "#main" }, 
                "east":  { "uv": [ 10.875, 1.125, 11, 1.5 ], "texture": "#main" }, 
                "south": { "uv": [ 10.6875, 1.125, 10.875, 1.5 ], "texture": "#main" }, 
                "west":  { "uv": [ 10.5625, 1.125, 10.6875, 1.5 ], "texture": "#main" }, 
                "up":    { "uv": [ 10.375, 1.5, 10.5625, 1.625 ], "texture": "#main" }, 
                "down":  { "uv": [ 10.6875, 1.5, 10.875, 1.625 ], "texture": "#main" }
            }
        }, 
        {
            "name": "Leg4", 
            "from": [ -2, -3, 4.5 ], 
            "to":   [ 1, 3, 6.5 ], 
            "rotation": { "angle": 45, "axis": "z", "origin": [8, 8, 8] }, 
            "faces": {
                "north": { "uv": [ 10.375, 1.125, 10.5625, 1.5 ], "texture": "#main" }, 
                "east":  { "uv": [ 10.875, 1.125, 11, 1.5 ], "texture": "#main" }, 
                "south": { "uv": [ 10.6875, 1.125, 10.875, 1.5 ], "texture": "#main" }, 
                "west":  { "uv": [ 10.5625, 1.125, 10.6875, 1.5 ], "texture": "#main" }, 
                "up":    { "uv": [ 10.375, 1.5, 10.5625, 1.625 ], "texture": "#main" }, 
                "down":  { "uv": [ 10.6875, 1.5, 10.875, 1.625 ], "texture": "#main" }
            }
        }, 
        {
            "name": "Leg5", 
            "from": [ 13, -9, 4.5 ], 
            "to":   [ 16, -3, 6.5 ], 
            "rotation": { "angle": -22.5, "axis": "z", "origin": [8, 8, 8] }, 
            "faces": {
                "north": { "uv": [ 10.375, 1.125, 10.5625, 1.5 ], "texture": "#main" }, 
                "east":  { "uv": [ 10.875, 1.125, 11, 1.5 ], "texture": "#main" }, 
                "south": { "uv": [ 10.6875, 1.125, 10.875, 1.5 ], "texture": "#main" }, 
                "west":  { "uv": [ 10.5625, 1.125, 10.6875, 1.5 ], "texture": "#main" }, 
                "up":    { "uv": [ 10.375, 1.5, 10.5625, 1.625 ], "texture": "#main" }, 
                "down":  { "uv": [ 10.6875, 1.5, 10.875, 1.625 ], "texture": "#main" }
            }
        }, 
        {
            "name": "Leg6", 
            "from": [ -9, 0, 9.5 ], 
            "to":   [ -3, 3, 11.5 ], 
            "rotation": { "angle": 45, "axis": "z", "origin": [8, 8, 8] }, 
            "faces": {
                "north": { "uv": [ 10.375, 1.125, 10.5625, 1.5 ], "rotation":270, "texture": "#main" }, 
                "east":  { "uv": [ 10.375, 1.5, 10.5625, 1.625 ], "rotation":270, "texture": "#main" }, 
                "south": { "uv": [ 10.6875, 1.125, 10.875, 1.5 ], "rotation":90, "texture": "#main" }, 
                "west":  { "uv": [ 10.6875, 1.5, 10.875, 1.625 ], "rotation":270, "texture": "#main" }, 
                "up":    { "uv": [ 10.5625, 1.125, 10.6875, 1.5 ], "rotation":90, "texture": "#main" }, 
                "down":  { "uv": [ 10.875, 1.125, 11, 1.5 ], "rotation":270, "texture": "#main" }
            }
        }, 
        {
            "name": "Cube", 
            "from": [ 4, -10, 4 ], 
            "to":   [ 9, -8, 7 ], 
            "faces": {
                "north": { "uv": [ 10.1875, 1.625, 10.5, 1.75 ], "texture": "#main" }, 
                "east":  { "uv": [ 11, 1.625, 11.1875, 1.75 ], "texture": "#main" }, 
                "south": { "uv": [ 10.6875, 1.625, 11, 1.75 ], "texture": "#main" }, 
                "west":  { "uv": [ 10.5, 1.625, 10.6875, 1.75 ], "texture": "#main" }, 
                "up":    { "uv": [ 10.1875, 1.75, 10.5, 1.9375 ], "texture": "#main" }, 
                "down":  { "uv": [ 10.6875, 1.75, 11, 1.9375 ], "texture": "#main" }
            }
        }, 
        {
            "name": "Cube", 
            "from": [ 4, -10, 9 ], 
            "to":   [ 9, -8, 12 ], 
            "rotation": { "angle": -22.5, "axis": "z", "origin": [8, 8, 8] }, 
            "faces": {
                "north": { "uv": [ 10.1875, 1.625, 10.5, 1.75 ], "texture": "#main" }, 
                "east":  { "uv": [ 11, 1.625, 11.1875, 1.75 ], "texture": "#main" }, 
                "south": { "uv": [ 10.6875, 1.625, 11, 1.75 ], "texture": "#main" }, 
                "west":  { "uv": [ 10.5, 1.625, 10.6875, 1.75 ], "texture": "#main" }, 
                "up":    { "uv": [ 10.1875, 1.75, 10.5, 1.9375 ], "texture": "#main" }, 
                "down":  { "uv": [ 10.6875, 1.75, 11, 1.9375 ], "texture": "#main" }
            }
        }, 
        {
            "name": "Cube", 
            "from": [ -6, -1, 3.5 ], 
            "to":   [ -3.5, 7, 6 ], 
            "rotation": { "angle": 22.5, "axis": "z", "origin": [8, 8, 8] }, 
            "faces": {
                "north": { "uv": [ 11.1875, 1.125, 11.375, 1.625 ], "texture": "#main" }, 
                "east":  { "uv": [ 11.75, 1.125, 11.9375, 1.625 ], "texture": "#main" }, 
                "south": { "uv": [ 11.5625, 1.125, 11.75, 1.625 ], "texture": "#main" }, 
                "west":  { "uv": [ 11.375, 1.125, 11.5625, 1.625 ], "texture": "#main" }, 
                "up":    { "uv": [ 11.1875, 1.625, 11.375, 1.8125 ], "texture": "#main" }, 
                "down":  { "uv": [ 11.5625, 1.625, 11.75, 1.8125 ], "texture": "#main" }
            }
        }, 
        {
            "name": "Cube", 
            "from": [ -6, -1, 10 ], 
            "to":   [ -3.5, 7, 12.5 ], 
            "rotation": { "angle": 22.5, "axis": "z", "origin": [8, 8, 8] }, 
            "faces": {
                "north": { "uv": [ 11.1875, 1.125, 11.375, 1.625 ], "texture": "#main" }, 
                "east":  { "uv": [ 11.75, 1.125, 11.9375, 1.625 ], "texture": "#main" }, 
                "south": { "uv": [ 11.5625, 1.125, 11.75, 1.625 ], "texture": "#main" }, 
                "west":  { "uv": [ 11.375, 1.125, 11.5625, 1.625 ], "texture": "#main" }, 
                "up":    { "uv": [ 11.1875, 1.625, 11.375, 1.8125 ], "texture": "#main" }, 
                "down":  { "uv": [ 11.5625, 1.625, 11.75, 1.8125 ], "texture": "#main" }
            }
        }, 
        {
            "name": "Cube", 
            "from": [ -13, 4, 4 ], 
            "to":   [ -6, 5.5, 5.5 ], 
            "rotation": { "angle": 45, "axis": "z", "origin": [8, 8, 8] }, 
            "faces": {
                "north": { "uv": [ 11.9375, 1.125, 12.03125, 1.5625 ], "rotation":270, "texture": "#main" }, 
                "east":  { "uv": [ 11.9375, 1.5625, 12.03125, 1.6875 ], "rotation":90, "texture": "#main" }, 
                "south": { "uv": [ 12.1875, 1.125, 12.28125, 1.5625 ], "rotation":90, "texture": "#main" }, 
                "west":  { "uv": [ 12.1875, 1.5625, 12.28125, 1.6875 ], "rotation":90, "texture": "#main" }, 
                "up":    { "uv": [ 12.0625, 1.125, 12.15625, 1.5625 ], "rotation":270, "texture": "#main" }, 
                "down":  { "uv": [ 12.3125, 1.125, 12.40625, 1.5625 ], "rotation":90, "texture": "#main" }
            }
        }, 
        {
            "name": "Cube", 
            "from": [ 10.5, -13, 10.5 ], 
            "to":   [ 12, -6, 12 ], 
            "rotation": { "angle": -45, "axis": "z", "origin": [8, 8, 8] }, 
            "faces": {
                "north": { "uv": [ 11.9375, 1.125, 12.03125, 1.5625 ], "texture": "#main" }, 
                "east":  { "uv": [ 12.3125, 1.125, 12.40625, 1.5625 ], "rotation":180, "texture": "#main" }, 
                "south": { "uv": [ 12.1875, 1.125, 12.28125, 1.5625 ], "texture": "#main" }, 
                "west":  { "uv": [ 12.0625, 1.125, 12.15625, 1.5625 ], "rotation":180, "texture": "#main" }, 
                "up":    { "uv": [ 11.9375, 1.5625, 12.03125, 1.6875 ], "rotation":180, "texture": "#main" }, 
                "down":  { "uv": [ 12.1875, 1.5625, 12.28125, 1.6875 ], "rotation":180, "texture": "#main" }
            }
        }, 
        {
            "name": "Body", 
            "from": [ -6, 0, 5 ], 
            "to":   [ 5, 6, 11 ], 
            "faces": {
                "north": { "uv": [ 0, 8, 0.625, 8.375 ], "texture": "#main" }, 
                "east":  { "uv": [ 1.6875, 8, 2.0625, 8.375 ], "texture": "#main" }, 
                "south": { "uv": [ 1, 8, 1.6875, 8.375 ], "texture": "#main" }, 
                "west":  { "uv": [ 0.625, 8, 1, 8.375 ], "texture": "#main" }, 
                "up":    { "uv": [ 0, 8.375, 0.625, 8.75 ], "texture": "#main" }, 
                "down":  { "uv": [ 1, 8.375, 1.6875, 8.75 ], "texture": "#main" }
            }
        }, 
        {
            "name": "Tail1", 
            "from": [ 1, 0.5, 5.5 ], 
            "to":   [ 9, 6.5, 10.5 ], 
            "faces": {
                "north": { "uv": [ 0, 8.75, 0.5, 9.125 ], "texture": "#main" }, 
                "east":  { "uv": [ 1.3125, 8.75, 1.625, 9.125 ], "texture": "#main" }, 
                "south": { "uv": [ 0.8125, 8.75, 1.3125, 9.125 ], "texture": "#main" }, 
                "west":  { "uv": [ 0.5, 8.75, 0.8125, 9.125 ], "texture": "#main" }, 
                "up":    { "uv": [ 0, 9.125, 0.5, 9.5 ], "texture": "#main" }, 
                "down":  { "uv": [ 0.8125, 9.125, 1.3125, 9.5 ], "texture": "#main" }
            }
        }, 
        {
            "name": "Tail2", 
            "from": [ 9, 1.5, 6 ], 
            "to":   [ 14, 6.5, 10 ], 
            "faces": {
                "north": { "uv": [ 0, 9.5, 0.3125, 9.8125 ], "texture": "#main" }, 
                "east":  { "uv": [ 0.875, 9.5, 1.125, 9.8125 ], "texture": "#main" }, 
                "south": { "uv": [ 0.5625, 9.5, 0.875, 9.8125 ], "texture": "#main" }, 
                "west":  { "uv": [ 0.3125, 9.5, 0.5625, 9.8125 ], "texture": "#main" }, 
                "up":    { "uv": [ 0, 9.8125, 0.3125, 10.125 ], "texture": "#main" }, 
                "down":  { "uv": [ 0.5625, 9.8125, 0.875, 10.125 ], "texture": "#main" }
            }
        }, 
        {
            "name": "Tail3", 
            "from": [ 14, 2.5, 6.5 ], 
            "to":   [ 19, 6.5, 9.5 ], 
            "faces": {
                "north": { "uv": [ 0, 10.125, 0.375, 10.375 ], "texture": "#main" }, 
                "east":  { "uv": [ 0.9375, 10.125, 1.125, 10.375 ], "texture": "#main" }, 
                "south": { "uv": [ 0.5625, 10.125, 0.9375, 10.375 ], "texture": "#main" }, 
                "west":  { "uv": [ 0.375, 10.125, 0.5625, 10.375 ], "texture": "#main" }, 
                "up":    { "uv": [ 0, 10.375, 0.375, 10.625 ], "texture": "#main" }, 
                "down":  { "uv": [ 0.5625, 10.375, 0.9375, 10.625 ], "texture": "#main" }
            }
        }, 
        {
            "name": "Tail4", 
            "from": [ 19, 3.5, 7 ], 
            "to":   [ 23, 6.5, 9 ], 
            "faces": {
                "north": { "uv": [ 0, 10.625, 0.5, 10.8125 ], "texture": "#main" }, 
                "east":  { "uv": [ 1.125, 10.625, 1.25, 10.8125 ], "texture": "#main" }, 
                "south": { "uv": [ 0.625, 10.625, 1.125, 10.8125 ], "texture": "#main" }, 
                "west":  { "uv": [ 0.5, 10.625, 0.625, 10.8125 ], "texture": "#main" }, 
                "up":    { "uv": [ 0, 10.8125, 0.5, 11 ], "texture": "#main" }, 
                "down":  { "uv": [ 0.625, 10.8125, 1.125, 11 ], "texture": "#main" }
            }
        }, 
        {
            "name": "Tail5", 
            "from": [ 23, 4.5, 7.5 ], 
            "to":   [ 27, 6.5, 8.5 ], 
            "faces": {
                "north": { "uv": [ 0, 11, 0.5625, 11.125 ], "texture": "#main" }, 
                "east":  { "uv": [ 1.1875, 11, 1.25, 11.125 ], "texture": "#main" }, 
                "south": { "uv": [ 0.625, 11, 1.1875, 11.125 ], "texture": "#main" }, 
                "west":  { "uv": [ 0.5625, 11, 0.625, 11.125 ], "texture": "#main" }, 
                "up":    { "uv": [ 0, 11.125, 0.5625, 11.25 ], "texture": "#main" }, 
                "down":  { "uv": [ 0.625, 11.125, 1.1875, 11.25 ], "texture": "#main" }
            }
        }, 
        {
            "name": "Neck", 
            "from": [ -8, -1, 6 ], 
            "to":   [ 3, 4, 10 ], 
            "rotation": { "angle": -22.5, "axis": "z", "origin": [8, 8, 8] }, 
            "faces": {
                "north": { "uv": [ 2.0625, 8, 2.75, 8.3125 ], "texture": "#main" }, 
                "east":  { "uv": [ 3.6875, 8, 3.9375, 8.3125 ], "texture": "#main" }, 
                "south": { "uv": [ 3, 8, 3.6875, 8.3125 ], "texture": "#main" }, 
                "west":  { "uv": [ 2.75, 8, 3, 8.3125 ], "texture": "#main" }, 
                "up":    { "uv": [ 2.0625, 8.3125, 2.75, 8.625 ], "texture": "#main" }, 
                "down":  { "uv": [ 3, 8.3125, 3.6875, 8.625 ], "texture": "#main" }
            }
        }, 
        {
            "name": "Head", 
            "from": [ -11, 4, 5.5 ], 
            "to":   [ -8, 11, 10.5 ], 
            "faces": {
                "north": { "uv": [ 1.6875, 8.625, 1.875, 9.0625 ], "texture": "#main" }, 
                "east":  { "uv": [ 2.375, 8.625, 2.6875, 9.0625 ], "texture": "#main" }, 
                "south": { "uv": [ 2.1875, 8.625, 2.375, 9.0625 ], "texture": "#main" }, 
                "west":  { "uv": [ 1.875, 8.625, 2.1875, 9.0625 ], "texture": "#main" }, 
                "up":    { "uv": [ 1.6875, 9.0625, 1.875, 9.375 ], "texture": "#main" }, 
                "down":  { "uv": [ 2.1875, 9.0625, 2.375, 9.375 ], "texture": "#main" }
            }
        }, 
        {
            "name": "JawBottom", 
            "from": [ -16, 5, 6 ], 
            "to":   [ -11, 9, 10 ], 
            "faces": {
                "north": { "uv": [ 2.6875, 8.625, 3, 8.875 ], "texture": "#main" }, 
                "east":  { "uv": [ 3.5625, 8.625, 3.8125, 8.875 ], "texture": "#main" }, 
                "south": { "uv": [ 3.25, 8.625, 3.5625, 8.875 ], "texture": "#main" }, 
                "west":  { "uv": [ 3, 8.625, 3.25, 8.875 ], "texture": "#main" }, 
                "up":    { "uv": [ 2.6875, 8.875, 3, 9.125 ], "texture": "#main" }, 
                "down":  { "uv": [ 3.25, 8.875, 3.5625, 9.125 ], "texture": "#main" }
            }
        }, 
        {
            "name": "Snout", 
            "from": [ -13, 14, 6.1 ], 
            "to":   [ -5, 18, 9.9 ], 
            "rotation": { "angle": 22.5, "axis": "z", "origin": [8, 8, 8] }, 
            "faces": {
                "north": { "uv": [ 1.125, 9.9375, 1.625, 10.1875 ], "texture": "#main" }, 
                "east":  { "uv": [ 2.375, 9.9375, 2.625, 10.1875 ], "texture": "#main" }, 
                "south": { "uv": [ 1.875, 9.9375, 2.375, 10.1875 ], "texture": "#main" }, 
                "west":  { "uv": [ 1.625, 9.9375, 1.875, 10.1875 ], "texture": "#main" }, 
                "up":    { "uv": [ 1.125, 10.1875, 1.625, 10.4375 ], "texture": "#main" }, 
                "down":  { "uv": [ 1.875, 10.1875, 2.375, 10.4375 ], "texture": "#main" }
            }
        }, 
        {
            "name": "Sail2", 
            "from": [ -9, 4, 7.5 ], 
            "to":   [ 7, 6, 8.5 ], 
            "rotation": { "angle": -22.5, "axis": "z", "origin": [8, 8, 8] }, 
            "faces": {
                "north": { "uv": [ 0, 11.25, 1, 11.375 ], "texture": "#main" }, 
                "east":  { "uv": [ 0, 11.375, 1, 11.5 ], "texture": "#main" }, 
                "south": { "uv": [ 1, 11.25, 2, 11.375 ], "texture": "#main" }, 
                "west":  { "uv": [ 0, 11.375, 1, 11.5 ], "texture": "#main" }, 
                "up":    { "uv": [ 0, 11.375, 1, 11.5 ], "texture": "#main" }, 
                "down":  { "uv": [ 0, 11.375, 1, 11.5 ], "texture": "#main" }
            }
        }, 
        {
            "name": "Sail3", 
            "from": [ -12, -6, 6.5 ], 
            "to":   [ -1, 0, 9.5 ], 
            "rotation": { "angle": -45, "axis": "z", "origin": [8, 8, 8] }, 
            "faces": {
                "north": { "uv": [ 1.25, 10.4375, 1.9375, 10.8125 ], "texture": "#main" }, 
                "east":  { "uv": [ 2.8125, 10.4375, 3, 10.8125 ], "texture": "#main" }, 
                "south": { "uv": [ 2.125, 10.4375, 2.8125, 10.8125 ], "texture": "#main" }, 
                "west":  { "uv": [ 1.9375, 10.4375, 2.125, 10.8125 ], "texture": "#main" }, 
                "up":    { "uv": [ 1.25, 10.8125, 1.9375, 11.1875 ], "texture": "#main" }, 
                "down":  { "uv": [ 2.125, 10.8125, 2.8125, 11.1875 ], "texture": "#main" }
            }
        }, 
        {
            "name": "Leg1", 
            "from": [ 7, -3, 4 ], 
            "to":   [ 11, 3, 7 ], 
            "rotation": { "angle": -45, "axis": "z", "origin": [8, 8, 8] }, 
            "faces": {
                "north": { "uv": [ 1.3125, 9.375, 1.5625, 9.75 ], "texture": "#main" }, 
                "east":  { "uv": [ 2, 9.375, 2.1875, 9.75 ], "texture": "#main" }, 
                "south": { "uv": [ 1.75, 9.375, 2, 9.75 ], "texture": "#main" }, 
                "west":  { "uv": [ 1.5625, 9.375, 1.75, 9.75 ], "texture": "#main" }, 
                "up":    { "uv": [ 1.3125, 9.75, 1.5625, 9.9375 ], "texture": "#main" }, 
                "down":  { "uv": [ 1.75, 9.75, 2, 9.9375 ], "texture": "#main" }
            }
        }, 
        {
            "name": "Sail1", 
            "from": [ 0, 6, 7.5 ], 
            "to":   [ 16, 8, 8.5 ], 
            "faces": {
                "north": { "uv": [ 0, 11.25, 1, 11.375 ], "texture": "#main" }, 
                "east":  { "uv": [ 0, 11.375, 1, 11.5 ], "texture": "#main" }, 
                "south": { "uv": [ 1.0625, 11.25, 2, 11.375 ], "texture": "#main" }, 
                "west":  { "uv": [ 0, 11.375, 1, 11.5 ], "texture": "#main" }, 
                "up":    { "uv": [ 0, 11.375, 1, 11.5 ], "texture": "#main" }, 
                "down":  { "uv": [ 0, 11.375, 1, 11.5 ], "texture": "#main" }
            }
        }, 
        {
            "name": "Leg2", 
            "from": [ 7, -3, 9 ], 
            "to":   [ 11, 3, 12 ], 
            "rotation": { "angle": -22.5, "axis": "z", "origin": [8, 8, 8] }, 
            "faces": {
                "north": { "uv": [ 1.3125, 9.375, 1.5625, 9.75 ], "texture": "#main" }, 
                "east":  { "uv": [ 2, 9.375, 2.1875, 9.75 ], "texture": "#main" }, 
                "south": { "uv": [ 1.75, 9.375, 2, 9.75 ], "texture": "#main" }, 
                "west":  { "uv": [ 1.5625, 9.375, 1.75, 9.75 ], "texture": "#main" }, 
                "up":    { "uv": [ 1.3125, 9.75, 1.5625, 9.9375 ], "texture": "#main" }, 
                "down":  { "uv": [ 1.75, 9.75, 2, 9.9375 ], "texture": "#main" }
            }
        }, 
        {
            "name": "Leg3", 
            "from": [ -2, -3, 9.5 ], 
            "to":   [ 1, 3, 11.5 ], 
            "rotation": { "angle": 45, "axis": "z", "origin": [8, 8, 8] }, 
            "faces": {
                "north": { "uv": [ 2.375, 9.125, 2.5625, 9.5 ], "texture": "#main" }, 
                "east":  { "uv": [ 2.875, 9.125, 3, 9.5 ], "texture": "#main" }, 
                "south": { "uv": [ 2.6875, 9.125, 2.875, 9.5 ], "texture": "#main" }, 
                "west":  { "uv": [ 2.5625, 9.125, 2.6875, 9.5 ], "texture": "#main" }, 
                "up":    { "uv": [ 2.375, 9.5, 2.5625, 9.625 ], "texture": "#main" }, 
                "down":  { "uv": [ 2.6875, 9.5, 2.875, 9.625 ], "texture": "#main" }
            }
        }, 
        {
            "name": "Leg4", 
            "from": [ -2, -3, 4.5 ], 
            "to":   [ 1, 3, 6.5 ], 
            "rotation": { "angle": 22.5, "axis": "z", "origin": [8, 8, 8] }, 
            "faces": {
                "north": { "uv": [ 2.375, 9.125, 2.5625, 9.5 ], "texture": "#main" }, 
                "east":  { "uv": [ 2.875, 9.125, 3, 9.5 ], "texture": "#main" }, 
                "south": { "uv": [ 2.6875, 9.125, 2.875, 9.5 ], "texture": "#main" }, 
                "west":  { "uv": [ 2.5625, 9.125, 2.6875, 9.5 ], "texture": "#main" }, 
                "up":    { "uv": [ 2.375, 9.5, 2.5625, 9.625 ], "texture": "#main" }, 
                "down":  { "uv": [ 2.6875, 9.5, 2.875, 9.625 ], "texture": "#main" }
            }
        }, 
        {
            "name": "Leg5", 
            "from": [ 13, -9, 4.5 ], 
            "to":   [ 16, -3, 6.5 ], 
            "rotation": { "angle": -45, "axis": "z", "origin": [8, 8, 8] }, 
            "faces": {
                "north": { "uv": [ 2.375, 9.125, 2.5625, 9.5 ], "texture": "#main" }, 
                "east":  { "uv": [ 2.875, 9.125, 3, 9.5 ], "texture": "#main" }, 
                "south": { "uv": [ 2.6875, 9.125, 2.875, 9.5 ], "texture": "#main" }, 
                "west":  { "uv": [ 2.5625, 9.125, 2.6875, 9.5 ], "texture": "#main" }, 
                "up":    { "uv": [ 2.375, 9.5, 2.5625, 9.625 ], "texture": "#main" }, 
                "down":  { "uv": [ 2.6875, 9.5, 2.875, 9.625 ], "texture": "#main" }
            }
        }, 
        {
            "name": "Leg6", 
            "from": [ 13, -9, 9.5 ], 
            "to":   [ 16, -3, 11.5 ], 
            "rotation": { "angle": -22.5, "axis": "z", "origin": [8, 8, 8] }, 
            "faces": {
                "north": { "uv": [ 2.375, 9.125, 2.5625, 9.5 ], "texture": "#main" }, 
                "east":  { "uv": [ 2.875, 9.125, 3, 9.5 ], "texture": "#main" }, 
                "south": { "uv": [ 2.6875, 9.125, 2.875, 9.5 ], "texture": "#main" }, 
                "west":  { "uv": [ 2.5625, 9.125, 2.6875, 9.5 ], "texture": "#main" }, 
                "up":    { "uv": [ 2.375, 9.5, 2.5625, 9.625 ], "texture": "#main" }, 
                "down":  { "uv": [ 2.6875, 9.5, 2.875, 9.625 ], "texture": "#main" }
            }
        }, 
        {
            "name": "Cube", 
            "from": [ 4, -10, 4 ], 
            "to":   [ 9, -8, 7 ], 
            "rotation": { "angle": -22.5, "axis": "z", "origin": [8, 8, 8] }, 
            "faces": {
                "north": { "uv": [ 2.1875, 9.625, 2.5, 9.75 ], "texture": "#main" }, 
                "east":  { "uv": [ 3, 9.625, 3.1875, 9.75 ], "texture": "#main" }, 
                "south": { "uv": [ 2.6875, 9.625, 3, 9.75 ], "texture": "#main" }, 
                "west":  { "uv": [ 2.5, 9.625, 2.6875, 9.75 ], "texture": "#main" }, 
                "up":    { "uv": [ 2.1875, 9.75, 2.5, 9.9375 ], "texture": "#main" }, 
                "down":  { "uv": [ 2.6875, 9.75, 3, 9.9375 ], "texture": "#main" }
            }
        }, 
        {
            "name": "Cube", 
            "from": [ 4, -10, 9 ], 
            "to":   [ 9, -8, 12 ], 
            "faces": {
                "north": { "uv": [ 2.1875, 9.625, 2.5, 9.75 ], "texture": "#main" }, 
                "east":  { "uv": [ 3, 9.625, 3.1875, 9.75 ], "texture": "#main" }, 
                "south": { "uv": [ 2.6875, 9.625, 3, 9.75 ], "texture": "#main" }, 
                "west":  { "uv": [ 2.5, 9.625, 2.6875, 9.75 ], "texture": "#main" }, 
                "up":    { "uv": [ 2.1875, 9.75, 2.5, 9.9375 ], "texture": "#main" }, 
                "down":  { "uv": [ 2.6875, 9.75, 3, 9.9375 ], "texture": "#main" }
            }
        }, 
        {
            "name": "Cube", 
            "from": [ -6, -1, 3.5 ], 
            "to":   [ -3.5, 7, 6 ], 
            "rotation": { "angle": 22.5, "axis": "z", "origin": [8, 8, 8] }, 
            "faces": {
                "north": { "uv": [ 3.1875, 9.125, 3.375, 9.625 ], "texture": "#main" }, 
                "east":  { "uv": [ 3.75, 9.125, 3.9375, 9.625 ], "texture": "#main" }, 
                "south": { "uv": [ 3.5625, 9.125, 3.75, 9.625 ], "texture": "#main" }, 
                "west":  { "uv": [ 3.375, 9.125, 3.5625, 9.625 ], "texture": "#main" }, 
                "up":    { "uv": [ 3.1875, 9.625, 3.375, 9.8125 ], "texture": "#main" }, 
                "down":  { "uv": [ 3.5625, 9.625, 3.75, 9.8125 ], "texture": "#main" }
            }
        }, 
        {
            "name": "Cube", 
            "from": [ -6, -1, 10 ], 
            "to":   [ -3.5, 7, 12.5 ], 
            "rotation": { "angle": 22.5, "axis": "z", "origin": [8, 8, 8] }, 
            "faces": {
                "north": { "uv": [ 3.1875, 9.125, 3.375, 9.625 ], "texture": "#main" }, 
                "east":  { "uv": [ 3.75, 9.125, 3.9375, 9.625 ], "texture": "#main" }, 
                "south": { "uv": [ 3.5625, 9.125, 3.75, 9.625 ], "texture": "#main" }, 
                "west":  { "uv": [ 3.375, 9.125, 3.5625, 9.625 ], "texture": "#main" }, 
                "up":    { "uv": [ 3.1875, 9.625, 3.375, 9.8125 ], "texture": "#main" }, 
                "down":  { "uv": [ 3.5625, 9.625, 3.75, 9.8125 ], "texture": "#main" }
            }
        }, 
        {
            "name": "Cube", 
            "from": [ -13, 4, 4 ], 
            "to":   [ -6, 5.5, 5.5 ], 
            "rotation": { "angle": 45, "axis": "z", "origin": [8, 8, 8] }, 
            "faces": {
                "north": { "uv": [ 3.9375, 9.125, 4.03125, 9.5625 ], "rotation":270, "texture": "#main" }, 
                "east":  { "uv": [ 3.9375, 9.5625, 4.03125, 9.6875 ], "rotation":90, "texture": "#main" }, 
                "south": { "uv": [ 4.1875, 9.125, 4.28125, 9.5625 ], "rotation":90, "texture": "#main" }, 
                "west":  { "uv": [ 4.1875, 9.5625, 4.28125, 9.6875 ], "rotation":90, "texture": "#main" }, 
                "up":    { "uv": [ 4.0625, 9.125, 4.15625, 9.5625 ], "rotation":270, "texture": "#main" }, 
                "down":  { "uv": [ 4.3125, 9.125, 4.40625, 9.5625 ], "rotation":90, "texture": "#main" }
            }
        }, 
        {
            "name": "Cube", 
            "from": [ 10.5, -13, 10.5 ], 
            "to":   [ 12, -6, 12 ], 
            "rotation": { "angle": -45, "axis": "z", "origin": [8, 8, 8] }, 
            "faces": {
                "north": { "uv": [ 3.9375, 9.125, 4.03125, 9.5625 ], "texture": "#main" }, 
                "east":  { "uv": [ 4.3125, 9.125, 4.40625, 9.5625 ], "rotation":180, "texture": "#main" }, 
                "south": { "uv": [ 4.1875, 9.125, 4.28125, 9.5625 ], "texture": "#main" }, 
                "west":  { "uv": [ 4.0625, 9.125, 4.15625, 9.5625 ], "rotation":180, "texture": "#main" }, 
                "up":    { "uv": [ 3.9375, 9.5625, 4.03125, 9.6875 ], "rotation":180, "texture": "#main" }, 
                "down":  { "uv": [ 4.1875, 9.5625, 4.28125, 9.6875 ], "rotation":180, "texture": "#main" }
            }
        }
    ], 
    "display": {
        "ground": {
            "rotation": [ 0, 0, 0 ], 
            "translation": [ 0, 0, 0 ], 
            "scale": [ 0.5, 0.5, 0.5 ]
        }, 
        "head": {
            "rotation": [ 0, -90, 0 ], 
            "scale": [ 3.5, 3.5, 3.5 ], 
            "translation": [ 0, 18, 0 ]
        }, 
        "thirdperson_righthand": {
            "rotation": [ 0, 0, 0 ], 
            "translation": [ 0, 3, 1 ], 
            "scale": [ 0.55, 0.55, 0.55 ]
        }, 
        "firstperson_righthand": {
            "rotation": [ 0, -90, 25 ], 
            "translation": [ 1.13, 3.2, 1.13 ], 
            "scale": [ 0, 0, 0 ]
        }
    }, 
    "__comment": "Model animated using Fizzy's model animator - http://fizzy81.github.io/animated-models/"
}