{
	"credit": "Made with Blockbench",
	"textures": {
		"0": "block/acroythosaurus_texture"
	},
	"elements": [
		{
			"name": "Body",
			"from": [-6, 0, 5],
			"to": [5, 6, 11],
			"faces": {
				"north": {"uv": [0, 0, 2, 1.2], "texture": "#0"},
				"east": {"uv": [5.4, 0, 6.6, 1.2], "texture": "#0"},
				"south": {"uv": [3.2, 0, 5.4, 1.2], "texture": "#0"},
				"west": {"uv": [2, 0, 3.2, 1.2], "texture": "#0"},
				"up": {"uv": [0, 1.2, 2, 2.4], "texture": "#0"},
				"down": {"uv": [3.2, 1.2, 5.4, 2.4], "texture": "#0"}
			}
		},
		{
			"name": "Tail1",
			"from": [1, 0.5, 5.5],
			"to": [9, 6.5, 10.5],
			"faces": {
				"north": {"uv": [0, 2.4, 1.6, 3.6], "texture": "#0"},
				"east": {"uv": [4.2, 2.4, 5.2, 3.6], "texture": "#0"},
				"south": {"uv": [2.6, 2.4, 4.2, 3.6], "texture": "#0"},
				"west": {"uv": [1.6, 2.4, 2.6, 3.6], "texture": "#0"},
				"up": {"uv": [0, 3.6, 1.6, 4.8], "texture": "#0"},
				"down": {"uv": [2.6, 3.6, 4.2, 4.8], "texture": "#0"}
			}
		},
		{
			"name": "Tail2",
			"from": [9, 1.5, 6],
			"to": [14, 6.5, 10],
			"faces": {
				"north": {"uv": [0, 4.8, 1, 5.8], "texture": "#0"},
				"east": {"uv": [2.8, 4.8, 3.6, 5.8], "texture": "#0"},
				"south": {"uv": [1.8, 4.8, 2.8, 5.8], "texture": "#0"},
				"west": {"uv": [1, 4.8, 1.8, 5.8], "texture": "#0"},
				"up": {"uv": [0, 5.8, 1, 6.8], "texture": "#0"},
				"down": {"uv": [1.8, 5.8, 2.8, 6.8], "texture": "#0"}
			}
		},
		{
			"name": "Tail3",
			"from": [14, 2.5, 6.5],
			"to": [19, 6.5, 9.5],
			"faces": {
				"north": {"uv": [0, 6.8, 1.2, 7.6], "texture": "#0"},
				"east": {"uv": [3, 6.8, 3.6, 7.6], "texture": "#0"},
				"south": {"uv": [1.8, 6.8, 3, 7.6], "texture": "#0"},
				"west": {"uv": [1.2, 6.8, 1.8, 7.6], "texture": "#0"},
				"up": {"uv": [0, 7.6, 1.2, 8.4], "texture": "#0"},
				"down": {"uv": [1.8, 7.6, 3, 8.4], "texture": "#0"}
			}
		},
		{
			"name": "Tail4",
			"from": [19, 3.5, 7],
			"to": [23, 6.5, 9],
			"faces": {
				"north": {"uv": [0, 8.4, 1.6, 9], "texture": "#0"},
				"east": {"uv": [3.6, 8.4, 4, 9], "texture": "#0"},
				"south": {"uv": [2, 8.4, 3.6, 9], "texture": "#0"},
				"west": {"uv": [1.6, 8.4, 2, 9], "texture": "#0"},
				"up": {"uv": [0, 9, 1.6, 9.6], "texture": "#0"},
				"down": {"uv": [2, 9, 3.6, 9.6], "texture": "#0"}
			}
		},
		{
			"name": "Tail5",
			"from": [23, 4.5, 7.5],
			"to": [27, 6.5, 8.5],
			"faces": {
				"north": {"uv": [0, 9.6, 1.8, 10], "texture": "#0"},
				"east": {"uv": [3.8, 9.6, 4, 10], "texture": "#0"},
				"south": {"uv": [2, 9.6, 3.8, 10], "texture": "#0"},
				"west": {"uv": [1.8, 9.6, 2, 10], "texture": "#0"},
				"up": {"uv": [0, 10, 1.8, 10.4], "texture": "#0"},
				"down": {"uv": [2, 10, 3.8, 10.4], "texture": "#0"}
			}
		},
		{
			"name": "Neck",
			"from": [-8, -1, 6],
			"to": [3, 4, 10],
			"rotation": {"angle": -22.5, "axis": "z", "origin": [8, 8, 8]},
			"faces": {
				"north": {"uv": [6.6, 0, 8.8, 1], "texture": "#0"},
				"east": {"uv": [11.8, 0, 12.6, 1], "texture": "#0"},
				"south": {"uv": [9.6, 0, 11.8, 1], "texture": "#0"},
				"west": {"uv": [8.8, 0, 9.6, 1], "texture": "#0"},
				"up": {"uv": [6.6, 1, 8.8, 2], "texture": "#0"},
				"down": {"uv": [9.6, 1, 11.8, 2], "texture": "#0"}
			}
		},
		{
			"name": "Head",
			"from": [-11, 4, 5.5],
			"to": [-8, 11, 10.5],
			"faces": {
				"north": {"uv": [5.4, 2, 6, 3.4], "texture": "#0"},
				"east": {"uv": [7.6, 2, 8.6, 3.4], "texture": "#0"},
				"south": {"uv": [7, 2, 7.6, 3.4], "texture": "#0"},
				"west": {"uv": [6, 2, 7, 3.4], "texture": "#0"},
				"up": {"uv": [5.4, 3.4, 6, 4.4], "texture": "#0"},
				"down": {"uv": [7, 3.4, 7.6, 4.4], "texture": "#0"}
			}
		},
		{
			"name": "JawBottom",
			"from": [-16, 5, 6],
			"to": [-11, 9, 10],
			"faces": {
				"north": {"uv": [8.6, 2, 9.6, 2.8], "texture": "#0"},
				"east": {"uv": [11.4, 2, 12.2, 2.8], "texture": "#0"},
				"south": {"uv": [10.4, 2, 11.4, 2.8], "texture": "#0"},
				"west": {"uv": [9.6, 2, 10.4, 2.8], "texture": "#0"},
				"up": {"uv": [8.6, 2.8, 9.6, 3.6], "texture": "#0"},
				"down": {"uv": [10.4, 2.8, 11.4, 3.6], "texture": "#0"}
			}
		},
		{
			"name": "Snout",
			"from": [-13, 14, 6.1],
			"to": [-5, 18, 9.9],
			"rotation": {"angle": 22.5, "axis": "z", "origin": [8, 8, 8]},
			"faces": {
				"north": {"uv": [3.6, 6.2, 5.2, 7], "texture": "#0"},
				"east": {"uv": [7.6, 6.2, 8.4, 7], "texture": "#0"},
				"south": {"uv": [6, 6.2, 7.6, 7], "texture": "#0"},
				"west": {"uv": [5.2, 6.2, 6, 7], "texture": "#0"},
				"up": {"uv": [3.6, 7, 5.2, 7.8], "texture": "#0"},
				"down": {"uv": [6, 7, 7.6, 7.8], "texture": "#0"}
			}
		},
		{
			"name": "Sail2",
			"from": [-9, 4, 7.5],
			"to": [7, 6, 8.5],
			"rotation": {"angle": -22.5, "axis": "z", "origin": [8, 8, 8]},
			"faces": {
				"north": {"uv": [0, 10.4, 3.2, 10.8], "texture": "#0"},
				"east": {"uv": [0, 10.8, 3.2, 11.2], "texture": "#0"},
				"south": {"uv": [3.2, 10.4, 6.4, 10.8], "texture": "#0"},
				"west": {"uv": [0, 10.8, 3.2, 11.2], "texture": "#0"},
				"up": {"uv": [0, 10.8, 3.2, 11.2], "texture": "#0"},
				"down": {"uv": [0, 10.8, 3.2, 11.2], "texture": "#0"}
			}
		},
		{
			"name": "Sail3",
			"from": [-12, -6, 6.5],
			"to": [-1, 0, 9.5],
			"rotation": {"angle": -45, "axis": "z", "origin": [8, 8, 8]},
			"faces": {
				"north": {"uv": [4, 7.8, 6.2, 9], "texture": "#0"},
				"east": {"uv": [9, 7.8, 9.6, 9], "texture": "#0"},
				"south": {"uv": [6.8, 7.8, 9, 9], "texture": "#0"},
				"west": {"uv": [6.2, 7.8, 6.8, 9], "texture": "#0"},
				"up": {"uv": [4, 9, 6.2, 10.2], "texture": "#0"},
				"down": {"uv": [6.8, 9, 9, 10.2], "texture": "#0"}
			}
		},
		{
			"name": "Leg1",
			"from": [7, -3, 4],
			"to": [11, 3, 7],
			"rotation": {"angle": -22.5, "axis": "z", "origin": [8, 8, 8]},
			"faces": {
				"north": {"uv": [4.2, 4.4, 5, 5.6], "texture": "#0"},
				"east": {"uv": [6.4, 4.4, 7, 5.6], "texture": "#0"},
				"south": {"uv": [5.6, 4.4, 6.4, 5.6], "texture": "#0"},
				"west": {"uv": [5, 4.4, 5.6, 5.6], "texture": "#0"},
				"up": {"uv": [4.2, 5.6, 5, 6.2], "texture": "#0"},
				"down": {"uv": [5.6, 5.6, 6.4, 6.2], "texture": "#0"}
			}
		},
		{
			"name": "Sail1",
			"from": [0, 6, 7.5],
			"to": [16, 8, 8.5],
			"faces": {
				"north": {"uv": [0, 10.4, 3.2, 10.8], "texture": "#0"},
				"east": {"uv": [0, 10.8, 3.2, 11.2], "texture": "#0"},
				"south": {"uv": [3.4, 10.4, 6.4, 10.8], "texture": "#0"},
				"west": {"uv": [0, 10.8, 3.2, 11.2], "texture": "#0"},
				"up": {"uv": [0, 10.8, 3.2, 11.2], "texture": "#0"},
				"down": {"uv": [0, 10.8, 3.2, 11.2], "texture": "#0"}
			}
		},
		{
			"name": "Leg2",
			"from": [7, -3, 9],
			"to": [11, 3, 12],
			"rotation": {"angle": -22.5, "axis": "z", "origin": [8, 8, 8]},
			"faces": {
				"north": {"uv": [4.2, 4.4, 5, 5.6], "texture": "#0"},
				"east": {"uv": [6.4, 4.4, 7, 5.6], "texture": "#0"},
				"south": {"uv": [5.6, 4.4, 6.4, 5.6], "texture": "#0"},
				"west": {"uv": [5, 4.4, 5.6, 5.6], "texture": "#0"},
				"up": {"uv": [4.2, 5.6, 5, 6.2], "texture": "#0"},
				"down": {"uv": [5.6, 5.6, 6.4, 6.2], "texture": "#0"}
			}
		},
		{
			"name": "Leg3",
			"from": [-2, -3, 9.5],
			"to": [1, 3, 11.5],
			"rotation": {"angle": 45, "axis": "z", "origin": [8, 8, 8]},
			"faces": {
				"north": {"uv": [7.6, 3.6, 8.2, 4.8], "texture": "#0"},
				"east": {"uv": [9.2, 3.6, 9.6, 4.8], "texture": "#0"},
				"south": {"uv": [8.6, 3.6, 9.2, 4.8], "texture": "#0"},
				"west": {"uv": [8.2, 3.6, 8.6, 4.8], "texture": "#0"},
				"up": {"uv": [7.6, 4.8, 8.2, 5.2], "texture": "#0"},
				"down": {"uv": [8.6, 4.8, 9.2, 5.2], "texture": "#0"}
			}
		},
		{
			"name": "Leg4",
			"from": [-2, -3, 4.5],
			"to": [1, 3, 6.5],
			"rotation": {"angle": 45, "axis": "z", "origin": [8, 8, 8]},
			"faces": {
				"north": {"uv": [7.6, 3.6, 8.2, 4.8], "texture": "#0"},
				"east": {"uv": [9.2, 3.6, 9.6, 4.8], "texture": "#0"},
				"south": {"uv": [8.6, 3.6, 9.2, 4.8], "texture": "#0"},
				"west": {"uv": [8.2, 3.6, 8.6, 4.8], "texture": "#0"},
				"up": {"uv": [7.6, 4.8, 8.2, 5.2], "texture": "#0"},
				"down": {"uv": [8.6, 4.8, 9.2, 5.2], "texture": "#0"}
			}
		},
		{
			"name": "Leg5",
			"from": [13, -9, 4.5],
			"to": [16, -3, 6.5],
			"rotation": {"angle": -22.5, "axis": "z", "origin": [8, 8, 8]},
			"faces": {
				"north": {"uv": [7.6, 3.6, 8.2, 4.8], "texture": "#0"},
				"east": {"uv": [9.2, 3.6, 9.6, 4.8], "texture": "#0"},
				"south": {"uv": [8.6, 3.6, 9.2, 4.8], "texture": "#0"},
				"west": {"uv": [8.2, 3.6, 8.6, 4.8], "texture": "#0"},
				"up": {"uv": [7.6, 4.8, 8.2, 5.2], "texture": "#0"},
				"down": {"uv": [8.6, 4.8, 9.2, 5.2], "texture": "#0"}
			}
		},
		{
			"name": "Leg6",
			"from": [13, -9, 9.5],
			"to": [16, -3, 11.5],
			"rotation": {"angle": -22.5, "axis": "z", "origin": [8, 8, 8]},
			"faces": {
				"north": {"uv": [7.6, 3.6, 8.2, 4.8], "texture": "#0"},
				"east": {"uv": [9.2, 3.6, 9.6, 4.8], "texture": "#0"},
				"south": {"uv": [8.6, 3.6, 9.2, 4.8], "texture": "#0"},
				"west": {"uv": [8.2, 3.6, 8.6, 4.8], "texture": "#0"},
				"up": {"uv": [7.6, 4.8, 8.2, 5.2], "texture": "#0"},
				"down": {"uv": [8.6, 4.8, 9.2, 5.2], "texture": "#0"}
			}
		},
		{
			"name": "Cube",
			"from": [4, -10, 4],
			"to": [9, -8, 7],
			"faces": {
				"north": {"uv": [7, 5.2, 8, 5.6], "texture": "#0"},
				"east": {"uv": [9.6, 5.2, 10.2, 5.6], "texture": "#0"},
				"south": {"uv": [8.6, 5.2, 9.6, 5.6], "texture": "#0"},
				"west": {"uv": [8, 5.2, 8.6, 5.6], "texture": "#0"},
				"up": {"uv": [7, 5.6, 8, 6.2], "texture": "#0"},
				"down": {"uv": [8.6, 5.6, 9.6, 6.2], "texture": "#0"}
			}
		},
		{
			"name": "Cube",
			"from": [4, -10, 9],
			"to": [9, -8, 12],
			"faces": {
				"north": {"uv": [7, 5.2, 8, 5.6], "texture": "#0"},
				"east": {"uv": [9.6, 5.2, 10.2, 5.6], "texture": "#0"},
				"south": {"uv": [8.6, 5.2, 9.6, 5.6], "texture": "#0"},
				"west": {"uv": [8, 5.2, 8.6, 5.6], "texture": "#0"},
				"up": {"uv": [7, 5.6, 8, 6.2], "texture": "#0"},
				"down": {"uv": [8.6, 5.6, 9.6, 6.2], "texture": "#0"}
			}
		},
		{
			"name": "Cube",
			"from": [-6, -1, 3.5],
			"to": [-3.5, 7, 6],
			"rotation": {"angle": 22.5, "axis": "z", "origin": [8, 8, 8]},
			"faces": {
				"north": {"uv": [10.2, 3.6, 10.8, 5.2], "texture": "#0"},
				"east": {"uv": [12, 3.6, 12.6, 5.2], "texture": "#0"},
				"south": {"uv": [11.4, 3.6, 12, 5.2], "texture": "#0"},
				"west": {"uv": [10.8, 3.6, 11.4, 5.2], "texture": "#0"},
				"up": {"uv": [10.2, 5.2, 10.8, 5.8], "texture": "#0"},
				"down": {"uv": [11.4, 5.2, 12, 5.8], "texture": "#0"}
			}
		},
		{
			"name": "Cube",
			"from": [-6, -1, 10],
			"to": [-3.5, 7, 12.5],
			"rotation": {"angle": 22.5, "axis": "z", "origin": [8, 8, 8]},
			"faces": {
				"north": {"uv": [10.2, 3.6, 10.8, 5.2], "texture": "#0"},
				"east": {"uv": [12, 3.6, 12.6, 5.2], "texture": "#0"},
				"south": {"uv": [11.4, 3.6, 12, 5.2], "texture": "#0"},
				"west": {"uv": [10.8, 3.6, 11.4, 5.2], "texture": "#0"},
				"up": {"uv": [10.2, 5.2, 10.8, 5.8], "texture": "#0"},
				"down": {"uv": [11.4, 5.2, 12, 5.8], "texture": "#0"}
			}
		},
		{
			"name": "Cube",
			"from": [-1.5, -11, 4],
			"to": [0, -4, 5.5],
			"faces": {
				"north": {"uv": [12.6, 3.6, 12.9, 5], "texture": "#0"},
				"east": {"uv": [13.8, 3.6, 14.1, 5], "rotation": 180, "texture": "#0"},
				"south": {"uv": [13.4, 3.6, 13.7, 5], "texture": "#0"},
				"west": {"uv": [13, 3.6, 13.3, 5], "rotation": 180, "texture": "#0"},
				"up": {"uv": [12.6, 5, 12.9, 5.4], "rotation": 180, "texture": "#0"},
				"down": {"uv": [13.4, 5, 13.7, 5.4], "rotation": 180, "texture": "#0"}
			}
		},
		{
			"name": "Cube",
			"from": [-1.5, -11, 10.5],
			"to": [0, -4, 12],
			"faces": {
				"north": {"uv": [12.6, 3.6, 12.9, 5], "texture": "#0"},
				"east": {"uv": [13.8, 3.6, 14.1, 5], "rotation": 180, "texture": "#0"},
				"south": {"uv": [13.4, 3.6, 13.7, 5], "texture": "#0"},
				"west": {"uv": [13, 3.6, 13.3, 5], "rotation": 180, "texture": "#0"},
				"up": {"uv": [12.6, 5, 12.9, 5.4], "rotation": 180, "texture": "#0"},
				"down": {"uv": [13.4, 5, 13.7, 5.4], "rotation": 180, "texture": "#0"}
			}
		}
	],
	"display": {
		"ground": {
			"rotation": [0, 0, 0],
			"translation": [0, 0, 0],
			"scale": [0.5, 0.5, 0.5]
		},
		"head": {
			"rotation": [0, -90, 0],
			"scale": [3.5, 3.5, 3.5],
			"translation": [0, 18, 0]
		},
		"thirdperson_righthand": {
			"rotation": [0, 0, 0],
			"translation": [0, 3, 1],
			"scale": [0.55, 0.55, 0.55]
		},
		"firstperson_righthand": {
			"rotation": [0, -90, 25],
			"translation": [1.13, 3.2, 1.13],
			"scale": [0, 0, 0]
		}
	}
}