{
	"credit": "Made with Blockbench",
	"textures": {
		"0": "block/concavenator_texture",
		"particle": "block/concavenator_texture"
	},
	"elements": [
		{
			"name": "Body",
			"from": [-5, 0, 5],
			"to": [6, 6, 11],
			"faces": {
				"north": {"uv": [0, 0, 2.5, 1.5], "texture": "#0"},
				"east": {"uv": [6.75, 0, 8.25, 1.5], "texture": "#0"},
				"south": {"uv": [3.75, 0, 6.75, 1.5], "texture": "#0"},
				"west": {"uv": [2.5, 0, 4, 1.5], "texture": "#0"},
				"up": {"uv": [0, 1.5, 2.45, 3], "texture": "#0"},
				"down": {"uv": [4, 1.5, 6.7, 3], "texture": "#0"}
			}
		},
		{
			"name": "Tail1",
			"from": [1, 0.5, 5.5],
			"to": [9, 6.5, 10.5],
			"faces": {
				"north": {"uv": [0, 3, 2, 4.5], "texture": "#0"},
				"east": {"uv": [5.25, 3, 6.5, 4.5], "texture": "#0"},
				"south": {"uv": [3.25, 3, 5.25, 4.5], "texture": "#0"},
				"west": {"uv": [2, 3, 3.25, 4.5], "texture": "#0"},
				"up": {"uv": [0, 4.5, 2, 6], "texture": "#0"},
				"down": {"uv": [3.25, 4.5, 5, 6], "texture": "#0"}
			}
		},
		{
			"name": "Tail2",
			"from": [9, 1.5, 6],
			"to": [14, 6.5, 10],
			"faces": {
				"north": {"uv": [0, 6, 1.25, 7.25], "texture": "#0"},
				"east": {"uv": [3.5, 6, 4.5, 7.25], "texture": "#0"},
				"south": {"uv": [2.25, 6, 3.5, 7.25], "texture": "#0"},
				"west": {"uv": [1.25, 6, 2.25, 7.25], "texture": "#0"},
				"up": {"uv": [0, 7.25, 1.25, 8.5], "texture": "#0"},
				"down": {"uv": [2.25, 7.25, 3.5, 8.5], "texture": "#0"}
			}
		},
		{
			"name": "Tail3",
			"from": [14, 2.5, 6.5],
			"to": [20, 6.5, 9.5],
			"faces": {
				"north": {"uv": [0, 8.5, 1.5, 9.5], "texture": "#0"},
				"east": {"uv": [3.75, 8.5, 4.5, 9.5], "texture": "#0"},
				"south": {"uv": [2.25, 8.5, 3.75, 9.5], "texture": "#0"},
				"west": {"uv": [1.5, 8.5, 2.25, 9.5], "texture": "#0"},
				"up": {"uv": [0, 9.5, 1.5, 10.5], "texture": "#0"},
				"down": {"uv": [2.25, 9.5, 3.75, 10.5], "texture": "#0"}
			}
		},
		{
			"name": "Tail4",
			"from": [18, 3.5, 7],
			"to": [26, 6.5, 9],
			"faces": {
				"north": {"uv": [0, 10.5, 2, 11.25], "texture": "#0"},
				"east": {"uv": [4.5, 10.5, 5, 11.25], "texture": "#0"},
				"south": {"uv": [2.5, 10.5, 4.5, 11.25], "texture": "#0"},
				"west": {"uv": [2, 10.5, 2.5, 11.25], "texture": "#0"},
				"up": {"uv": [0, 11.25, 2, 12], "texture": "#0"},
				"down": {"uv": [2.5, 11.25, 4.5, 12], "texture": "#0"}
			}
		},
		{
			"name": "Tail5",
			"from": [23, 4.5, 7.5],
			"to": [32, 6.5, 8.5],
			"faces": {
				"north": {"uv": [0, 12, 2.25, 12.5], "texture": "#0"},
				"east": {"uv": [4.75, 12, 5, 12.5], "texture": "#0"},
				"south": {"uv": [2.5, 12, 4.75, 12.5], "texture": "#0"},
				"west": {"uv": [2.25, 12, 2.5, 12.5], "texture": "#0"},
				"up": {"uv": [0, 12.5, 2.25, 13], "texture": "#0"},
				"down": {"uv": [2.5, 12.5, 4.75, 13], "texture": "#0"}
			}
		},
		{
			"name": "Neck",
			"from": [-8, -1, 6],
			"to": [3, 4, 10],
			"rotation": {"angle": -22.5, "axis": "z", "origin": [8, 8, 8]},
			"faces": {
				"north": {"uv": [8.25, 0, 11, 1.25], "texture": "#0"},
				"east": {"uv": [14.75, 0, 15.75, 1.25], "texture": "#0"},
				"south": {"uv": [12, 0, 14.75, 1.25], "texture": "#0"},
				"west": {"uv": [11, 0, 12, 1.25], "texture": "#0"},
				"up": {"uv": [8.25, 1.25, 11, 2.5], "texture": "#0"},
				"down": {"uv": [12, 1.25, 14.75, 2.5], "texture": "#0"}
			}
		},
		{
			"name": "Head",
			"from": [-11, 6, 5.5],
			"to": [-8, 11, 10.5],
			"faces": {
				"north": {"uv": [6.75, 2.5, 7.5, 3.75], "texture": "#0"},
				"east": {"uv": [9.5, 2.5, 10.75, 3.75], "texture": "#0"},
				"south": {"uv": [8.75, 2.5, 9.5, 3.75], "texture": "#0"},
				"west": {"uv": [7.5, 2.5, 8.75, 3.75], "texture": "#0"},
				"up": {"uv": [6.75, 3.75, 7.5, 5], "texture": "#0"},
				"down": {"uv": [8.75, 3.75, 9.5, 5], "texture": "#0"}
			}
		},
		{
			"name": "JawBottom",
			"from": [-16, 6, 6],
			"to": [-11, 9, 10],
			"faces": {
				"north": {"uv": [10.75, 2.5, 12, 3.25], "texture": "#0"},
				"east": {"uv": [14.25, 2.5, 15.25, 3.25], "texture": "#0"},
				"south": {"uv": [13, 2.5, 14.25, 3.25], "texture": "#0"},
				"west": {"uv": [12, 2.5, 13, 3.25], "texture": "#0"},
				"up": {"uv": [10.75, 3.25, 12, 4], "texture": "#0"},
				"down": {"uv": [13, 3.25, 14.25, 4], "texture": "#0"}
			}
		},
		{
			"name": "Snout",
			"from": [-13.3, 15.8, 6.1],
			"to": [-8.3, 17.8, 9.9],
			"rotation": {"angle": 22.5, "axis": "z", "origin": [7.61768, 7.88032, 7.39504]},
			"faces": {
				"north": {"uv": [10.75, 2.5, 12, 3.25], "texture": "#0"},
				"east": {"uv": [14.25, 2.5, 15.3, 3.25], "texture": "#0"},
				"south": {"uv": [13, 2.5, 14.25, 3.25], "texture": "#0"},
				"west": {"uv": [12, 2.5, 13.05, 3.25], "texture": "#0"},
				"up": {"uv": [10.75, 3.25, 12, 4], "texture": "#0"},
				"down": {"uv": [13, 3.25, 14.25, 4.05], "texture": "#0"}
			}
		},
		{
			"name": "Leg1",
			"from": [9, -2, 4],
			"to": [13, 4, 7],
			"rotation": {"angle": -22.5, "axis": "z", "origin": [10, 9, 8]},
			"faces": {
				"north": {"uv": [8.25, 5, 9.25, 6.5], "texture": "#0"},
				"east": {"uv": [11, 5, 11.75, 6.5], "texture": "#0"},
				"south": {"uv": [10, 5, 11, 6.5], "texture": "#0"},
				"west": {"uv": [9.25, 5, 10, 6.5], "texture": "#0"},
				"up": {"uv": [8.25, 6.5, 9.25, 7.25], "texture": "#0"},
				"down": {"uv": [10, 6.5, 11, 7.25], "texture": "#0"}
			}
		},
		{
			"name": "Leg2",
			"from": [9, -2, 9],
			"to": [13, 4, 12],
			"rotation": {"angle": -22.5, "axis": "z", "origin": [10, 9, 8]},
			"faces": {
				"north": {"uv": [8.25, 5, 9.25, 6.5], "texture": "#0"},
				"east": {"uv": [11, 5, 11.75, 6.5], "texture": "#0"},
				"south": {"uv": [10, 5, 11, 6.5], "texture": "#0"},
				"west": {"uv": [9.25, 5, 10, 6.5], "texture": "#0"},
				"up": {"uv": [8.25, 6.5, 9.25, 7.25], "texture": "#0"},
				"down": {"uv": [10, 6.5, 11, 7.25], "texture": "#0"}
			}
		},
		{
			"name": "Leg3",
			"from": [1, -2, 9.5],
			"to": [4, 4, 11.5],
			"rotation": {"angle": 45, "axis": "z", "origin": [11, 9, 8]},
			"faces": {
				"north": {"uv": [11.75, 4, 12.5, 5.5], "texture": "#0"},
				"east": {"uv": [13.75, 4, 14.25, 5.5], "texture": "#0"},
				"south": {"uv": [13, 4, 13.75, 5.5], "texture": "#0"},
				"west": {"uv": [12.5, 4, 13, 5.5], "texture": "#0"},
				"up": {"uv": [11.75, 5.5, 12.5, 6], "texture": "#0"},
				"down": {"uv": [12.75, 5.5, 13.75, 6], "texture": "#0"}
			}
		},
		{
			"name": "Leg4",
			"from": [1, -2, 4.5],
			"to": [4, 4, 6.5],
			"rotation": {"angle": 45, "axis": "z", "origin": [11, 9, 8]},
			"faces": {
				"north": {"uv": [11.75, 4, 12.5, 5.5], "texture": "#0"},
				"east": {"uv": [13.75, 4, 14.25, 5.5], "texture": "#0"},
				"south": {"uv": [13, 4, 13.75, 5.5], "texture": "#0"},
				"west": {"uv": [12.5, 4, 13, 5.5], "texture": "#0"},
				"up": {"uv": [11.75, 5.5, 12.5, 6], "texture": "#0"},
				"down": {"uv": [12.75, 5.5, 13.75, 6], "texture": "#0"}
			}
		},
		{
			"name": "Leg5",
			"from": [11.09436, -8.38862, 4.6],
			"to": [14.09436, -2.38862, 6.4],
			"rotation": {"angle": -22.5, "axis": "z", "origin": [10.59436, -2.38862, 5.50058]},
			"faces": {
				"north": {"uv": [11.75, 4, 12.5, 5.5], "texture": "#0"},
				"east": {"uv": [13.75, 4, 14.25, 5.5], "texture": "#0"},
				"south": {"uv": [13, 4, 13.75, 5.5], "texture": "#0"},
				"west": {"uv": [12.5, 4, 13, 5.5], "texture": "#0"},
				"up": {"uv": [11.75, 5.5, 12.5, 6], "texture": "#0"},
				"down": {"uv": [12.75, 5.5, 13.75, 6], "texture": "#0"}
			}
		},
		{
			"name": "Leg6",
			"from": [11.09436, -8.38862, 9.6],
			"to": [14.09436, -2.38862, 11.4],
			"rotation": {"angle": -22.5, "axis": "z", "origin": [10.59436, -2.38862, 5.50058]},
			"faces": {
				"north": {"uv": [11.75, 4, 12.5, 5.5], "texture": "#0"},
				"east": {"uv": [13.75, 4, 14.25, 5.5], "texture": "#0"},
				"south": {"uv": [13, 4, 13.75, 5.5], "texture": "#0"},
				"west": {"uv": [12.5, 4, 13, 5.5], "texture": "#0"},
				"up": {"uv": [11.75, 5.5, 12.5, 6], "texture": "#0"},
				"down": {"uv": [12.75, 5.5, 13.75, 6], "texture": "#0"}
			}
		},
		{
			"name": "Foot1",
			"from": [7, -10, 4],
			"to": [12, -8, 7],
			"faces": {
				"north": {"uv": [4.5, 7.5, 5.75, 8], "texture": "#0"},
				"east": {"uv": [7.75, 7.5, 8.5, 8], "texture": "#0"},
				"south": {"uv": [6.5, 7.5, 7.75, 8], "texture": "#0"},
				"west": {"uv": [5.75, 7.5, 6.5, 8], "texture": "#0"},
				"up": {"uv": [4.5, 8, 5.75, 8.75], "texture": "#0"},
				"down": {"uv": [6.5, 8, 7.75, 8.75], "texture": "#0"}
			}
		},
		{
			"name": "Foot2",
			"from": [7, -10, 9],
			"to": [12, -8, 12],
			"faces": {
				"north": {"uv": [4.5, 7.5, 5.75, 8], "texture": "#0"},
				"east": {"uv": [7.75, 7.5, 8.5, 8], "texture": "#0"},
				"south": {"uv": [6.5, 7.5, 7.75, 8], "texture": "#0"},
				"west": {"uv": [5.75, 7.5, 6.5, 8], "texture": "#0"},
				"up": {"uv": [4.5, 8, 5.75, 8.75], "texture": "#0"},
				"down": {"uv": [6.5, 8, 7.75, 8.75], "texture": "#0"}
			}
		},
		{
			"name": "Sail1",
			"from": [3, 6, 7.5],
			"to": [5, 7, 8.5],
			"faces": {
				"north": {"uv": [9.25, 12.75, 9.75, 13], "texture": "#0"},
				"east": {"uv": [9.25, 12.75, 9.75, 13], "texture": "#0"},
				"south": {"uv": [9.25, 12.75, 9.75, 13], "texture": "#0"},
				"west": {"uv": [9.25, 12.75, 9.75, 13], "texture": "#0"},
				"up": {"uv": [9.25, 12.75, 9.75, 13], "texture": "#0"},
				"down": {"uv": [9.25, 12.75, 9.75, 13], "texture": "#0"}
			}
		},
		{
			"name": "Sail2",
			"from": [19, 6, 7.5],
			"to": [22, 7, 8.5],
			"faces": {
				"north": {"uv": [5, 12.75, 5.5, 13], "texture": "#0"},
				"east": {"uv": [5, 12.75, 5.5, 13], "texture": "#0"},
				"south": {"uv": [5, 12.75, 5.5, 13], "texture": "#0"},
				"west": {"uv": [5, 12.75, 5.5, 13], "texture": "#0"},
				"up": {"uv": [5, 12.75, 5.5, 13], "texture": "#0"},
				"down": {"uv": [5, 12.75, 5.5, 13], "texture": "#0"}
			}
		},
		{
			"name": "Sail3",
			"from": [5, 6, 7.5],
			"to": [19, 8, 8.5],
			"faces": {
				"north": {"uv": [5.5, 12.5, 9, 13], "texture": "#0"},
				"east": {"uv": [5.5, 12.5, 9, 13], "texture": "#0"},
				"south": {"uv": [5.5, 12.5, 9, 13], "texture": "#0"},
				"west": {"uv": [5.5, 12.5, 9, 13], "texture": "#0"},
				"up": {"uv": [5.5, 12.5, 9, 13], "texture": "#0"},
				"down": {"uv": [5.5, 12.5, 9, 13], "texture": "#0"}
			}
		},
		{
			"name": "Sail4",
			"from": [7, 8, 7.5],
			"to": [9, 9, 8.5],
			"faces": {
				"north": {"uv": [8, 12.25, 8.5, 12.5], "texture": "#0"},
				"east": {"uv": [8, 12.25, 8.5, 12.5], "texture": "#0"},
				"south": {"uv": [8, 12.25, 8.5, 12.5], "texture": "#0"},
				"west": {"uv": [8, 12.25, 8.5, 12.5], "texture": "#0"},
				"up": {"uv": [8, 12.25, 8.5, 12.5], "texture": "#0"},
				"down": {"uv": [8, 12.25, 8.5, 12.5], "texture": "#0"}
			}
		},
		{
			"name": "Sail5",
			"from": [15, 8, 7.5],
			"to": [17, 9, 8.5],
			"faces": {
				"north": {"uv": [6, 12.25, 6.5, 12.5], "texture": "#0"},
				"east": {"uv": [6, 12.25, 6.5, 12.5], "texture": "#0"},
				"south": {"uv": [6, 12.25, 6.5, 12.5], "texture": "#0"},
				"west": {"uv": [6, 12.25, 6.5, 12.5], "texture": "#0"},
				"up": {"uv": [6, 12.25, 6.5, 12.5], "texture": "#0"},
				"down": {"uv": [6, 12.25, 6.5, 12.5], "texture": "#0"}
			}
		},
		{
			"name": "Sail6",
			"from": [9, 8, 7.5],
			"to": [15, 10, 8.5],
			"faces": {
				"north": {"uv": [6.5, 12, 8, 12.5], "texture": "#0"},
				"east": {"uv": [6.5, 12, 6.75, 12.5], "texture": "#0"},
				"south": {"uv": [6.5, 12, 8, 12.5], "texture": "#0"},
				"west": {"uv": [6.5, 12, 6.75, 12.5], "texture": "#0"},
				"up": {"uv": [6.5, 12, 8, 12.5], "texture": "#0"},
				"down": {"uv": [6.5, 12, 8, 12.5], "texture": "#0"}
			}
		},
		{
			"name": "Sail7",
			"from": [10, 10, 7.5],
			"to": [14, 11.5, 8.5],
			"faces": {
				"north": {"uv": [6.75, 11.5, 7.75, 12], "texture": "#0"},
				"east": {"uv": [6.75, 11.5, 7.75, 12], "texture": "#0"},
				"south": {"uv": [6.75, 11.5, 7.75, 12], "texture": "#0"},
				"west": {"uv": [6.75, 11.5, 7.75, 12], "texture": "#0"},
				"up": {"uv": [6.75, 11.5, 7.75, 12], "texture": "#0"},
				"down": {"uv": [6.75, 11.5, 7.75, 12], "texture": "#0"}
			}
		},
		{
			"name": "Sail8",
			"from": [11, 11.5, 7.5],
			"to": [13, 12.5, 8.5],
			"faces": {
				"north": {"uv": [7, 11.25, 7.5, 11.5], "texture": "#0"},
				"east": {"uv": [7, 11.25, 7.5, 11.5], "texture": "#0"},
				"south": {"uv": [7, 11.25, 7.5, 11.5], "texture": "#0"},
				"west": {"uv": [7, 11.25, 7.5, 11.5], "texture": "#0"},
				"up": {"uv": [7, 11.25, 7.5, 11.5], "texture": "#0"},
				"down": {"uv": [7, 11.25, 7.5, 11.5], "texture": "#0"}
			}
		},
		{
			"name": "Arm1",
			"from": [-9.95915, -4.18632, 4.04236],
			"to": [-8.45915, 0.81368, 5.54236],
			"rotation": {"angle": 22.5, "axis": "z", "origin": [-10.45915, 15.81368, 8.04236]},
			"faces": {
				"north": {"uv": [5.25, 5, 5.75, 7.5], "texture": "#0"},
				"east": {"uv": [5.25, 5, 5.75, 7.5], "rotation": 180, "texture": "#0"},
				"south": {"uv": [6.75, 5, 7.25, 7.5], "texture": "#0"},
				"west": {"uv": [5.25, 4.75, 5.75, 7.25], "rotation": 180, "texture": "#0"},
				"up": {"uv": [5.25, 5, 5.75, 5.5], "rotation": 180, "texture": "#0"},
				"down": {"uv": [6.75, 5, 7.25, 5.5], "rotation": 180, "texture": "#0"}
			}
		},
		{
			"name": "Arm2",
			"from": [-9.96048, -4.18515, 10.54253],
			"to": [-8.46048, -0.18515, 12.04253],
			"rotation": {"angle": 22.5, "axis": "z", "origin": [-10.46048, 15.81485, 7.54253]},
			"faces": {
				"north": {"uv": [5.25, 5, 5.75, 7.5], "texture": "#0"},
				"east": {"uv": [5.25, 5, 5.75, 7.5], "rotation": 180, "texture": "#0"},
				"south": {"uv": [6.75, 5, 7.25, 7.5], "texture": "#0"},
				"west": {"uv": [5.25, 4.75, 5.75, 7.25], "rotation": 180, "texture": "#0"},
				"up": {"uv": [5.25, 5, 5.75, 5.5], "rotation": 180, "texture": "#0"},
				"down": {"uv": [6.75, 5, 7.25, 5.5], "rotation": 180, "texture": "#0"}
			}
		},
		{
			"name": "Arm3",
			"from": [7.33147, -11.26054, 10.5],
			"to": [8.83147, -4.26054, 12],
			"rotation": {"angle": -45, "axis": "z", "origin": [6.83147, 8.73946, 7.5]},
			"faces": {
				"north": {"uv": [5.25, 5, 5.75, 7.5], "texture": "#0"},
				"east": {"uv": [5.25, 5, 5.75, 7.5], "texture": "#0"},
				"south": {"uv": [6.75, 5, 7.25, 7.5], "texture": "#0"},
				"west": {"uv": [5.25, 4.75, 5.75, 7.25], "texture": "#0"},
				"up": {"uv": [5.25, 5, 5.75, 5.5], "texture": "#0"},
				"down": {"uv": [6.75, 5, 7.25, 5.5], "texture": "#0"}
			}
		},
		{
			"name": "Arm4",
			"from": [7.3328, -11.26171, 3.99984],
			"to": [8.8328, -4.26171, 5.49984],
			"rotation": {"angle": -45, "axis": "z", "origin": [6.8328, 8.73829, 7.99984]},
			"faces": {
				"north": {"uv": [5.25, 5, 5.75, 7.5], "texture": "#0"},
				"east": {"uv": [5.25, 5, 5.75, 7.5], "texture": "#0"},
				"south": {"uv": [6.75, 5, 7.25, 7.5], "texture": "#0"},
				"west": {"uv": [5.25, 4.75, 5.75, 7.25], "texture": "#0"},
				"up": {"uv": [5.25, 5, 5.75, 5.5], "texture": "#0"},
				"down": {"uv": [6.75, 5, 7.25, 5.5], "texture": "#0"}
			}
		}
	],
	"display": {
		"ground": {
			"rotation": [0, 0, 0],
			"translation": [0, 0, 0],
			"scale": [0.5, 0.5, 0.5]
		},
		"head": {
			"rotation": [0, -90, 0],
			"scale": [3.5, 3.5, 3.5],
			"translation": [0, 18, 0]
		},
		"thirdperson_righthand": {
			"rotation": [0, 0, 0],
			"translation": [0, 3, 1],
			"scale": [0.55, 0.55, 0.55]
		},
		"firstperson_righthand": {
			"rotation": [0, -90, 25],
			"translation": [1.13, 3.2, 1.13],
			"scale": [0, 0, 0]
		}
	}
}