{
    "credit": "Made with Blockbench", 
    "textures": {
        "main": "block/corythosaurus_walk"
    }, 
    "elements": [
        {
            "name": "Body", 
            "from": [ 5, 0, 4 ], 
            "to":   [ 12, 8, 12 ], 
            "faces": {
                "north": { "uv": [ 0, 0, 0.5, 1 ], "texture": "#main" }, 
                "east":  { "uv": [ 0.5, 0, 1, 1 ], "texture": "#main" }, 
                "south": { "uv": [ 1, 0, 1.5, 1 ], "texture": "#main" }, 
                "west":  { "uv": [ 1.5, 0, 2, 1 ], "texture": "#main" }, 
                "up":    { "uv": [ 0, 1, 0.5, 1.875 ], "texture": "#main" }, 
                "down":  { "uv": [ 1, 1, 1.5, 1.875 ], "texture": "#main" }
            }
        }, 
        {
            "name": "Tail1", 
            "from": [ -5, 4, 5.5 ], 
            "to":   [ 7, 9, 10.5 ], 
            "rotation": { "angle": 45, "axis": "z", "origin": [8, 8, 8] }, 
            "faces": {
                "north": { "uv": [ 2, 0, 2.375, 0.625 ], "texture": "#main" }, 
                "east":  { "uv": [ 2.375, 0, 2.5625, 0.625 ], "texture": "#main" }, 
                "south": { "uv": [ 2.5, 0, 2.875, 0.625 ], "texture": "#main" }, 
                "west":  { "uv": [ 2.875, 0, 3.0625, 0.625 ], "texture": "#main" }, 
                "up":    { "uv": [ 2, 0.625, 2.375, 1.25 ], "texture": "#main" }, 
                "down":  { "uv": [ 2.8125, 0.625, 3.1875, 1.25 ], "texture": "#main" }
            }
        }, 
        {
            "name": "Tail2", 
            "from": [ -10, -0.6, 6 ], 
            "to":   [ -2, 3.4, 10 ], 
            "rotation": { "angle": 22.5, "axis": "z", "origin": [8, 8, 8] }, 
            "faces": {
                "north": { "uv": [ 4, 0, 4.5, 0.5 ], "texture": "#main" }, 
                "east":  { "uv": [ 4.5, 0, 4.75, 0.5 ], "texture": "#main" }, 
                "south": { "uv": [ 4.75, 0, 5.25, 0.5 ], "texture": "#main" }, 
                "west":  { "uv": [ 5.25, 0, 5.5, 0.5 ], "texture": "#main" }, 
                "up":    { "uv": [ 4, 0.5, 4.5, 1 ], "texture": "#main" }, 
                "down":  { "uv": [ 4.75, 0.5, 5.25, 1 ], "texture": "#main" }
            }
        }, 
        {
            "name": "Tail3", 
            "from": [ -11, -6.6, 6.5 ], 
            "to":   [ -5, -3.6, 9.5 ], 
            "faces": {
                "north": { "uv": [ 6, 0, 6.4375, 0.375 ], "texture": "#main" }, 
                "east":  { "uv": [ 6.375, 0, 6.625, 0.375 ], "texture": "#main" }, 
                "south": { "uv": [ 6.625, 0, 7.0625, 0.375 ], "texture": "#main" }, 
                "west":  { "uv": [ 7.0625, 0, 7.25, 0.375 ], "texture": "#main" }, 
                "up":    { "uv": [ 6, 0.375, 6.4375, 0.75 ], "texture": "#main" }, 
                "down":  { "uv": [ 6.625, 0.375, 7.0625, 0.75 ], "texture": "#main" }
            }
        }, 
        {
            "name": "Chest", 
            "from": [ 12, 0, 4 ], 
            "to":   [ 19, 9, 12 ], 
            "faces": {
                "north": { "uv": [ 0, 2, 0.5, 2.5625 ], "texture": "#main" }, 
                "east":  { "uv": [ 0.5, 2, 1, 2.5625 ], "texture": "#main" }, 
                "south": { "uv": [ 1, 2, 1.5, 2.5625 ], "texture": "#main" }, 
                "west":  { "uv": [ 1.5, 2, 2, 2.5625 ], "texture": "#main" }, 
                "up":    { "uv": [ 0, 2.5625, 0.5, 3.0625 ], "texture": "#main" }, 
                "down":  { "uv": [ 1, 2.5625, 1.5, 3.0625 ], "texture": "#main" }
            }
        }, 
        {
            "name": "Neck", 
            "from": [ 12, -1, 5.5 ], 
            "to":   [ 22, 4, 10.5 ], 
            "rotation": { "angle": 45, "axis": "z", "origin": [8, 8, 8] }, 
            "faces": {
                "north": { "uv": [ 2, 2, 2.625, 2.625 ], "texture": "#main" }, 
                "east":  { "uv": [ 2.625, 2, 2.9375, 2.625 ], "texture": "#main" }, 
                "south": { "uv": [ 2.9375, 2, 3.5625, 2.625 ], "texture": "#main" }, 
                "west":  { "uv": [ 3.5625, 2, 3.875, 2.625 ], "texture": "#main" }, 
                "up":    { "uv": [ 2, 2.625, 2.625, 3.25 ], "texture": "#main" }, 
                "down":  { "uv": [ 2.9375, 2.625, 3.5625, 3.25 ], "texture": "#main" }
            }
        }, 
        {
            "name": "Head", 
            "from": [ 19, 11, 5 ], 
            "to":   [ 25, 16, 11 ], 
            "faces": {
                "north": { "uv": [ 4, 2, 4.375, 2.625 ], "texture": "#main" }, 
                "east":  { "uv": [ 4.375, 2, 4.75, 2.625 ], "texture": "#main" }, 
                "south": { "uv": [ 4.75, 2, 5.125, 2.625 ], "texture": "#main" }, 
                "west":  { "uv": [ 5.125, 2, 5.5, 2.625 ], "texture": "#main" }, 
                "up":    { "uv": [ 4, 2.625, 4.375, 3.25 ], "texture": "#main" }, 
                "down":  { "uv": [ 4.75, 2.625, 5.125, 3.25 ], "texture": "#main" }
            }
        }, 
        {
            "name": "Snout1", 
            "from": [ 25, 12, 5.3 ], 
            "to":   [ 30, 15, 10.8 ], 
            "faces": {
                "north": { "uv": [ 6, 2, 6.3125, 2.375 ], "texture": "#main" }, 
                "east":  { "uv": [ 6, 2, 6.3125, 2.375 ], "texture": "#main" }, 
                "south": { "uv": [ 6.875, 2, 7.3125, 2.375 ], "texture": "#main" }, 
                "west":  { "uv": [ 6.875, 2, 7.1875, 2.375 ], "texture": "#main" }, 
                "up":    { "uv": [ 6, 2.375, 6.3125, 2.75 ], "texture": "#main" }, 
                "down":  { "uv": [ 6, 2, 6.25, 2.3125 ], "texture": "#main" }
            }
        }, 
        {
            "name": "Snout2", 
            "from": [ 22, 10, 5.8 ], 
            "to":   [ 29, 12, 10.3 ], 
            "faces": {
                "north": { "uv": [ 0, 4, 0.5, 4.25 ], "texture": "#main" }, 
                "east":  { "uv": [ 0.5, 4, 0.8125, 4.25 ], "texture": "#main" }, 
                "south": { "uv": [ 0.6875, 4, 1.1875, 4.25 ], "texture": "#main" }, 
                "west":  { "uv": [ 0.6875, 4, 1, 4.25 ], "texture": "#main" }, 
                "up":    { "uv": [ 0, 4, 0.5, 4.4375 ], "texture": "#main" }, 
                "down":  { "uv": [ 0.625, 4.25, 0.9375, 4.8125 ], "texture": "#main" }
            }
        }, 
        {
            "name": "Crest1", 
            "from": [ 22, 0, 7.5 ], 
            "to":   [ 28, 5, 8.5 ], 
            "rotation": { "angle": 45, "axis": "z", "origin": [8, 8, 8] }, 
            "faces": {
                "north": { "uv": [ 2, 4, 2.375, 4.3125 ], "texture": "#main" }, 
                "east":  { "uv": [ 2.375, 4, 2.4375, 4.3125 ], "texture": "#main" }, 
                "south": { "uv": [ 2.4375, 4, 2.8125, 4.3125 ], "texture": "#main" }, 
                "west":  { "uv": [ 2.8125, 4, 2.875, 4.3125 ], "texture": "#main" }, 
                "up":    { "uv": [ 2, 4.3125, 2.375, 4.375 ], "texture": "#main" }, 
                "down":  { "uv": [ 2.4375, 4.3125, 2.8125, 4.375 ], "texture": "#main" }
            }
        }, 
        {
            "name": "Crest2", 
            "from": [ 19, 19, 7 ], 
            "to":   [ 25, 22, 9 ], 
            "rotation": { "angle": -22.5, "axis": "z", "origin": [8, 8, 8] }, 
            "faces": {
                "north": { "uv": [ 4, 4, 4.375, 4.375 ], "texture": "#main" }, 
                "east":  { "uv": [ 4.4375, 4, 4.5625, 4.375 ], "texture": "#main" }, 
                "south": { "uv": [ 4.625, 4, 5, 4.375 ], "texture": "#main" }, 
                "west":  { "uv": [ 4, 4, 4.25, 4.375 ], "texture": "#main" }, 
                "up":    { "uv": [ 4, 4, 4.75, 4.25 ], "texture": "#main" }, 
                "down":  { "uv": [ 4, 4, 4.75, 4.25 ], "texture": "#main" }
            }
        }, 
        {
            "name": "Arm1", 
            "from": [ 18, 0, 3 ], 
            "to":   [ 20.5, 6, 5.5 ], 
            "rotation": { "angle": -22.5, "axis": "z", "origin": [8, 8, 8] }, 
            "faces": {
                "north": { "uv": [ 6, 4, 6.1875, 4.75 ], "texture": "#main" }, 
                "east":  { "uv": [ 6.1875, 4, 6.375, 4.75 ], "texture": "#main" }, 
                "south": { "uv": [ 6.5625, 4, 6.375, 4.75 ], "texture": "#main" }, 
                "west":  { "uv": [ 6.5625, 4, 6.75, 4.75 ], "texture": "#main" }, 
                "up":    { "uv": [ 6, 4.75, 6.1875, 4.9375 ], "texture": "#main" }, 
                "down":  { "uv": [ 6.375, 4.75, 6.5625, 4.9375 ], "texture": "#main" }
            }
        }, 
        {
            "name": "Arm2", 
            "from": [ 18, 0, 10.5 ], 
            "to":   [ 20.5, 6, 13 ], 
            "rotation": { "angle": -22.5, "axis": "z", "origin": [8, 8, 8] }, 
            "faces": {
                "north": { "uv": [ 6, 4, 6.1875, 4.75 ], "texture": "#main" }, 
                "east":  { "uv": [ 6.1875, 4, 6.375, 4.75 ], "texture": "#main" }, 
                "south": { "uv": [ 6.375, 4, 6.5625, 4.75 ], "texture": "#main" }, 
                "west":  { "uv": [ 6.5625, 4, 6.75, 4.75 ], "texture": "#main" }, 
                "up":    { "uv": [ 6, 4.75, 6.1875, 4.9375 ], "texture": "#main" }, 
                "down":  { "uv": [ 6.375, 4.75, 6.5625, 4.9375 ], "texture": "#main" }
            }
        }, 
        {
            "name": "Arm3", 
            "from": [ 15, -10, 10.8 ], 
            "to":   [ 17, -3, 12.8 ], 
            "rotation": { "angle": 0, "axis": "z", "origin": [18, 9, 8] }, 
            "faces": {
                "north": { "uv": [ 6.75, 4.125, 6.875, 4.875 ], "texture": "#main" }, 
                "east":  { "uv": [ 6.875, 4.125, 7, 4.875 ], "texture": "#main" }, 
                "south": { "uv": [ 7, 4.125, 7.125, 4.875 ], "texture": "#main" }, 
                "west":  { "uv": [ 6.5625, 4, 6.75, 4.75 ], "texture": "#main" }, 
                "up":    { "uv": [ 6, 4, 6.25, 4.25 ], "texture": "#main" }, 
                "down":  { "uv": [ 6, 4, 6.25, 4.25 ], "texture": "#main" }
            }
        }, 
        {
            "name": "Arm4", 
            "from": [ 15, -10, 3.2 ], 
            "to":   [ 17, -3, 5.2 ], 
            "rotation": { "angle": 0, "axis": "z", "origin": [18, 9, 8] }, 
            "faces": {
                "north": { "uv": [ 6, 4, 6.125, 4.75 ], "texture": "#main" }, 
                "east":  { "uv": [ 6.25, 4, 6.375, 4.75 ], "texture": "#main" }, 
                "south": { "uv": [ 6.375, 4, 6.5, 4.75 ], "texture": "#main" }, 
                "west":  { "uv": [ 6.625, 4, 6.75, 4.75 ], "texture": "#main" }, 
                "up":    { "uv": [ 6, 4, 6.25, 4.25 ], "texture": "#main" }, 
                "down":  { "uv": [ 6, 4, 6.25, 4.25 ], "texture": "#main" }
            }
        }, 
        {
            "name": "Leg1", 
            "from": [ 9, -3, 2.2 ], 
            "to":   [ 14, 4, 7.2 ], 
            "rotation": { "angle": -22.5, "axis": "z", "origin": [8, 8, 8] }, 
            "faces": {
                "north": { "uv": [ 0, 6, 0.3125, 6.875 ], "texture": "#main" }, 
                "east":  { "uv": [ 0.3125, 6, 0.625, 6.875 ], "texture": "#main" }, 
                "south": { "uv": [ 0.625, 6, 0.9375, 6.875 ], "texture": "#main" }, 
                "west":  { "uv": [ 0.9375, 6, 1.25, 6.875 ], "texture": "#main" }, 
                "up":    { "uv": [ 0, 6, 0.625, 6.625 ], "texture": "#main" }, 
                "down":  { "uv": [ 0, 6, 0.625, 6.625 ], "texture": "#main" }
            }
        }, 
        {
            "name": "Leg2", 
            "from": [ 9, -3, 9.2 ], 
            "to":   [ 14, 4, 14.2 ], 
            "rotation": { "angle": -22.5, "axis": "z", "origin": [8, 8, 8] }, 
            "faces": {
                "north": { "uv": [ 0, 6, 0.3125, 6.875 ], "texture": "#main" }, 
                "east":  { "uv": [ 0.3125, 6, 0.625, 6.875 ], "texture": "#main" }, 
                "south": { "uv": [ 0.625, 6, 0.9375, 6.875 ], "texture": "#main" }, 
                "west":  { "uv": [ 0.9375, 6, 1.25, 6.875 ], "texture": "#main" }, 
                "up":    { "uv": [ 0, 6, 0.625, 6.625 ], "texture": "#main" }, 
                "down":  { "uv": [ 0, 6, 0.625, 6.625 ], "texture": "#main" }
            }
        }, 
        {
            "name": "Leg4", 
            "from": [ 4, -10, 10.2 ], 
            "to":   [ 7, -1, 13.2 ], 
            "faces": {
                "north": { "uv": [ 1.25, 6, 1.4375, 7.125 ], "texture": "#main" }, 
                "east":  { "uv": [ 1.4375, 6, 1.625, 7.125 ], "texture": "#main" }, 
                "south": { "uv": [ 1.625, 6, 1.8125, 7.125 ], "texture": "#main" }, 
                "west":  { "uv": [ 1.8125, 6, 2, 7.125 ], "texture": "#main" }, 
                "up":    { "uv": [ 0, 6, 0.375, 6.375 ], "texture": "#main" }, 
                "down":  { "uv": [ 0, 6, 0.375, 6.375 ], "texture": "#main" }
            }
        }, 
        {
            "name": "Leg5", 
            "from": [ 4, -10, 3.2 ], 
            "to":   [ 7, -1, 6.2 ], 
            "faces": {
                "north": { "uv": [ 1.25, 6, 1.4375, 7.125 ], "texture": "#main" }, 
                "east":  { "uv": [ 1.4375, 6, 1.625, 7.125 ], "texture": "#main" }, 
                "south": { "uv": [ 1.625, 6, 1.8125, 7.125 ], "texture": "#main" }, 
                "west":  { "uv": [ 1.8125, 6, 2, 7.125 ], "texture": "#main" }, 
                "up":    { "uv": [ 0, 6, 0.375, 6.375 ], "texture": "#main" }, 
                "down":  { "uv": [ 0, 6, 0.375, 6.375 ], "texture": "#main" }
            }
        }, 
        {
            "name": "Body", 
            "from": [ 5, 0, 4 ], 
            "to":   [ 12, 8, 12 ], 
            "faces": {
                "north": { "uv": [ 8, 0, 8.5, 1 ], "texture": "#main" }, 
                "east":  { "uv": [ 8.5, 0, 9, 1 ], "texture": "#main" }, 
                "south": { "uv": [ 9, 0, 9.5, 1 ], "texture": "#main" }, 
                "west":  { "uv": [ 9.5, 0, 10, 1 ], "texture": "#main" }, 
                "up":    { "uv": [ 8, 1, 8.5, 1.875 ], "texture": "#main" }, 
                "down":  { "uv": [ 9, 1, 9.5, 1.875 ], "texture": "#main" }
            }
        }, 
        {
            "name": "Tail1", 
            "from": [ -5, 4, 5.5 ], 
            "to":   [ 7, 9, 10.5 ], 
            "rotation": { "angle": 45, "axis": "z", "origin": [8, 8, 8] }, 
            "faces": {
                "north": { "uv": [ 10, 0, 10.375, 0.625 ], "texture": "#main" }, 
                "east":  { "uv": [ 10.375, 0, 10.5625, 0.625 ], "texture": "#main" }, 
                "south": { "uv": [ 10.5, 0, 10.875, 0.625 ], "texture": "#main" }, 
                "west":  { "uv": [ 10.875, 0, 11.0625, 0.625 ], "texture": "#main" }, 
                "up":    { "uv": [ 10, 0.625, 10.375, 1.25 ], "texture": "#main" }, 
                "down":  { "uv": [ 10.8125, 0.625, 11.1875, 1.25 ], "texture": "#main" }
            }
        }, 
        {
            "name": "Tail2", 
            "from": [ -10, -0.6, 6 ], 
            "to":   [ -2, 3.4, 10 ], 
            "rotation": { "angle": 22.5, "axis": "z", "origin": [8, 8, 8] }, 
            "faces": {
                "north": { "uv": [ 12, 0, 12.5, 0.5 ], "texture": "#main" }, 
                "east":  { "uv": [ 12.5, 0, 12.75, 0.5 ], "texture": "#main" }, 
                "south": { "uv": [ 12.75, 0, 13.25, 0.5 ], "texture": "#main" }, 
                "west":  { "uv": [ 13.25, 0, 13.5, 0.5 ], "texture": "#main" }, 
                "up":    { "uv": [ 12, 0.5, 12.5, 1 ], "texture": "#main" }, 
                "down":  { "uv": [ 12.75, 0.5, 13.25, 1 ], "texture": "#main" }
            }
        }, 
        {
            "name": "Tail3", 
            "from": [ -11, -6.6, 6.5 ], 
            "to":   [ -5, -3.6, 9.5 ], 
            "faces": {
                "north": { "uv": [ 14, 0, 14.4375, 0.375 ], "texture": "#main" }, 
                "east":  { "uv": [ 14.375, 0, 14.625, 0.375 ], "texture": "#main" }, 
                "south": { "uv": [ 14.625, 0, 15.0625, 0.375 ], "texture": "#main" }, 
                "west":  { "uv": [ 15.0625, 0, 15.25, 0.375 ], "texture": "#main" }, 
                "up":    { "uv": [ 14, 0.375, 14.4375, 0.75 ], "texture": "#main" }, 
                "down":  { "uv": [ 14.625, 0.375, 15.0625, 0.75 ], "texture": "#main" }
            }
        }, 
        {
            "name": "Chest", 
            "from": [ 12, 0, 4 ], 
            "to":   [ 19, 9, 12 ], 
            "faces": {
                "north": { "uv": [ 8, 2, 8.5, 2.5625 ], "texture": "#main" }, 
                "east":  { "uv": [ 8.5, 2, 9, 2.5625 ], "texture": "#main" }, 
                "south": { "uv": [ 9, 2, 9.5, 2.5625 ], "texture": "#main" }, 
                "west":  { "uv": [ 9.5, 2, 10, 2.5625 ], "texture": "#main" }, 
                "up":    { "uv": [ 8, 2.5625, 8.5, 3.0625 ], "texture": "#main" }, 
                "down":  { "uv": [ 9, 2.5625, 9.5, 3.0625 ], "texture": "#main" }
            }
        }, 
        {
            "name": "Neck", 
            "from": [ 12, -1, 5.5 ], 
            "to":   [ 22, 4, 10.5 ], 
            "rotation": { "angle": 45, "axis": "z", "origin": [8, 8, 8] }, 
            "faces": {
                "north": { "uv": [ 10, 2, 10.625, 2.625 ], "texture": "#main" }, 
                "east":  { "uv": [ 10.625, 2, 10.9375, 2.625 ], "texture": "#main" }, 
                "south": { "uv": [ 10.9375, 2, 11.5625, 2.625 ], "texture": "#main" }, 
                "west":  { "uv": [ 11.5625, 2, 11.875, 2.625 ], "texture": "#main" }, 
                "up":    { "uv": [ 10, 2.625, 10.625, 3.25 ], "texture": "#main" }, 
                "down":  { "uv": [ 10.9375, 2.625, 11.5625, 3.25 ], "texture": "#main" }
            }
        }, 
        {
            "name": "Head", 
            "from": [ 19, 11, 5 ], 
            "to":   [ 25, 16, 11 ], 
            "faces": {
                "north": { "uv": [ 12, 2, 12.375, 2.625 ], "texture": "#main" }, 
                "east":  { "uv": [ 12.375, 2, 12.75, 2.625 ], "texture": "#main" }, 
                "south": { "uv": [ 12.75, 2, 13.125, 2.625 ], "texture": "#main" }, 
                "west":  { "uv": [ 13.125, 2, 13.5, 2.625 ], "texture": "#main" }, 
                "up":    { "uv": [ 12, 2.625, 12.375, 3.25 ], "texture": "#main" }, 
                "down":  { "uv": [ 12.75, 2.625, 13.125, 3.25 ], "texture": "#main" }
            }
        }, 
        {
            "name": "Snout1", 
            "from": [ 25, 12, 5.3 ], 
            "to":   [ 30, 15, 10.8 ], 
            "faces": {
                "north": { "uv": [ 14, 2, 14.3125, 2.375 ], "texture": "#main" }, 
                "east":  { "uv": [ 14, 2, 14.3125, 2.375 ], "texture": "#main" }, 
                "south": { "uv": [ 14.875, 2, 15.3125, 2.375 ], "texture": "#main" }, 
                "west":  { "uv": [ 14.875, 2, 15.1875, 2.375 ], "texture": "#main" }, 
                "up":    { "uv": [ 14, 2.375, 14.3125, 2.75 ], "texture": "#main" }, 
                "down":  { "uv": [ 14, 2, 14.25, 2.3125 ], "texture": "#main" }
            }
        }, 
        {
            "name": "Snout2", 
            "from": [ 22, 10, 5.8 ], 
            "to":   [ 29, 12, 10.3 ], 
            "faces": {
                "north": { "uv": [ 8, 4, 8.5, 4.25 ], "texture": "#main" }, 
                "east":  { "uv": [ 8.5, 4, 8.8125, 4.25 ], "texture": "#main" }, 
                "south": { "uv": [ 8.6875, 4, 9.1875, 4.25 ], "texture": "#main" }, 
                "west":  { "uv": [ 8.6875, 4, 9, 4.25 ], "texture": "#main" }, 
                "up":    { "uv": [ 8, 4, 8.5, 4.4375 ], "texture": "#main" }, 
                "down":  { "uv": [ 8.625, 4.25, 8.9375, 4.8125 ], "texture": "#main" }
            }
        }, 
        {
            "name": "Crest1", 
            "from": [ 22, 0, 7.5 ], 
            "to":   [ 28, 5, 8.5 ], 
            "rotation": { "angle": 45, "axis": "z", "origin": [8, 8, 8] }, 
            "faces": {
                "north": { "uv": [ 10, 4, 10.375, 4.3125 ], "texture": "#main" }, 
                "east":  { "uv": [ 10.375, 4, 10.4375, 4.3125 ], "texture": "#main" }, 
                "south": { "uv": [ 10.4375, 4, 10.8125, 4.3125 ], "texture": "#main" }, 
                "west":  { "uv": [ 10.8125, 4, 10.875, 4.3125 ], "texture": "#main" }, 
                "up":    { "uv": [ 10, 4.3125, 10.375, 4.375 ], "texture": "#main" }, 
                "down":  { "uv": [ 10.4375, 4.3125, 10.8125, 4.375 ], "texture": "#main" }
            }
        }, 
        {
            "name": "Crest2", 
            "from": [ 19, 19, 7 ], 
            "to":   [ 25, 22, 9 ], 
            "rotation": { "angle": -22.5, "axis": "z", "origin": [8, 8, 8] }, 
            "faces": {
                "north": { "uv": [ 12, 4, 12.375, 4.375 ], "texture": "#main" }, 
                "east":  { "uv": [ 12.4375, 4, 12.5625, 4.375 ], "texture": "#main" }, 
                "south": { "uv": [ 12.625, 4, 13, 4.375 ], "texture": "#main" }, 
                "west":  { "uv": [ 12, 4, 12.25, 4.375 ], "texture": "#main" }, 
                "up":    { "uv": [ 12, 4, 12.75, 4.25 ], "texture": "#main" }, 
                "down":  { "uv": [ 12, 4, 12.75, 4.25 ], "texture": "#main" }
            }
        }, 
        {
            "name": "Arm1", 
            "from": [ 18, 0, 3 ], 
            "to":   [ 20.5, 6, 5.5 ], 
            "rotation": { "angle": -22.5, "axis": "z", "origin": [8, 8, 8] }, 
            "faces": {
                "north": { "uv": [ 14, 4, 14.1875, 4.75 ], "texture": "#main" }, 
                "east":  { "uv": [ 14.1875, 4, 14.375, 4.75 ], "texture": "#main" }, 
                "south": { "uv": [ 14.5625, 4, 14.375, 4.75 ], "texture": "#main" }, 
                "west":  { "uv": [ 14.5625, 4, 14.75, 4.75 ], "texture": "#main" }, 
                "up":    { "uv": [ 14, 4.75, 14.1875, 4.9375 ], "texture": "#main" }, 
                "down":  { "uv": [ 14.375, 4.75, 14.5625, 4.9375 ], "texture": "#main" }
            }
        }, 
        {
            "name": "Arm2", 
            "from": [ 18, 0, 10.5 ], 
            "to":   [ 20.5, 6, 13 ], 
            "rotation": { "angle": -22.5, "axis": "z", "origin": [8, 8, 8] }, 
            "faces": {
                "north": { "uv": [ 14, 4, 14.1875, 4.75 ], "texture": "#main" }, 
                "east":  { "uv": [ 14.1875, 4, 14.375, 4.75 ], "texture": "#main" }, 
                "south": { "uv": [ 14.375, 4, 14.5625, 4.75 ], "texture": "#main" }, 
                "west":  { "uv": [ 14.5625, 4, 14.75, 4.75 ], "texture": "#main" }, 
                "up":    { "uv": [ 14, 4.75, 14.1875, 4.9375 ], "texture": "#main" }, 
                "down":  { "uv": [ 14.375, 4.75, 14.5625, 4.9375 ], "texture": "#main" }
            }
        }, 
        {
            "name": "Arm3", 
            "from": [ 15, -10, 10.8 ], 
            "to":   [ 17, -3, 12.8 ], 
            "rotation": { "angle": 0, "axis": "z", "origin": [18, 9, 8] }, 
            "faces": {
                "north": { "uv": [ 14.75, 4.125, 14.875, 4.875 ], "texture": "#main" }, 
                "east":  { "uv": [ 14.875, 4.125, 15, 4.875 ], "texture": "#main" }, 
                "south": { "uv": [ 15, 4.125, 15.125, 4.875 ], "texture": "#main" }, 
                "west":  { "uv": [ 14.5625, 4, 14.75, 4.75 ], "texture": "#main" }, 
                "up":    { "uv": [ 14, 4, 14.25, 4.25 ], "texture": "#main" }, 
                "down":  { "uv": [ 14, 4, 14.25, 4.25 ], "texture": "#main" }
            }
        }, 
        {
            "name": "Arm4", 
            "from": [ 10, -10, 3.2 ], 
            "to":   [ 12, -3, 5.2 ], 
            "rotation": { "angle": 22.5, "axis": "z", "origin": [13, 9, 8] }, 
            "faces": {
                "north": { "uv": [ 14, 4, 14.125, 4.75 ], "texture": "#main" }, 
                "east":  { "uv": [ 14.25, 4, 14.375, 4.75 ], "texture": "#main" }, 
                "south": { "uv": [ 14.375, 4, 14.5, 4.75 ], "texture": "#main" }, 
                "west":  { "uv": [ 14.625, 4, 14.75, 4.75 ], "texture": "#main" }, 
                "up":    { "uv": [ 14, 4, 14.25, 4.25 ], "texture": "#main" }, 
                "down":  { "uv": [ 14, 4, 14.25, 4.25 ], "texture": "#main" }
            }
        }, 
        {
            "name": "Leg1", 
            "from": [ 9, -3, 2.2 ], 
            "to":   [ 14, 4, 7.2 ], 
            "rotation": { "angle": -22.5, "axis": "z", "origin": [8, 8, 8] }, 
            "faces": {
                "north": { "uv": [ 8, 6, 8.3125, 6.875 ], "texture": "#main" }, 
                "east":  { "uv": [ 8.3125, 6, 8.625, 6.875 ], "texture": "#main" }, 
                "south": { "uv": [ 8.625, 6, 8.9375, 6.875 ], "texture": "#main" }, 
                "west":  { "uv": [ 8.9375, 6, 9.25, 6.875 ], "texture": "#main" }, 
                "up":    { "uv": [ 8, 6, 8.625, 6.625 ], "texture": "#main" }, 
                "down":  { "uv": [ 8, 6, 8.625, 6.625 ], "texture": "#main" }
            }
        }, 
        {
            "name": "Leg2", 
            "from": [ 9, -3, 9.2 ], 
            "to":   [ 14, 4, 14.2 ], 
            "rotation": { "angle": -22.5, "axis": "z", "origin": [8, 8, 8] }, 
            "faces": {
                "north": { "uv": [ 8, 6, 8.3125, 6.875 ], "texture": "#main" }, 
                "east":  { "uv": [ 8.3125, 6, 8.625, 6.875 ], "texture": "#main" }, 
                "south": { "uv": [ 8.625, 6, 8.9375, 6.875 ], "texture": "#main" }, 
                "west":  { "uv": [ 8.9375, 6, 9.25, 6.875 ], "texture": "#main" }, 
                "up":    { "uv": [ 8, 6, 8.625, 6.625 ], "texture": "#main" }, 
                "down":  { "uv": [ 8, 6, 8.625, 6.625 ], "texture": "#main" }
            }
        }, 
        {
            "name": "Leg4", 
            "from": [ 4, -10, 10.2 ], 
            "to":   [ 7, -1, 13.2 ], 
            "rotation": { "angle": 22.5, "axis": "z", "origin": [5.5, -5.5, 11.7] }, 
            "faces": {
                "north": { "uv": [ 9.25, 6, 9.4375, 7.125 ], "texture": "#main" }, 
                "east":  { "uv": [ 9.4375, 6, 9.625, 7.125 ], "texture": "#main" }, 
                "south": { "uv": [ 9.625, 6, 9.8125, 7.125 ], "texture": "#main" }, 
                "west":  { "uv": [ 9.8125, 6, 10, 7.125 ], "texture": "#main" }, 
                "up":    { "uv": [ 8, 6, 8.375, 6.375 ], "texture": "#main" }, 
                "down":  { "uv": [ 8, 6, 8.375, 6.375 ], "texture": "#main" }
            }
        }, 
        {
            "name": "Leg5", 
            "from": [ 4, -10, 3.2 ], 
            "to":   [ 7, -1, 6.2 ], 
            "faces": {
                "north": { "uv": [ 9.25, 6, 9.4375, 7.125 ], "texture": "#main" }, 
                "east":  { "uv": [ 9.4375, 6, 9.625, 7.125 ], "texture": "#main" }, 
                "south": { "uv": [ 9.625, 6, 9.8125, 7.125 ], "texture": "#main" }, 
                "west":  { "uv": [ 9.8125, 6, 10, 7.125 ], "texture": "#main" }, 
                "up":    { "uv": [ 8, 6, 8.375, 6.375 ], "texture": "#main" }, 
                "down":  { "uv": [ 8, 6, 8.375, 6.375 ], "texture": "#main" }
            }
        }, 
        {
            "name": "Body", 
            "from": [ 5, 0, 4 ], 
            "to":   [ 12, 8, 12 ], 
            "faces": {
                "north": { "uv": [ 0, 8, 0.5, 9 ], "texture": "#main" }, 
                "east":  { "uv": [ 0.5, 8, 1, 9 ], "texture": "#main" }, 
                "south": { "uv": [ 1, 8, 1.5, 9 ], "texture": "#main" }, 
                "west":  { "uv": [ 1.5, 8, 2, 9 ], "texture": "#main" }, 
                "up":    { "uv": [ 0, 9, 0.5, 9.875 ], "texture": "#main" }, 
                "down":  { "uv": [ 1, 9, 1.5, 9.875 ], "texture": "#main" }
            }
        }, 
        {
            "name": "Tail1", 
            "from": [ -5, 4, 5.5 ], 
            "to":   [ 7, 9, 10.5 ], 
            "rotation": { "angle": 45, "axis": "z", "origin": [8, 8, 8] }, 
            "faces": {
                "north": { "uv": [ 2, 8, 2.375, 8.625 ], "texture": "#main" }, 
                "east":  { "uv": [ 2.375, 8, 2.5625, 8.625 ], "texture": "#main" }, 
                "south": { "uv": [ 2.5, 8, 2.875, 8.625 ], "texture": "#main" }, 
                "west":  { "uv": [ 2.875, 8, 3.0625, 8.625 ], "texture": "#main" }, 
                "up":    { "uv": [ 2, 8.625, 2.375, 9.25 ], "texture": "#main" }, 
                "down":  { "uv": [ 2.8125, 8.625, 3.1875, 9.25 ], "texture": "#main" }
            }
        }, 
        {
            "name": "Tail2", 
            "from": [ -10, -0.6, 6 ], 
            "to":   [ -2, 3.4, 10 ], 
            "rotation": { "angle": 22.5, "axis": "z", "origin": [8, 8, 8] }, 
            "faces": {
                "north": { "uv": [ 4, 8, 4.5, 8.5 ], "texture": "#main" }, 
                "east":  { "uv": [ 4.5, 8, 4.75, 8.5 ], "texture": "#main" }, 
                "south": { "uv": [ 4.75, 8, 5.25, 8.5 ], "texture": "#main" }, 
                "west":  { "uv": [ 5.25, 8, 5.5, 8.5 ], "texture": "#main" }, 
                "up":    { "uv": [ 4, 8.5, 4.5, 9 ], "texture": "#main" }, 
                "down":  { "uv": [ 4.75, 8.5, 5.25, 9 ], "texture": "#main" }
            }
        }, 
        {
            "name": "Tail3", 
            "from": [ -11, -6.6, 6.5 ], 
            "to":   [ -5, -3.6, 9.5 ], 
            "faces": {
                "north": { "uv": [ 6, 8, 6.4375, 8.375 ], "texture": "#main" }, 
                "east":  { "uv": [ 6.375, 8, 6.625, 8.375 ], "texture": "#main" }, 
                "south": { "uv": [ 6.625, 8, 7.0625, 8.375 ], "texture": "#main" }, 
                "west":  { "uv": [ 7.0625, 8, 7.25, 8.375 ], "texture": "#main" }, 
                "up":    { "uv": [ 6, 8.375, 6.4375, 8.75 ], "texture": "#main" }, 
                "down":  { "uv": [ 6.625, 8.375, 7.0625, 8.75 ], "texture": "#main" }
            }
        }, 
        {
            "name": "Chest", 
            "from": [ 12, 0, 4 ], 
            "to":   [ 19, 9, 12 ], 
            "faces": {
                "north": { "uv": [ 0, 10, 0.5, 10.5625 ], "texture": "#main" }, 
                "east":  { "uv": [ 0.5, 10, 1, 10.5625 ], "texture": "#main" }, 
                "south": { "uv": [ 1, 10, 1.5, 10.5625 ], "texture": "#main" }, 
                "west":  { "uv": [ 1.5, 10, 2, 10.5625 ], "texture": "#main" }, 
                "up":    { "uv": [ 0, 10.5625, 0.5, 11.0625 ], "texture": "#main" }, 
                "down":  { "uv": [ 1, 10.5625, 1.5, 11.0625 ], "texture": "#main" }
            }
        }, 
        {
            "name": "Neck", 
            "from": [ 12, -1, 5.5 ], 
            "to":   [ 22, 4, 10.5 ], 
            "rotation": { "angle": 45, "axis": "z", "origin": [8, 8, 8] }, 
            "faces": {
                "north": { "uv": [ 2, 10, 2.625, 10.625 ], "texture": "#main" }, 
                "east":  { "uv": [ 2.625, 10, 2.9375, 10.625 ], "texture": "#main" }, 
                "south": { "uv": [ 2.9375, 10, 3.5625, 10.625 ], "texture": "#main" }, 
                "west":  { "uv": [ 3.5625, 10, 3.875, 10.625 ], "texture": "#main" }, 
                "up":    { "uv": [ 2, 10.625, 2.625, 11.25 ], "texture": "#main" }, 
                "down":  { "uv": [ 2.9375, 10.625, 3.5625, 11.25 ], "texture": "#main" }
            }
        }, 
        {
            "name": "Head", 
            "from": [ 19, 11, 5 ], 
            "to":   [ 25, 16, 11 ], 
            "faces": {
                "north": { "uv": [ 4, 10, 4.375, 10.625 ], "texture": "#main" }, 
                "east":  { "uv": [ 4.375, 10, 4.75, 10.625 ], "texture": "#main" }, 
                "south": { "uv": [ 4.75, 10, 5.125, 10.625 ], "texture": "#main" }, 
                "west":  { "uv": [ 5.125, 10, 5.5, 10.625 ], "texture": "#main" }, 
                "up":    { "uv": [ 4, 10.625, 4.375, 11.25 ], "texture": "#main" }, 
                "down":  { "uv": [ 4.75, 10.625, 5.125, 11.25 ], "texture": "#main" }
            }
        }, 
        {
            "name": "Snout1", 
            "from": [ 25, 12, 5.3 ], 
            "to":   [ 30, 15, 10.8 ], 
            "faces": {
                "north": { "uv": [ 6, 10, 6.3125, 10.375 ], "texture": "#main" }, 
                "east":  { "uv": [ 6, 10, 6.3125, 10.375 ], "texture": "#main" }, 
                "south": { "uv": [ 6.875, 10, 7.3125, 10.375 ], "texture": "#main" }, 
                "west":  { "uv": [ 6.875, 10, 7.1875, 10.375 ], "texture": "#main" }, 
                "up":    { "uv": [ 6, 10.375, 6.3125, 10.75 ], "texture": "#main" }, 
                "down":  { "uv": [ 6, 10, 6.25, 10.3125 ], "texture": "#main" }
            }
        }, 
        {
            "name": "Snout2", 
            "from": [ 22, 10, 5.8 ], 
            "to":   [ 29, 12, 10.3 ], 
            "faces": {
                "north": { "uv": [ 0, 12, 0.5, 12.25 ], "texture": "#main" }, 
                "east":  { "uv": [ 0.5, 12, 0.8125, 12.25 ], "texture": "#main" }, 
                "south": { "uv": [ 0.6875, 12, 1.1875, 12.25 ], "texture": "#main" }, 
                "west":  { "uv": [ 0.6875, 12, 1, 12.25 ], "texture": "#main" }, 
                "up":    { "uv": [ 0, 12, 0.5, 12.4375 ], "texture": "#main" }, 
                "down":  { "uv": [ 0.625, 12.25, 0.9375, 12.8125 ], "texture": "#main" }
            }
        }, 
        {
            "name": "Crest1", 
            "from": [ 22, 0, 7.5 ], 
            "to":   [ 28, 5, 8.5 ], 
            "rotation": { "angle": 45, "axis": "z", "origin": [8, 8, 8] }, 
            "faces": {
                "north": { "uv": [ 2, 12, 2.375, 12.3125 ], "texture": "#main" }, 
                "east":  { "uv": [ 2.375, 12, 2.4375, 12.3125 ], "texture": "#main" }, 
                "south": { "uv": [ 2.4375, 12, 2.8125, 12.3125 ], "texture": "#main" }, 
                "west":  { "uv": [ 2.8125, 12, 2.875, 12.3125 ], "texture": "#main" }, 
                "up":    { "uv": [ 2, 12.3125, 2.375, 12.375 ], "texture": "#main" }, 
                "down":  { "uv": [ 2.4375, 12.3125, 2.8125, 12.375 ], "texture": "#main" }
            }
        }, 
        {
            "name": "Crest2", 
            "from": [ 19, 19, 7 ], 
            "to":   [ 25, 22, 9 ], 
            "rotation": { "angle": -22.5, "axis": "z", "origin": [8, 8, 8] }, 
            "faces": {
                "north": { "uv": [ 4, 12, 4.375, 12.375 ], "texture": "#main" }, 
                "east":  { "uv": [ 4.4375, 12, 4.5625, 12.375 ], "texture": "#main" }, 
                "south": { "uv": [ 4.625, 12, 5, 12.375 ], "texture": "#main" }, 
                "west":  { "uv": [ 4, 12, 4.25, 12.375 ], "texture": "#main" }, 
                "up":    { "uv": [ 4, 12, 4.75, 12.25 ], "texture": "#main" }, 
                "down":  { "uv": [ 4, 12, 4.75, 12.25 ], "texture": "#main" }
            }
        }, 
        {
            "name": "Arm1", 
            "from": [ 18, 0, 3 ], 
            "to":   [ 20.5, 6, 5.5 ], 
            "rotation": { "angle": -22.5, "axis": "z", "origin": [8, 8, 8] }, 
            "faces": {
                "north": { "uv": [ 6, 12, 6.1875, 12.75 ], "texture": "#main" }, 
                "east":  { "uv": [ 6.1875, 12, 6.375, 12.75 ], "texture": "#main" }, 
                "south": { "uv": [ 6.5625, 12, 6.375, 12.75 ], "texture": "#main" }, 
                "west":  { "uv": [ 6.5625, 12, 6.75, 12.75 ], "texture": "#main" }, 
                "up":    { "uv": [ 6, 12.75, 6.1875, 12.9375 ], "texture": "#main" }, 
                "down":  { "uv": [ 6.375, 12.75, 6.5625, 12.9375 ], "texture": "#main" }
            }
        }, 
        {
            "name": "Arm2", 
            "from": [ 18, 0, 10.5 ], 
            "to":   [ 20.5, 6, 13 ], 
            "rotation": { "angle": -22.5, "axis": "z", "origin": [8, 8, 8] }, 
            "faces": {
                "north": { "uv": [ 6, 12, 6.1875, 12.75 ], "texture": "#main" }, 
                "east":  { "uv": [ 6.1875, 12, 6.375, 12.75 ], "texture": "#main" }, 
                "south": { "uv": [ 6.375, 12, 6.5625, 12.75 ], "texture": "#main" }, 
                "west":  { "uv": [ 6.5625, 12, 6.75, 12.75 ], "texture": "#main" }, 
                "up":    { "uv": [ 6, 12.75, 6.1875, 12.9375 ], "texture": "#main" }, 
                "down":  { "uv": [ 6.375, 12.75, 6.5625, 12.9375 ], "texture": "#main" }
            }
        }, 
        {
            "name": "Arm3", 
            "from": [ 10, -10, 10.8 ], 
            "to":   [ 12, -3, 12.8 ], 
            "rotation": { "angle": 22.5, "axis": "z", "origin": [13, 9, 8] }, 
            "faces": {
                "north": { "uv": [ 6.75, 12.125, 6.875, 12.875 ], "texture": "#main" }, 
                "east":  { "uv": [ 6.875, 12.125, 7, 12.875 ], "texture": "#main" }, 
                "south": { "uv": [ 7, 12.125, 7.125, 12.875 ], "texture": "#main" }, 
                "west":  { "uv": [ 6.5625, 12, 6.75, 12.75 ], "texture": "#main" }, 
                "up":    { "uv": [ 6, 12, 6.25, 12.25 ], "texture": "#main" }, 
                "down":  { "uv": [ 6, 12, 6.25, 12.25 ], "texture": "#main" }
            }
        }, 
        {
            "name": "Arm4", 
            "from": [ 15, -10, 3.2 ], 
            "to":   [ 17, -3, 5.2 ], 
            "rotation": { "angle": 0, "axis": "z", "origin": [18, 9, 8] }, 
            "faces": {
                "north": { "uv": [ 6, 12, 6.125, 12.75 ], "texture": "#main" }, 
                "east":  { "uv": [ 6.25, 12, 6.375, 12.75 ], "texture": "#main" }, 
                "south": { "uv": [ 6.375, 12, 6.5, 12.75 ], "texture": "#main" }, 
                "west":  { "uv": [ 6.625, 12, 6.75, 12.75 ], "texture": "#main" }, 
                "up":    { "uv": [ 6, 12, 6.25, 12.25 ], "texture": "#main" }, 
                "down":  { "uv": [ 6, 12, 6.25, 12.25 ], "texture": "#main" }
            }
        }, 
        {
            "name": "Leg1", 
            "from": [ 9, -3, 2.2 ], 
            "to":   [ 14, 4, 7.2 ], 
            "rotation": { "angle": -22.5, "axis": "z", "origin": [8, 8, 8] }, 
            "faces": {
                "north": { "uv": [ 0, 14, 0.3125, 14.875 ], "texture": "#main" }, 
                "east":  { "uv": [ 0.3125, 14, 0.625, 14.875 ], "texture": "#main" }, 
                "south": { "uv": [ 0.625, 14, 0.9375, 14.875 ], "texture": "#main" }, 
                "west":  { "uv": [ 0.9375, 14, 1.25, 14.875 ], "texture": "#main" }, 
                "up":    { "uv": [ 0, 14, 0.625, 14.625 ], "texture": "#main" }, 
                "down":  { "uv": [ 0, 14, 0.625, 14.625 ], "texture": "#main" }
            }
        }, 
        {
            "name": "Leg2", 
            "from": [ 9, -3, 9.2 ], 
            "to":   [ 14, 4, 14.2 ], 
            "rotation": { "angle": -22.5, "axis": "z", "origin": [8, 8, 8] }, 
            "faces": {
                "north": { "uv": [ 0, 14, 0.3125, 14.875 ], "texture": "#main" }, 
                "east":  { "uv": [ 0.3125, 14, 0.625, 14.875 ], "texture": "#main" }, 
                "south": { "uv": [ 0.625, 14, 0.9375, 14.875 ], "texture": "#main" }, 
                "west":  { "uv": [ 0.9375, 14, 1.25, 14.875 ], "texture": "#main" }, 
                "up":    { "uv": [ 0, 14, 0.625, 14.625 ], "texture": "#main" }, 
                "down":  { "uv": [ 0, 14, 0.625, 14.625 ], "texture": "#main" }
            }
        }, 
        {
            "name": "Leg4", 
            "from": [ 4, -10, 10.2 ], 
            "to":   [ 7, -1, 13.2 ], 
            "rotation": { "angle": 0, "axis": "z", "origin": [5.5, -5.5, 11.7] }, 
            "faces": {
                "north": { "uv": [ 1.25, 14, 1.4375, 15.125 ], "texture": "#main" }, 
                "east":  { "uv": [ 1.4375, 14, 1.625, 15.125 ], "texture": "#main" }, 
                "south": { "uv": [ 1.625, 14, 1.8125, 15.125 ], "texture": "#main" }, 
                "west":  { "uv": [ 1.8125, 14, 2, 15.125 ], "texture": "#main" }, 
                "up":    { "uv": [ 0, 14, 0.375, 14.375 ], "texture": "#main" }, 
                "down":  { "uv": [ 0, 14, 0.375, 14.375 ], "texture": "#main" }
            }
        }, 
        {
            "name": "Leg5", 
            "from": [ 4, -10, 3.2 ], 
            "to":   [ 7, -1, 6.2 ], 
            "rotation": { "angle": 22.5, "axis": "z", "origin": [5.5, -5.5, 4.7] }, 
            "faces": {
                "north": { "uv": [ 1.25, 14, 1.4375, 15.125 ], "texture": "#main" }, 
                "east":  { "uv": [ 1.4375, 14, 1.625, 15.125 ], "texture": "#main" }, 
                "south": { "uv": [ 1.625, 14, 1.8125, 15.125 ], "texture": "#main" }, 
                "west":  { "uv": [ 1.8125, 14, 2, 15.125 ], "texture": "#main" }, 
                "up":    { "uv": [ 0, 14, 0.375, 14.375 ], "texture": "#main" }, 
                "down":  { "uv": [ 0, 14, 0.375, 14.375 ], "texture": "#main" }
            }
        }
    ], 
    "display": {
        "ground": {
            "rotation": [ 0, 0, 0 ], 
            "translation": [ 0, 0, 0 ], 
            "scale": [ 0.5, 0.5, 0.5 ]
        }, 
        "head": {
            "rotation": [ 0, 90, 0 ], 
            "translation": [ 0, 28.5, 0 ], 
            "scale": [ 4, 4, 4 ]
        }, 
        "thirdperson_righthand": {
            "rotation": [ 0, 0, 0 ], 
            "translation": [ 0, 3, 1 ], 
            "scale": [ 0.55, 0.55, 0.55 ]
        }, 
        "firstperson_righthand": {
            "rotation": [ 0, -90, 25 ], 
            "translation": [ 1.13, 3.2, 1.13 ], 
            "scale": [ 0, 0, 0 ]
        }
    }, 
    "__comment": "Model animated using Fizzy's model animator - http://fizzy81.github.io/animated-models/"
}