{
	"credit": "Made with Blockbench",
	"elements": [
		{
			"from": [-1, 3, 3.5],
			"to": [9, 12, 12.5],
			"rotation": {"angle": 0, "axis": "z", "origin": [6.5, 7.5, 8]},
			"faces": {
				"north": {"uv": [0, 0, 10, 9], "texture": "#missing"},
				"east": {"uv": [0, 0, 9, 9], "texture": "#missing"},
				"south": {"uv": [0, 0, 10, 9], "texture": "#missing"},
				"west": {"uv": [0, 0, 9, 9], "texture": "#missing"},
				"up": {"uv": [0, 0, 10, 9], "texture": "#missing"},
				"down": {"uv": [0, 0, 10, 9], "texture": "#missing"}
			}
		},
		{
			"from": [7, 2, 2.5],
			"to": [18, 13, 13.5],
			"rotation": {"angle": 0, "axis": "z", "origin": [14.5, 7.5, 8]},
			"faces": {
				"north": {"uv": [0, 0, 11, 11], "texture": "#missing"},
				"east": {"uv": [0, 0, 11, 11], "texture": "#missing"},
				"south": {"uv": [0, 0, 11, 11], "texture": "#missing"},
				"west": {"uv": [0, 0, 11, 11], "texture": "#missing"},
				"up": {"uv": [0, 0, 11, 11], "texture": "#missing"},
				"down": {"uv": [0, 0, 11, 11], "texture": "#missing"}
			}
		},
		{
			"from": [-5, 5, 5],
			"to": [1, 20, 11],
			"rotation": {"angle": 45, "axis": "z", "origin": [-0.5, 12.5, 8.5]},
			"faces": {
				"north": {"uv": [0, 0, 15, 6], "texture": "#missing", "rotation": 270},
				"east": {"uv": [0, 0, 15, 6], "texture": "#missing", "rotation": 90},
				"south": {"uv": [0, 0, 15, 6], "texture": "#missing", "rotation": 90},
				"west": {"uv": [0, 0, 15, 6], "texture": "#missing", "rotation": 90},
				"up": {"uv": [0, 0, 6, 6], "texture": "#missing", "rotation": 90},
				"down": {"uv": [0, 0, 6, 6], "texture": "#missing", "rotation": 90}
			}
		},
		{
			"from": [-10, 14, 4.5],
			"to": [-2, 21, 11.5],
			"rotation": {"angle": 22.5, "axis": "z", "origin": [-3.5, 21.5, 9.5]},
			"faces": {
				"north": {"uv": [0, 0, 7, 8], "texture": "#missing", "rotation": 270},
				"east": {"uv": [0, 0, 7, 7], "texture": "#missing", "rotation": 90},
				"south": {"uv": [0, 0, 7, 8], "texture": "#missing", "rotation": 90},
				"west": {"uv": [0, 0, 7, 7], "texture": "#missing", "rotation": 90},
				"up": {"uv": [0, 0, 7, 8], "texture": "#missing", "rotation": 90},
				"down": {"uv": [0, 0, 7, 8], "texture": "#missing", "rotation": 90}
			}
		},
		{
			"from": [-16, 12.9, 4.5],
			"to": [-9.8, 17.9, 11.5],
			"rotation": {"angle": 22.5, "axis": "z", "origin": [-6.3, 20.4, 9.5]},
			"faces": {
				"north": {"uv": [0, 0, 5, 6.2], "texture": "#missing", "rotation": 270},
				"east": {"uv": [0, 0, 5, 7], "texture": "#missing", "rotation": 90},
				"south": {"uv": [0, 0, 5, 6.2], "texture": "#missing", "rotation": 90},
				"west": {"uv": [0, 0, 5, 7], "texture": "#missing", "rotation": 90},
				"up": {"uv": [0, 0, 7, 6.2], "texture": "#missing", "rotation": 90},
				"down": {"uv": [0, 0, 7, 6.2], "texture": "#missing", "rotation": 90}
			}
		},
		{
			"from": [1, 20, 5.5],
			"to": [4, 28, 10.5],
			"rotation": {"angle": -45, "axis": "z", "origin": [-0.5, 26.5, 9.5]},
			"faces": {
				"north": {"uv": [0, 0, 3, 8], "texture": "#missing"},
				"east": {"uv": [0, 0, 5, 8], "texture": "#missing"},
				"south": {"uv": [0, 0, 3, 8], "texture": "#missing"},
				"west": {"uv": [0, 0, 5, 8], "texture": "#missing"},
				"up": {"uv": [0, 0, 3, 5], "texture": "#missing"},
				"down": {"uv": [0, 0, 3, 5], "texture": "#missing"}
			}
		},
		{
			"from": [0, 25, 6.5],
			"to": [8, 28, 9.5],
			"rotation": {"angle": 22.5, "axis": "z", "origin": [6.5, 29.5, 9.5]},
			"faces": {
				"north": {"uv": [0, 0, 3, 8], "texture": "#missing", "rotation": 270},
				"east": {"uv": [0, 0, 3, 3], "texture": "#missing", "rotation": 90},
				"south": {"uv": [0, 0, 3, 8], "texture": "#missing", "rotation": 90},
				"west": {"uv": [0, 0, 3, 3], "texture": "#missing", "rotation": 90},
				"up": {"uv": [0, 0, 3, 8], "texture": "#missing", "rotation": 90},
				"down": {"uv": [0, 0, 3, 8], "texture": "#missing", "rotation": 90}
			}
		},
		{
			"from": [18, 6, 4.5],
			"to": [22, 13, 11.5],
			"rotation": {"angle": 0, "axis": "z", "origin": [18.5, 7.5, 8]},
			"faces": {
				"north": {"uv": [0, 0, 4, 7], "texture": "#missing"},
				"east": {"uv": [0, 0, 7, 7], "texture": "#missing"},
				"south": {"uv": [0, 0, 4, 7], "texture": "#missing"},
				"west": {"uv": [0, 0, 7, 7], "texture": "#missing"},
				"up": {"uv": [0, 0, 4, 7], "texture": "#missing"},
				"down": {"uv": [0, 0, 4, 7], "texture": "#missing"}
			}
		},
		{
			"from": [16, 4, 5.5],
			"to": [27, 10, 10.5],
			"rotation": {"angle": -22.5, "axis": "z", "origin": [23.5, 5.5, 8]},
			"faces": {
				"north": {"uv": [0, 0, 11, 6], "texture": "#missing"},
				"east": {"uv": [0, 0, 5, 6], "texture": "#missing"},
				"south": {"uv": [0, 0, 11, 6], "texture": "#missing"},
				"west": {"uv": [0, 0, 5, 6], "texture": "#missing"},
				"up": {"uv": [0, 0, 11, 5], "texture": "#missing"},
				"down": {"uv": [0, 0, 11, 5], "texture": "#missing"}
			}
		},
		{
			"from": [24, 4, 6.5],
			"to": [32, 8, 9.5],
			"rotation": {"angle": 0, "axis": "z", "origin": [28.5, 5.5, 8]},
			"faces": {
				"north": {"uv": [0, 0, 8, 4], "texture": "#missing"},
				"east": {"uv": [0, 0, 3, 4], "texture": "#missing"},
				"south": {"uv": [0, 0, 8, 4], "texture": "#missing"},
				"west": {"uv": [0, 0, 3, 4], "texture": "#missing"},
				"up": {"uv": [0, 0, 8, 3], "texture": "#missing"},
				"down": {"uv": [0, 0, 8, 3], "texture": "#missing"}
			}
		},
		{
			"from": [10, -1, 0],
			"to": [15, 7, 5],
			"rotation": {"angle": 22.5, "axis": "z", "origin": [12.5, 3, 2.5]},
			"faces": {
				"north": {"uv": [0, 0, 5, 8], "texture": "#missing"},
				"east": {"uv": [0, 0, 5, 8], "texture": "#missing"},
				"south": {"uv": [0, 0, 5, 8], "texture": "#missing"},
				"west": {"uv": [0, 0, 5, 8], "texture": "#missing"},
				"up": {"uv": [0, 0, 5, 5], "texture": "#missing"},
				"down": {"uv": [0, 0, 5, 5], "texture": "#missing"}
			}
		},
		{
			"from": [10, -1, 11],
			"to": [15, 7, 16],
			"rotation": {"angle": 22.5, "axis": "z", "origin": [12.5, 3, 13.5]},
			"faces": {
				"north": {"uv": [0, 0, 5, 8], "texture": "#missing"},
				"east": {"uv": [0, 0, 5, 8], "texture": "#missing"},
				"south": {"uv": [0, 0, 5, 8], "texture": "#missing"},
				"west": {"uv": [0, 0, 5, 8], "texture": "#missing"},
				"up": {"uv": [0, 0, 5, 5], "texture": "#missing"},
				"down": {"uv": [0, 0, 5, 5], "texture": "#missing"}
			}
		},
		{
			"from": [14, -8, 12],
			"to": [18, 3, 15],
			"rotation": {"angle": 0, "axis": "z", "origin": [16.5, -1, 13.5]},
			"faces": {
				"north": {"uv": [0, 0, 4, 11], "texture": "#missing"},
				"east": {"uv": [0, 0, 3, 11], "texture": "#missing"},
				"south": {"uv": [0, 0, 4, 11], "texture": "#missing"},
				"west": {"uv": [0, 0, 3, 11], "texture": "#missing"},
				"up": {"uv": [0, 0, 4, 3], "texture": "#missing"},
				"down": {"uv": [0, 0, 4, 3], "texture": "#missing"}
			}
		},
		{
			"from": [14, -8, 1],
			"to": [18, 3, 4],
			"rotation": {"angle": 0, "axis": "z", "origin": [16.5, -1, 2.5]},
			"faces": {
				"north": {"uv": [0, 0, 4, 11], "texture": "#missing"},
				"east": {"uv": [0, 0, 3, 11], "texture": "#missing"},
				"south": {"uv": [0, 0, 4, 11], "texture": "#missing"},
				"west": {"uv": [0, 0, 3, 11], "texture": "#missing"},
				"up": {"uv": [0, 0, 4, 3], "texture": "#missing"},
				"down": {"uv": [0, 0, 4, 3], "texture": "#missing"}
			}
		},
		{
			"from": [3, -2, 2],
			"to": [7, 5, 5],
			"rotation": {"angle": 22.5, "axis": "z", "origin": [5.5, -1, 3.5]},
			"faces": {
				"north": {"uv": [0, 0, 4, 7], "texture": "#missing"},
				"east": {"uv": [0, 0, 3, 7], "texture": "#missing"},
				"south": {"uv": [0, 0, 4, 7], "texture": "#missing"},
				"west": {"uv": [0, 0, 3, 7], "texture": "#missing"},
				"up": {"uv": [0, 0, 4, 3], "texture": "#missing"},
				"down": {"uv": [0, 0, 4, 3], "texture": "#missing"}
			}
		},
		{
			"from": [3, -2, 11],
			"to": [7, 5, 14],
			"rotation": {"angle": 22.5, "axis": "z", "origin": [5.5, -1, 12.5]},
			"faces": {
				"north": {"uv": [0, 0, 4, 7], "texture": "#missing"},
				"east": {"uv": [0, 0, 3, 7], "texture": "#missing"},
				"south": {"uv": [0, 0, 4, 7], "texture": "#missing"},
				"west": {"uv": [0, 0, 3, 7], "texture": "#missing"},
				"up": {"uv": [0, 0, 4, 3], "texture": "#missing"},
				"down": {"uv": [0, 0, 4, 3], "texture": "#missing"}
			}
		},
		{
			"from": [0, -7, 11.5],
			"to": [3, 1, 13.5],
			"rotation": {"angle": -45, "axis": "z", "origin": [2.5, -5, 12.5]},
			"faces": {
				"north": {"uv": [0, 0, 3, 8], "texture": "#missing"},
				"east": {"uv": [0, 0, 2, 8], "texture": "#missing"},
				"south": {"uv": [0, 0, 3, 8], "texture": "#missing"},
				"west": {"uv": [0, 0, 2, 8], "texture": "#missing"},
				"up": {"uv": [0, 0, 3, 2], "texture": "#missing"},
				"down": {"uv": [0, 0, 3, 2], "texture": "#missing"}
			}
		},
		{
			"from": [0, -7, 2.5],
			"to": [3, 1, 4.5],
			"rotation": {"angle": -45, "axis": "z", "origin": [2.5, -5, 3.5]},
			"faces": {
				"north": {"uv": [0, 0, 3, 8], "texture": "#missing"},
				"east": {"uv": [0, 0, 2, 8], "texture": "#missing"},
				"south": {"uv": [0, 0, 3, 8], "texture": "#missing"},
				"west": {"uv": [0, 0, 2, 8], "texture": "#missing"},
				"up": {"uv": [0, 0, 3, 2], "texture": "#missing"},
				"down": {"uv": [0, 0, 3, 2], "texture": "#missing"}
			}
		}
	],
	"display": {
		"head": {
			"rotation": [0, -90, 0],
			"scale": [2.5, 2.5, 2.5],
			"translation": [0, -4.5, 0]
		}
	}
}