{
	"credit": "Made with Blockbench",
	"textures": {
		"0": "block/pteranodon_wing",
		"1": "block/pteranodon_leg",
		"2": "block/pteranodon_head",
		"3": "block/pteranodon_body"
	},
	"elements": [
		{
			"name": "Foot1",
			"from": [8.7, 1, 8.5],
			"to": [10.2, 1.5, 11.5],
			"rotation": {"angle": -45, "axis": "x", "origin": [9.45, 1.25, 10]},
			"faces": {
				"north": {"uv": [0, 0, 1.5, 0.5], "texture": "#1"},
				"east": {"uv": [0, 0, 2, 0.5], "texture": "#1"},
				"south": {"uv": [0, 0, 1.5, 0.5], "texture": "#1"},
				"west": {"uv": [0, 0, 2, 0.5], "texture": "#1"},
				"up": {"uv": [0, 0, 1.5, 2], "texture": "#1"},
				"down": {"uv": [0, 0, 1.5, 2], "texture": "#1"}
			}
		},
		{
			"name": "Foot2",
			"from": [5.7, 1, 8.5],
			"to": [7.2, 1.5, 11.5],
			"rotation": {"angle": -45, "axis": "x", "origin": [6.45, 1.25, 10]},
			"faces": {
				"north": {"uv": [0, 0, 1.5, 0.5], "texture": "#1"},
				"east": {"uv": [0, 0, 2, 0.5], "texture": "#1"},
				"south": {"uv": [0, 0, 1.5, 0.5], "texture": "#1"},
				"west": {"uv": [0, 0, 2, 0.5], "texture": "#1"},
				"up": {"uv": [0, 1, 2, 3], "texture": "#1"},
				"down": {"uv": [0, 1, 1.5, 3], "texture": "#1"}
			}
		},
		{
			"name": "Leg1",
			"from": [9, 2, 6],
			"to": [10, 3, 10.5],
			"rotation": {"angle": 22.5, "axis": "x", "origin": [9.5, 2.5, 8.5]},
			"faces": {
				"north": {"uv": [0, 11, 1, 12], "texture": "#1", "rotation": 180},
				"east": {"uv": [3, 6, 4, 10.5], "texture": "#1", "rotation": 270},
				"south": {"uv": [0, 0, 1, 1], "texture": "#1"},
				"west": {"uv": [2, 6, 3, 10.5], "texture": "#1", "rotation": 90},
				"up": {"uv": [1, 6, 2, 10.5], "texture": "#1", "rotation": 180},
				"down": {"uv": [0, 6, 1, 10.5], "texture": "#1"}
			}
		},
		{
			"name": "Leg2",
			"from": [6, 3, 6.5],
			"to": [7, 5.5, 7.5],
			"rotation": {"angle": -22.5, "axis": "y", "origin": [6.5, 5, 7]},
			"faces": {
				"north": {"uv": [3, 12, 4, 14.5], "texture": "#1", "rotation": 180},
				"east": {"uv": [0, 12, 1, 14.5], "texture": "#1", "rotation": 180},
				"south": {"uv": [2, 12, 3, 14.5], "texture": "#1", "rotation": 180},
				"west": {"uv": [1, 12, 2, 15], "texture": "#1", "rotation": 180},
				"up": {"uv": [0, 0, 1, 1], "texture": "#1"},
				"down": {"uv": [0, 0, 1, 1], "texture": "#1"}
			}
		},
		{
			"name": "Leg3",
			"from": [9, 3, 6.5],
			"to": [10, 5.5, 7.5],
			"rotation": {"angle": 22.5, "axis": "y", "origin": [9.5, 5, 7]},
			"faces": {
				"north": {"uv": [4, 12, 5, 14.5], "texture": "#1", "rotation": 180},
				"east": {"uv": [7, 12, 8, 14.5], "texture": "#1", "rotation": 180},
				"south": {"uv": [5, 12, 6, 14.5], "texture": "#1", "rotation": 180},
				"west": {"uv": [6, 12, 7, 14.5], "texture": "#1", "rotation": 180},
				"up": {"uv": [0, 0, 1, 1], "texture": "#1"},
				"down": {"uv": [0, 0, 1, 1], "texture": "#1"}
			}
		},
		{
			"name": "Leg4",
			"from": [6, 2, 6],
			"to": [7, 3, 10.5],
			"rotation": {"angle": 22.5, "axis": "x", "origin": [6.5, 2.5, 8.5]},
			"faces": {
				"north": {"uv": [0, 0, 1, 1], "texture": "#1", "rotation": 180},
				"east": {"uv": [7, 6, 8, 10.5], "texture": "#1", "rotation": 270},
				"south": {"uv": [0, 0, 1, 1], "texture": "#1"},
				"west": {"uv": [6, 6, 7, 10.5], "texture": "#1", "rotation": 90},
				"up": {"uv": [5, 6, 6, 10.5], "texture": "#1", "rotation": 180},
				"down": {"uv": [4, 6, 5, 10.5], "texture": "#1"}
			}
		},
		{
			"name": "Neck1",
			"from": [6.2, 4, 1],
			"to": [9.7, 7, 6],
			"rotation": {"angle": 45, "axis": "x", "origin": [8.7, 6.5, 6]},
			"faces": {
				"north": {"uv": [0, 4.5, 2, 6], "texture": "#3", "rotation": 180},
				"east": {"uv": [6.5, 4.5, 9, 6], "texture": "#3", "rotation": 180},
				"south": {"uv": [4.5, 4.5, 6.5, 6], "texture": "#3", "rotation": 180},
				"west": {"uv": [2, 4.5, 4.5, 6], "texture": "#3", "rotation": 180},
				"up": {"uv": [0, 6, 2, 8.5], "texture": "#3"},
				"down": {"uv": [4.5, 6, 6.5, 8.5], "texture": "#3"}
			}
		},
		{
			"name": "Neck2",
			"from": [7, 9, 0.5],
			"to": [9, 14, 3.5],
			"rotation": {"angle": -22.5, "axis": "x", "origin": [9.5, 9, 3]},
			"faces": {
				"north": {"uv": [9, 0, 10, 2.5], "texture": "#3", "rotation": 180},
				"east": {"uv": [12.5, 0, 14, 2.5], "texture": "#3", "rotation": 90},
				"south": {"uv": [11.5, 0, 12.5, 2.5], "texture": "#3"},
				"west": {"uv": [10, 0, 11.5, 2.5], "texture": "#3", "rotation": 270},
				"up": {"uv": [9, 2.5, 10, 4], "texture": "#3"},
				"down": {"uv": [11.5, 2.5, 12.5, 4], "texture": "#3", "rotation": 180}
			}
		},
		{
			"name": "Body",
			"from": [6, 3, 4],
			"to": [10, 6.5, 9],
			"rotation": {"angle": 22.5, "axis": "x", "origin": [8.5, 5.5, 9]},
			"faces": {
				"north": {"uv": [0, 0, 2, 2], "texture": "#3", "rotation": 180},
				"east": {"uv": [6.5, 0, 9, 2], "texture": "#3", "rotation": 180},
				"south": {"uv": [4.5, 0, 6.5, 2], "texture": "#3", "rotation": 180},
				"west": {"uv": [2, 0, 4.5, 2], "texture": "#3", "rotation": 180},
				"up": {"uv": [0, 2, 2, 4.5], "texture": "#3"},
				"down": {"uv": [4.5, 2, 6.5, 4.5], "texture": "#3"}
			}
		},
		{
			"name": "Wing1",
			"from": [8, 6, 2],
			"to": [17, 7, 3],
			"rotation": {"angle": -22.5, "axis": "z", "origin": [13.5, 6.5, 2.5]},
			"faces": {
				"north": {"uv": [0, 0, 0.3, 3], "texture": "#0", "rotation": 90},
				"east": {"uv": [0, 0, 1, 1], "texture": "#0", "rotation": 270},
				"south": {"uv": [0, 0, 0.3, 3], "texture": "#0", "rotation": 270},
				"west": {"uv": [0, 0, 1, 1], "texture": "#0", "rotation": 270},
				"up": {"uv": [0, 0, 0.3, 3], "texture": "#0", "rotation": 270},
				"down": {"uv": [0, 0, 0.3, 3], "texture": "#0", "rotation": 270}
			}
		},
		{
			"name": "Wing2",
			"from": [16, 5, 2],
			"to": [31, 6, 3],
			"rotation": {"angle": 0, "axis": "z", "origin": [27.5, 5.5, 2.5]},
			"faces": {
				"north": {"uv": [1.66625, 0, 1.96625, 5], "texture": "#0", "rotation": 90},
				"east": {"uv": [0, 0, 1, 1], "texture": "#0", "rotation": 270},
				"south": {"uv": [2, 0, 2.3, 5], "texture": "#0", "rotation": 270},
				"west": {"uv": [0, 0, 1, 1], "texture": "#0", "rotation": 270},
				"up": {"uv": [1.33313, 0, 1.63313, 5], "texture": "#0", "rotation": 270},
				"down": {"uv": [2.33313, 0, 2.63313, 5], "texture": "#0", "rotation": 270}
			}
		},
		{
			"name": "Wing3",
			"from": [-16, 5, 2],
			"to": [-1, 6, 3],
			"rotation": {"angle": 0, "axis": "z", "origin": [-4.5, 5.5, 2.5]},
			"faces": {
				"north": {"uv": [4, 0, 4.3, 5], "texture": "#0", "rotation": 90},
				"east": {"uv": [0, 0, 1, 1], "texture": "#0", "rotation": 270},
				"south": {"uv": [3.33312, 0, 3.63312, 5], "texture": "#0", "rotation": 270},
				"west": {"uv": [0, 0, 1, 1], "texture": "#0", "rotation": 270},
				"up": {"uv": [6.33313, 0, 6.63313, 5], "texture": "#0", "rotation": 270},
				"down": {"uv": [5.66625, 0, 5.96625, 5], "texture": "#0", "rotation": 270}
			}
		},
		{
			"name": "Wing4",
			"from": [-2, 6, 2],
			"to": [7, 7, 3],
			"rotation": {"angle": 22.5, "axis": "z", "origin": [1.5, 6.5, 2.5]},
			"faces": {
				"north": {"uv": [0, 0, 0.3, 3], "texture": "#0", "rotation": 270},
				"east": {"uv": [0, 0, 1, 1], "texture": "#missing", "rotation": 90},
				"south": {"uv": [0.33313, 0, 0.63313, 3], "texture": "#0", "rotation": 90},
				"west": {"uv": [0, 0, 0.66625, 0.66625], "texture": "#0", "rotation": 90},
				"up": {"uv": [0.66625, 0, 0.96625, 3], "texture": "#0", "rotation": 90},
				"down": {"uv": [1, 0, 1.3, 3], "texture": "#0", "rotation": 90}
			}
		},
		{
			"name": "Wing5",
			"from": [16, 5, 2],
			"to": [17, 6, 17],
			"rotation": {"angle": 0, "axis": "x", "origin": [16.5, 5.5, 5.5]},
			"faces": {
				"north": {"uv": [0, 0, 1, 1], "texture": "#0", "rotation": 180},
				"east": {"uv": [5, 0, 5.3, 5], "texture": "#0", "rotation": 270},
				"south": {"uv": [0, 0, 1, 1], "texture": "#0"},
				"west": {"uv": [4.66625, 0, 4.96625, 5], "texture": "#0", "rotation": 90},
				"up": {"uv": [3.33312, 0, 3.63312, 5], "texture": "#0", "rotation": 180},
				"down": {"uv": [4, 0, 4.3, 5], "texture": "#0"}
			}
		},
		{
			"name": "Wing6",
			"from": [-2, 5, 2],
			"to": [-1, 6, 17],
			"rotation": {"angle": 0, "axis": "x", "origin": [-1.5, 5.5, 5.5]},
			"faces": {
				"north": {"uv": [0, 0, 1, 1], "texture": "#0", "rotation": 180},
				"east": {"uv": [5, 0, 5.3, 5], "texture": "#0", "rotation": 270},
				"south": {"uv": [0, 0, 1, 1], "texture": "#0"},
				"west": {"uv": [4, 0, 4.3, 5], "texture": "#0", "rotation": 90},
				"up": {"uv": [4, 0, 4.3, 5], "texture": "#0", "rotation": 180},
				"down": {"uv": [3.33312, 0, 3.63312, 5], "texture": "#0"}
			}
		},
		{
			"name": "Crest",
			"from": [7, 17.6, 0],
			"to": [9, 19.6, 7],
			"rotation": {"angle": -45, "axis": "x", "origin": [8, 17.1, 4]},
			"faces": {
				"north": {"uv": [0, 0, 0.66625, 0.66625], "texture": "#2"},
				"east": {"uv": [3.66625, 0, 5.99938, 0.66625], "texture": "#2"},
				"south": {"uv": [2.99937, 0, 3.665, 0.66625], "texture": "#2"},
				"west": {"uv": [0.66625, 0, 2.99875, 0.66625], "texture": "#2"},
				"up": {"uv": [0, 0.66625, 0.66625, 2.99937], "texture": "#2"},
				"down": {"uv": [3, 0.66625, 3.66625, 2.99937], "texture": "#2"}
			}
		},
		{
			"name": "Head",
			"from": [6.5, 12, -3],
			"to": [9.5, 16, 2],
			"rotation": {"angle": -22.5, "axis": "x", "origin": [8, 13.5, 0]},
			"faces": {
				"north": {"uv": [7.66625, 0, 8.3325, 1.33313], "texture": "#2"},
				"east": {"uv": [8.33313, 0, 9.99938, 1.33313], "texture": "#2"},
				"south": {"uv": [10, 0, 10.66625, 1.33313], "texture": "#2"},
				"west": {"uv": [8.33313, 0, 9.99938, 1.33313], "texture": "#2"},
				"up": {"uv": [6, 1.33313, 7, 2.99938], "texture": "#2"},
				"down": {"uv": [8.66625, 1.33313, 9.66562, 2.99938], "texture": "#2"}
			}
		},
		{
			"name": "Beak1",
			"from": [6.5, 11, -12],
			"to": [9.5, 13, -2.5],
			"rotation": {"angle": -22.5, "axis": "x", "origin": [8, 11.5, -5]},
			"faces": {
				"north": {"uv": [0, 3, 1, 3.66625], "texture": "#2"},
				"east": {"uv": [5.33312, 3, 8.66625, 3.66625], "texture": "#2"},
				"south": {"uv": [4.33312, 3, 5.33312, 3.66625], "texture": "#2"},
				"west": {"uv": [1, 3, 4.33312, 3.66625], "texture": "#2"},
				"up": {"uv": [0, 3.66625, 1, 6.99937], "texture": "#2"},
				"down": {"uv": [4.33312, 3.66625, 5.33312, 6.99937], "texture": "#2"}
			}
		},
		{
			"name": "Beak2",
			"from": [6.7, 10.1, -10.4],
			"to": [9.3, 11.1, -1.9],
			"rotation": {"angle": -22.5, "axis": "x", "origin": [8.2, 9.6, -4.4]},
			"faces": {
				"north": {"uv": [0, 7, 1, 7.66625], "texture": "#2"},
				"east": {"uv": [5, 7, 8, 7.66625], "texture": "#2"},
				"south": {"uv": [4, 6.99938, 5, 7.66563], "texture": "#2"},
				"west": {"uv": [1, 6.99938, 4, 7.66563], "texture": "#2"},
				"up": {"uv": [0, 7.66625, 1, 10.66625], "texture": "#2"},
				"down": {"uv": [4, 7.66625, 5, 10.66625], "texture": "#2"}
			}
		},
		{
			"name": "Tail1",
			"from": [7, 4, 8],
			"to": [9, 6, 11],
			"rotation": {"angle": 0, "axis": "x", "origin": [8, 5, 9.5]},
			"faces": {
				"north": {"uv": [9, 4, 10, 5], "texture": "#3"},
				"east": {"uv": [12.5, 4, 14, 5], "texture": "#3"},
				"south": {"uv": [11.5, 4, 12.5, 5], "texture": "#3"},
				"west": {"uv": [10, 4, 11.5, 5], "texture": "#3"},
				"up": {"uv": [9, 5, 10, 6.5], "texture": "#3"},
				"down": {"uv": [11.5, 5, 12.5, 6.5], "texture": "#3"}
			}
		},
		{
			"name": "Tail2",
			"from": [7.5, 4, 10],
			"to": [8.5, 5, 13],
			"rotation": {"angle": 22.5, "axis": "x", "origin": [8.5, 5, 11.5]},
			"faces": {
				"north": {"uv": [0, 0, 0.5, 0.5], "texture": "#3"},
				"east": {"uv": [0, 0, 1.5, 0.5], "texture": "#3"},
				"south": {"uv": [0, 0, 0.5, 0.5], "texture": "#3"},
				"west": {"uv": [0, 0, 1.5, 0.5], "texture": "#3"},
				"up": {"uv": [9, 5, 9.5, 6.5], "texture": "#3"},
				"down": {"uv": [9.5, 5, 10, 6.5], "texture": "#3"}
			}
		},
		{
			"name": "WingFoot1",
			"from": [-2.5, 4, -0.5],
			"to": [-0.5, 5, 2.5],
			"rotation": {"angle": -45, "axis": "x", "origin": [-1.5, 4.5, 1]},
			"faces": {
				"north": {"uv": [0, 0, 2, 1], "texture": "#0"},
				"east": {"uv": [0, 0, 3, 1], "texture": "#0"},
				"south": {"uv": [0, 0, 2, 1], "texture": "#0"},
				"west": {"uv": [0, 0, 3, 1], "texture": "#0"},
				"up": {"uv": [6.66625, 0, 7.3325, 0.66625], "texture": "#0"},
				"down": {"uv": [0, 0, 0.66625, 3], "texture": "#0"}
			}
		},
		{
			"name": "WingFoot2",
			"from": [15.5, 4, -0.5],
			"to": [17.5, 5, 2.5],
			"rotation": {"angle": -45, "axis": "x", "origin": [16.5, 4.5, 1]},
			"faces": {
				"north": {"uv": [0, 0, 2, 1], "texture": "#0"},
				"east": {"uv": [0, 0, 3, 1], "texture": "#0"},
				"south": {"uv": [0, 0, 2, 1], "texture": "#0"},
				"west": {"uv": [0, 0, 3, 1], "texture": "#0"},
				"up": {"uv": [0, 0, 0.66625, 0.66625], "texture": "#0"},
				"down": {"uv": [0, 0, 2, 3], "texture": "#0"}
			}
		},
		{
			"name": "WingSkin1",
			"from": [-5, 5.8, 3],
			"to": [-2, 5.8, 15],
			"faces": {
				"north": {"uv": [0, 0, 3, 0], "texture": "#missing"},
				"east": {"uv": [0, 0, 12, 0], "texture": "#missing"},
				"south": {"uv": [0, 0, 3, 0], "texture": "#missing"},
				"west": {"uv": [0, 0, 12, 0], "texture": "#missing"},
				"up": {"uv": [1, 6.66625, 2, 11.33187], "texture": "#0"},
				"down": {"uv": [1, 6.66625, 2, 11.3325], "texture": "#0"}
			}
		},
		{
			"name": "WingSkin2",
			"from": [-7, 5.8, 3],
			"to": [-5, 5.8, 13],
			"faces": {
				"north": {"uv": [0, 0, 2, 0], "texture": "#missing"},
				"east": {"uv": [0, 0, 10, 0], "texture": "#missing"},
				"south": {"uv": [0, 0, 2, 0], "texture": "#missing"},
				"west": {"uv": [0, 0, 10, 0], "texture": "#missing"},
				"up": {"uv": [0.66625, 6.66625, 1.33188, 10.66625], "texture": "#0"},
				"down": {"uv": [0.66625, 6.66625, 1.3325, 10.66625], "texture": "#0"}
			}
		},
		{
			"name": "WingSkin3",
			"from": [-9, 5.8, 3],
			"to": [-7, 5.8, 11],
			"faces": {
				"north": {"uv": [0, 0, 2, 0], "texture": "#missing"},
				"east": {"uv": [0, 0, 8, 0], "texture": "#missing"},
				"south": {"uv": [0, 0, 2, 0], "texture": "#missing"},
				"west": {"uv": [0, 0, 8, 0], "texture": "#missing"},
				"up": {"uv": [0.66625, 6.66625, 1.3325, 9.99937], "texture": "#0"},
				"down": {"uv": [0.66625, 6.66625, 1.3325, 9.99937], "texture": "#0"}
			}
		},
		{
			"name": "WingSkin4",
			"from": [-11, 5.8, 3],
			"to": [-9, 5.8, 9],
			"faces": {
				"north": {"uv": [0, 0, 2, 0], "texture": "#missing"},
				"east": {"uv": [0, 0, 6, 0], "texture": "#missing"},
				"south": {"uv": [0, 0, 2, 0], "texture": "#missing"},
				"west": {"uv": [0, 0, 6, 0], "texture": "#missing"},
				"up": {"uv": [0.66625, 6.66625, 1.3325, 9.3325], "texture": "#0"},
				"down": {"uv": [0.33313, 6.99938, 0.99938, 9.66563], "texture": "#0"}
			}
		},
		{
			"name": "WingSkin5",
			"from": [-13, 5.8, 3],
			"to": [-11, 5.8, 7],
			"faces": {
				"north": {"uv": [0, 0, 2, 0], "texture": "#missing"},
				"east": {"uv": [0, 0, 6, 0], "texture": "#missing"},
				"south": {"uv": [0, 0, 2, 0], "texture": "#missing"},
				"west": {"uv": [0, 0, 6, 0], "texture": "#missing"},
				"up": {"uv": [0.66625, 7.3325, 1.3325, 9.33187], "texture": "#0"},
				"down": {"uv": [0.33313, 7.66563, 0.99938, 9.665], "texture": "#0"}
			}
		},
		{
			"name": "WingSkin6",
			"from": [-15, 5.8, 3],
			"to": [-13, 5.8, 5],
			"faces": {
				"north": {"uv": [0, 0, 2, 0], "texture": "#missing"},
				"east": {"uv": [0, 0, 6, 0], "texture": "#missing"},
				"south": {"uv": [0, 0, 2, 0], "texture": "#missing"},
				"west": {"uv": [0, 0, 6, 0], "texture": "#missing"},
				"up": {"uv": [0.66625, 8.66563, 1.3325, 9.33125], "texture": "#0"},
				"down": {"uv": [0.33313, 8.99875, 0.99938, 9.66438], "texture": "#0"}
			}
		},
		{
			"name": "WingSkin7",
			"from": [17, 5.8, 3],
			"to": [20, 5.8, 15],
			"faces": {
				"north": {"uv": [0, 0, 3, 0], "texture": "#missing"},
				"east": {"uv": [0, 0, 12, 0], "texture": "#missing"},
				"south": {"uv": [0, 0, 3, 0], "texture": "#missing"},
				"west": {"uv": [0, 0, 12, 0], "texture": "#missing"},
				"up": {"uv": [1, 6.66625, 2, 11.33187], "texture": "#0"},
				"down": {"uv": [1, 6.66625, 2, 11.3325], "texture": "#0"}
			}
		},
		{
			"name": "WingSkin8",
			"from": [20, 5.8, 3],
			"to": [22, 5.8, 13],
			"faces": {
				"north": {"uv": [0, 0, 2, 0], "texture": "#missing"},
				"east": {"uv": [0, 0, 10, 0], "texture": "#missing"},
				"south": {"uv": [0, 0, 2, 0], "texture": "#missing"},
				"west": {"uv": [0, 0, 10, 0], "texture": "#missing"},
				"up": {"uv": [0.66625, 6.66625, 1.33188, 10.66625], "texture": "#0"},
				"down": {"uv": [0.66625, 6.66625, 1.3325, 10.66625], "texture": "#0"}
			}
		},
		{
			"name": "WingSkin9",
			"from": [22, 5.8, 3],
			"to": [24, 5.8, 11],
			"faces": {
				"north": {"uv": [0, 0, 2, 0], "texture": "#missing"},
				"east": {"uv": [0, 0, 8, 0], "texture": "#missing"},
				"south": {"uv": [0, 0, 2, 0], "texture": "#missing"},
				"west": {"uv": [0, 0, 8, 0], "texture": "#missing"},
				"up": {"uv": [0.66625, 6.66625, 1.3325, 9.99937], "texture": "#0"},
				"down": {"uv": [0.66625, 6.66625, 1.3325, 9.99937], "texture": "#0"}
			}
		},
		{
			"name": "WingSkin10",
			"from": [24, 5.8, 3],
			"to": [26, 5.8, 9],
			"faces": {
				"north": {"uv": [0, 0, 2, 0], "texture": "#missing"},
				"east": {"uv": [0, 0, 6, 0], "texture": "#missing"},
				"south": {"uv": [0, 0, 2, 0], "texture": "#missing"},
				"west": {"uv": [0, 0, 6, 0], "texture": "#missing"},
				"up": {"uv": [0.66625, 6.66625, 1.3325, 9.3325], "texture": "#0"},
				"down": {"uv": [0.33313, 6.99938, 0.99938, 9.66563], "texture": "#0"}
			}
		},
		{
			"name": "WingSkin11",
			"from": [26, 5.8, 3],
			"to": [28, 5.8, 7],
			"faces": {
				"north": {"uv": [0, 0, 2, 0], "texture": "#missing"},
				"east": {"uv": [0, 0, 6, 0], "texture": "#missing"},
				"south": {"uv": [0, 0, 2, 0], "texture": "#missing"},
				"west": {"uv": [0, 0, 6, 0], "texture": "#missing"},
				"up": {"uv": [0.66625, 7.3325, 1.3325, 9.33187], "texture": "#0"},
				"down": {"uv": [0.33313, 7.66563, 0.99938, 9.665], "texture": "#0"}
			}
		},
		{
			"name": "WingSkin12",
			"from": [28, 5.8, 3],
			"to": [30, 5.8, 5],
			"faces": {
				"north": {"uv": [0, 0, 2, 0], "texture": "#missing"},
				"east": {"uv": [0, 0, 6, 0], "texture": "#missing"},
				"south": {"uv": [0, 0, 2, 0], "texture": "#missing"},
				"west": {"uv": [0, 0, 6, 0], "texture": "#missing"},
				"up": {"uv": [0.66625, 8.66563, 1.3325, 9.33125], "texture": "#0"},
				"down": {"uv": [0.33313, 8.99875, 0.99938, 9.66438], "texture": "#0"}
			}
		},
		{
			"name": "WingSkin13",
			"from": [-1.1, 6.5, 3],
			"to": [1.9, 6.5, 15],
			"rotation": {"angle": 22.5, "axis": "z", "origin": [0.4, 6.5, 9]},
			"faces": {
				"north": {"uv": [0, 0, 3, 0], "texture": "#missing"},
				"east": {"uv": [0, 0, 12, 0], "texture": "#missing"},
				"south": {"uv": [0, 0, 3, 0], "texture": "#missing"},
				"west": {"uv": [0, 0, 12, 0], "texture": "#missing"},
				"up": {"uv": [1, 6.66625, 2, 11.33187], "texture": "#0"},
				"down": {"uv": [1, 6.66625, 2, 11.3325], "texture": "#0"}
			}
		},
		{
			"name": "WingSkin14",
			"from": [1.6, 7.6, 3],
			"to": [3.6, 7.6, 13],
			"rotation": {"angle": 22.5, "axis": "z", "origin": [3.1, 7.6, 9]},
			"faces": {
				"north": {"uv": [0, 0, 3, 0], "texture": "#missing"},
				"east": {"uv": [0, 0, 12, 0], "texture": "#missing"},
				"south": {"uv": [0, 0, 3, 0], "texture": "#missing"},
				"west": {"uv": [0, 0, 12, 0], "texture": "#missing"},
				"up": {"uv": [1, 7.3325, 1.66625, 11.33125], "texture": "#0"},
				"down": {"uv": [1, 7.3325, 1.66625, 11.33187], "texture": "#0"}
			}
		},
		{
			"name": "WingSkin15",
			"from": [3.4, 8.3, 3],
			"to": [5.4, 8.3, 10],
			"rotation": {"angle": 22.5, "axis": "z", "origin": [4.9, 8.4, 9]},
			"faces": {
				"north": {"uv": [0, 0, 3, 0], "texture": "#missing"},
				"east": {"uv": [0, 0, 12, 0], "texture": "#missing"},
				"south": {"uv": [0, 0, 3, 0], "texture": "#missing"},
				"west": {"uv": [0, 0, 12, 0], "texture": "#missing"},
				"up": {"uv": [1, 7.66563, 1.66625, 11.33063], "texture": "#0"},
				"down": {"uv": [1, 7.66563, 1.66625, 11.33125], "texture": "#0"}
			}
		},
		{
			"name": "WingSkin16",
			"from": [5.1, 9.1, 3],
			"to": [6.1, 9.1, 8],
			"rotation": {"angle": 22.5, "axis": "z", "origin": [6.7, 9.2, 9]},
			"faces": {
				"north": {"uv": [0, 0, 3, 0], "texture": "#missing"},
				"east": {"uv": [0, 0, 12, 0], "texture": "#missing"},
				"south": {"uv": [0, 0, 3, 0], "texture": "#missing"},
				"west": {"uv": [0, 0, 12, 0], "texture": "#missing"},
				"up": {"uv": [1, 8.33313, 1.3, 11.33125], "texture": "#0"},
				"down": {"uv": [1, 7.66563, 1.66625, 11.33125], "texture": "#0"}
			}
		},
		{
			"name": "WingSkin17",
			"from": [5.9, 9.5, 3],
			"to": [6.9, 9.5, 6],
			"rotation": {"angle": 22.5, "axis": "z", "origin": [7.5, 9.7, 9]},
			"faces": {
				"north": {"uv": [0, 0, 3, 0], "texture": "#missing"},
				"east": {"uv": [0, 0, 12, 0], "texture": "#missing"},
				"south": {"uv": [0, 0, 3, 0], "texture": "#missing"},
				"west": {"uv": [0, 0, 12, 0], "texture": "#missing"},
				"up": {"uv": [1.33313, 9, 1.63313, 11.33125], "texture": "#0"},
				"down": {"uv": [1, 7.66563, 1.66625, 11.33125], "texture": "#0"}
			}
		},
		{
			"name": "WingSkin18",
			"from": [13.2, 6.5, 3],
			"to": [16.2, 6.5, 15],
			"rotation": {"angle": -22.5, "axis": "z", "origin": [14.7, 6.5, 9]},
			"faces": {
				"north": {"uv": [0, 0, 3, 0], "texture": "#missing"},
				"east": {"uv": [0, 0, 12, 0], "texture": "#missing"},
				"south": {"uv": [0, 0, 3, 0], "texture": "#missing"},
				"west": {"uv": [0, 0, 12, 0], "texture": "#missing"},
				"up": {"uv": [1, 6.66625, 2, 11.33187], "texture": "#0"},
				"down": {"uv": [1, 6.66625, 2, 11.3325], "texture": "#0"}
			}
		},
		{
			"name": "WingSkin19",
			"from": [11.4, 7.3, 3],
			"to": [13.4, 7.3, 13],
			"rotation": {"angle": -22.5, "axis": "z", "origin": [12.9, 7.3, 9]},
			"faces": {
				"north": {"uv": [0, 0, 3, 0], "texture": "#missing"},
				"east": {"uv": [0, 0, 12, 0], "texture": "#missing"},
				"south": {"uv": [0, 0, 3, 0], "texture": "#missing"},
				"west": {"uv": [0, 0, 12, 0], "texture": "#missing"},
				"up": {"uv": [1, 7.3325, 1.66625, 11.33125], "texture": "#0"},
				"down": {"uv": [1, 7.3325, 1.66625, 11.33187], "texture": "#0"}
			}
		},
		{
			"name": "WingSkin20",
			"from": [9.6, 8.1, 3],
			"to": [11.6, 8.1, 9],
			"rotation": {"angle": -22.5, "axis": "z", "origin": [11.1, 8.2, 9]},
			"faces": {
				"north": {"uv": [0, 0, 3, 0], "texture": "#missing"},
				"east": {"uv": [0, 0, 12, 0], "texture": "#missing"},
				"south": {"uv": [0, 0, 3, 0], "texture": "#missing"},
				"west": {"uv": [0, 0, 12, 0], "texture": "#missing"},
				"up": {"uv": [1, 7.66563, 1.66625, 11.33063], "texture": "#0"},
				"down": {"uv": [1, 7.66563, 1.66625, 11.33125], "texture": "#0"}
			}
		},
		{
			"name": "WingSkin21",
			"from": [8.7, 8.5, 3],
			"to": [9.7, 8.5, 6],
			"rotation": {"angle": -22.5, "axis": "z", "origin": [10.3, 8.6, 9]},
			"faces": {
				"north": {"uv": [0, 0, 3, 0], "texture": "#missing"},
				"east": {"uv": [0, 0, 12, 0], "texture": "#missing"},
				"south": {"uv": [0, 0, 3, 0], "texture": "#missing"},
				"west": {"uv": [0, 0, 12, 0], "texture": "#missing"},
				"up": {"uv": [1, 8.33313, 1.3, 11.33125], "texture": "#0"},
				"down": {"uv": [1, 7.66563, 1.66625, 11.33125], "texture": "#0"}
			}
		}
	],
	"display": {
		"ground": {
			"translation": [0, 0, 0]
		},
		"head": {
			"scale": [3, 3, 3],
			"translation": [-32, -21, 0]
		},
		"fixed": {
			"scale": [3, 3, 3],
			"rotation": [0, 90, 0],
			"translation": [-32, -32, -32]
		}
	}
}