{
	"credit": "Made with Blockbench",
	"elements": [
		{
			"from": [4.5, -1.5, 5.5],
			"to": [12.5, 4.5, 11.5],
			"rotation": {"angle": -22.5, "axis": "z", "origin": [8, 1.5, 9]},
			"faces": {
				"north": {"uv": [0, 0, 6, 8], "texture": "#missing", "rotation": 90},
				"east": {"uv": [0, 0, 6, 6], "texture": "#missing", "rotation": 270},
				"south": {"uv": [0, 0, 6, 8], "texture": "#missing", "rotation": 270},
				"west": {"uv": [0, 0, 6, 6], "texture": "#missing", "rotation": 270},
				"up": {"uv": [0, 0, 6, 8], "texture": "#missing", "rotation": 270},
				"down": {"uv": [0, 0, 6, 8], "texture": "#missing", "rotation": 270}
			}
		},
		{
			"from": [2.5, 2.5, 6.5],
			"to": [7.5, 7.5, 10.5],
			"rotation": {"angle": -45, "axis": "z", "origin": [4, 5.5, 8]},
			"faces": {
				"north": {"uv": [0, 0, 5, 5], "texture": "#missing", "rotation": 90},
				"east": {"uv": [0, 0, 5, 4], "texture": "#missing", "rotation": 270},
				"south": {"uv": [0, 0, 5, 5], "texture": "#missing", "rotation": 270},
				"west": {"uv": [0, 0, 5, 4], "texture": "#missing", "rotation": 270},
				"up": {"uv": [0, 0, 4, 5], "texture": "#missing", "rotation": 270},
				"down": {"uv": [0, 0, 4, 5], "texture": "#missing", "rotation": 270}
			}
		},
		{
			"from": [0, 6, 7],
			"to": [4, 12, 10],
			"rotation": {"angle": 22.5, "axis": "z", "origin": [3, 10.5, 8.5]},
			"faces": {
				"north": {"uv": [0, 0, 4, 6], "texture": "#missing"},
				"east": {"uv": [0, 0, 3, 6], "texture": "#missing"},
				"south": {"uv": [0, 0, 4, 6], "texture": "#missing"},
				"west": {"uv": [0, 0, 3, 6], "texture": "#missing"},
				"up": {"uv": [0, 0, 4, 3], "texture": "#missing"},
				"down": {"uv": [0, 0, 4, 3], "texture": "#missing"}
			}
		},
		{
			"from": [-2, 10, 7.5],
			"to": [1, 16, 9.5],
			"rotation": {"angle": 45, "axis": "z", "origin": [1, 13.5, 8.5]},
			"faces": {
				"north": {"uv": [0, 0, 3, 6], "texture": "#missing"},
				"east": {"uv": [0, 0, 2, 6], "texture": "#missing"},
				"south": {"uv": [0, 0, 3, 6], "texture": "#missing"},
				"west": {"uv": [0, 0, 2, 6], "texture": "#missing"},
				"up": {"uv": [0, 0, 3, 2], "texture": "#missing"},
				"down": {"uv": [0, 0, 3, 2], "texture": "#missing"}
			}
		},
		{
			"from": [10.5, -2.5, 6],
			"to": [18.5, 2.5, 11],
			"rotation": {"angle": 0, "axis": "z", "origin": [14, -0.5, 9]},
			"faces": {
				"north": {"uv": [0, 0, 5, 8], "texture": "#missing", "rotation": 90},
				"east": {"uv": [0, 0, 5, 5], "texture": "#missing", "rotation": 270},
				"south": {"uv": [0, 0, 5, 8], "texture": "#missing", "rotation": 270},
				"west": {"uv": [0, 0, 5, 5], "texture": "#missing", "rotation": 270},
				"up": {"uv": [0, 0, 5, 8], "texture": "#missing", "rotation": 270},
				"down": {"uv": [0, 0, 5, 8], "texture": "#missing", "rotation": 270}
			}
		},
		{
			"from": [16.5, -3.5, 6.5],
			"to": [21.5, 1.5, 10.5],
			"rotation": {"angle": -22.5, "axis": "z", "origin": [19, -1.5, 9]},
			"faces": {
				"north": {"uv": [0, 0, 5, 5], "texture": "#missing", "rotation": 90},
				"east": {"uv": [0, 0, 5, 4], "texture": "#missing", "rotation": 270},
				"south": {"uv": [0, 0, 5, 5], "texture": "#missing", "rotation": 270},
				"west": {"uv": [0, 0, 5, 4], "texture": "#missing", "rotation": 270},
				"up": {"uv": [0, 0, 4, 5], "texture": "#missing", "rotation": 270},
				"down": {"uv": [0, 0, 4, 5], "texture": "#missing", "rotation": 270}
			}
		},
		{
			"from": [19.5, -4.5, 7],
			"to": [24.5, -0.5, 10],
			"rotation": {"angle": -22.5, "axis": "z", "origin": [22, -3.5, 9]},
			"faces": {
				"north": {"uv": [0, 0, 4, 5], "texture": "#missing", "rotation": 90},
				"east": {"uv": [0, 0, 4, 3], "texture": "#missing", "rotation": 270},
				"south": {"uv": [0, 0, 4, 5], "texture": "#missing", "rotation": 270},
				"west": {"uv": [0, 0, 4, 3], "texture": "#missing", "rotation": 270},
				"up": {"uv": [0, 0, 3, 5], "texture": "#missing", "rotation": 270},
				"down": {"uv": [0, 0, 3, 5], "texture": "#missing", "rotation": 270}
			}
		},
		{
			"from": [24, -8, 7.5],
			"to": [27, -3, 9.5],
			"rotation": {"angle": 45, "axis": "z", "origin": [25, -5.5, 8.5]},
			"faces": {
				"north": {"uv": [0, 0, 3, 5], "texture": "#missing"},
				"east": {"uv": [0, 0, 2, 5], "texture": "#missing"},
				"south": {"uv": [0, 0, 3, 5], "texture": "#missing"},
				"west": {"uv": [0, 0, 2, 5], "texture": "#missing"},
				"up": {"uv": [0, 0, 3, 2], "texture": "#missing"},
				"down": {"uv": [0, 0, 3, 2], "texture": "#missing"}
			}
		},
		{
			"from": [10, -5, 4],
			"to": [13, 0, 7],
			"rotation": {"angle": -45, "axis": "z", "origin": [11.5, -2.5, 5.5]},
			"faces": {
				"north": {"uv": [0, 0, 3, 5], "texture": "#missing"},
				"east": {"uv": [0, 0, 3, 5], "texture": "#missing"},
				"south": {"uv": [0, 0, 3, 5], "texture": "#missing"},
				"west": {"uv": [0, 0, 3, 5], "texture": "#missing"},
				"up": {"uv": [0, 0, 3, 3], "texture": "#missing"},
				"down": {"uv": [0, 0, 3, 3], "texture": "#missing"}
			}
		},
		{
			"from": [10, -5, 10],
			"to": [13, 0, 13],
			"rotation": {"angle": -45, "axis": "z", "origin": [11.5, -2.5, 11.5]},
			"faces": {
				"north": {"uv": [0, 0, 3, 5], "texture": "#missing"},
				"east": {"uv": [0, 0, 3, 5], "texture": "#missing"},
				"south": {"uv": [0, 0, 3, 5], "texture": "#missing"},
				"west": {"uv": [0, 0, 3, 5], "texture": "#missing"},
				"up": {"uv": [0, 0, 3, 3], "texture": "#missing"},
				"down": {"uv": [0, 0, 3, 3], "texture": "#missing"}
			}
		},
		{
			"from": [11, -8, 10.5],
			"to": [13, -2, 12.5],
			"rotation": {"angle": 45, "axis": "z", "origin": [12.5, -4.5, 11.5]},
			"faces": {
				"north": {"uv": [0, 0, 2, 6], "texture": "#missing"},
				"east": {"uv": [0, 0, 2, 6], "texture": "#missing"},
				"south": {"uv": [0, 0, 2, 6], "texture": "#missing"},
				"west": {"uv": [0, 0, 2, 6], "texture": "#missing"},
				"up": {"uv": [0, 0, 2, 2], "texture": "#missing"},
				"down": {"uv": [0, 0, 2, 2], "texture": "#missing"}
			}
		},
		{
			"from": [11, -8, 4.5],
			"to": [13, -2, 6.5],
			"rotation": {"angle": 45, "axis": "z", "origin": [12.5, -4.5, 5.5]},
			"faces": {
				"north": {"uv": [0, 0, 2, 6], "texture": "#missing"},
				"east": {"uv": [0, 0, 2, 6], "texture": "#missing"},
				"south": {"uv": [0, 0, 2, 6], "texture": "#missing"},
				"west": {"uv": [0, 0, 2, 6], "texture": "#missing"},
				"up": {"uv": [0, 0, 2, 2], "texture": "#missing"},
				"down": {"uv": [0, 0, 2, 2], "texture": "#missing"}
			}
		},
		{
			"from": [13, -12, 4.5],
			"to": [15, -6, 6.5],
			"rotation": {"angle": -22.5, "axis": "z", "origin": [14.5, -7.5, 5.5]},
			"faces": {
				"north": {"uv": [0, 0, 2, 6], "texture": "#missing"},
				"east": {"uv": [0, 0, 2, 6], "texture": "#missing"},
				"south": {"uv": [0, 0, 2, 6], "texture": "#missing"},
				"west": {"uv": [0, 0, 2, 6], "texture": "#missing"},
				"up": {"uv": [0, 0, 2, 2], "texture": "#missing"},
				"down": {"uv": [0, 0, 2, 2], "texture": "#missing"}
			}
		},
		{
			"from": [13, -12, 10.5],
			"to": [15, -6, 12.5],
			"rotation": {"angle": -22.5, "axis": "z", "origin": [14.5, -7.5, 11.5]},
			"faces": {
				"north": {"uv": [0, 0, 2, 6], "texture": "#missing"},
				"east": {"uv": [0, 0, 2, 6], "texture": "#missing"},
				"south": {"uv": [0, 0, 2, 6], "texture": "#missing"},
				"west": {"uv": [0, 0, 2, 6], "texture": "#missing"},
				"up": {"uv": [0, 0, 2, 2], "texture": "#missing"},
				"down": {"uv": [0, 0, 2, 2], "texture": "#missing"}
			}
		},
		{
			"from": [10, -12, 10],
			"to": [14, -10, 13],
			"faces": {
				"north": {"uv": [0, 0, 4, 2], "texture": "#missing"},
				"east": {"uv": [0, 0, 3, 2], "texture": "#missing"},
				"south": {"uv": [0, 0, 4, 2], "texture": "#missing"},
				"west": {"uv": [0, 0, 3, 2], "texture": "#missing"},
				"up": {"uv": [0, 0, 4, 3], "texture": "#missing"},
				"down": {"uv": [0, 0, 4, 3], "texture": "#missing"}
			}
		},
		{
			"from": [10, -12, 4],
			"to": [14, -10, 7],
			"faces": {
				"north": {"uv": [0, 0, 4, 2], "texture": "#missing"},
				"east": {"uv": [0, 0, 3, 2], "texture": "#missing"},
				"south": {"uv": [0, 0, 4, 2], "texture": "#missing"},
				"west": {"uv": [0, 0, 3, 2], "texture": "#missing"},
				"up": {"uv": [0, 0, 4, 3], "texture": "#missing"},
				"down": {"uv": [0, 0, 4, 3], "texture": "#missing"}
			}
		},
		{
			"from": [4, -5, 4],
			"to": [6, 5, 6],
			"rotation": {"angle": 22.5, "axis": "x", "origin": [5, -1, 5]},
			"faces": {
				"north": {"uv": [0, 0, 2, 10], "texture": "#missing"},
				"east": {"uv": [0, 0, 2, 10], "texture": "#missing"},
				"south": {"uv": [0, 0, 2, 10], "texture": "#missing"},
				"west": {"uv": [0, 0, 2, 10], "texture": "#missing"},
				"up": {"uv": [0, 0, 2, 2], "texture": "#missing"},
				"down": {"uv": [0, 0, 2, 2], "texture": "#missing"}
			}
		},
		{
			"from": [4, -5, 11],
			"to": [6, 5, 13],
			"rotation": {"angle": -22.5, "axis": "x", "origin": [5, -1, 12]},
			"faces": {
				"north": {"uv": [0, 0, 2, 10], "texture": "#missing"},
				"east": {"uv": [0, 0, 2, 10], "texture": "#missing"},
				"south": {"uv": [0, 0, 2, 10], "texture": "#missing"},
				"west": {"uv": [0, 0, 2, 10], "texture": "#missing"},
				"up": {"uv": [0, 0, 2, 2], "texture": "#missing"},
				"down": {"uv": [0, 0, 2, 2], "texture": "#missing"}
			}
		},
		{
			"from": [2, -7, 12],
			"to": [4, -3, 14],
			"rotation": {"angle": -22.5, "axis": "z", "origin": [3, -9, 13]},
			"faces": {
				"north": {"uv": [0, 0, 2, 4], "texture": "#missing"},
				"east": {"uv": [0, 0, 2, 4], "texture": "#missing"},
				"south": {"uv": [0, 0, 2, 4], "texture": "#missing"},
				"west": {"uv": [0, 0, 2, 4], "texture": "#missing"},
				"up": {"uv": [0, 0, 2, 2], "texture": "#missing"},
				"down": {"uv": [0, 0, 2, 2], "texture": "#missing"}
			}
		},
		{
			"from": [2, -7, 3],
			"to": [4, -3, 5],
			"rotation": {"angle": -22.5, "axis": "z", "origin": [3, -9, 4]},
			"faces": {
				"north": {"uv": [0, 0, 2, 4], "texture": "#missing"},
				"east": {"uv": [0, 0, 2, 4], "texture": "#missing"},
				"south": {"uv": [0, 0, 2, 4], "texture": "#missing"},
				"west": {"uv": [0, 0, 2, 4], "texture": "#missing"},
				"up": {"uv": [0, 0, 2, 2], "texture": "#missing"},
				"down": {"uv": [0, 0, 2, 2], "texture": "#missing"}
			}
		},
		{
			"from": [2.5, -11, 4.5],
			"to": [3.5, -6, 5.5],
			"rotation": {"angle": -22.5, "axis": "x", "origin": [3, -9.5, 5]},
			"faces": {
				"north": {"uv": [0, 0, 1, 5], "texture": "#missing"},
				"east": {"uv": [0, 0, 1, 5], "texture": "#missing"},
				"south": {"uv": [0, 0, 1, 5], "texture": "#missing"},
				"west": {"uv": [0, 0, 1, 5], "texture": "#missing"},
				"up": {"uv": [0, 0, 1, 1], "texture": "#missing"},
				"down": {"uv": [0, 0, 1, 1], "texture": "#missing"}
			}
		},
		{
			"from": [4.5, -11, 4.5],
			"to": [5.5, -6, 5.5],
			"rotation": {"angle": -22.5, "axis": "x", "origin": [5, -9.5, 5]},
			"faces": {
				"north": {"uv": [0, 0, 1, 5], "texture": "#missing"},
				"east": {"uv": [0, 0, 1, 5], "texture": "#missing"},
				"south": {"uv": [0, 0, 1, 5], "texture": "#missing"},
				"west": {"uv": [0, 0, 1, 5], "texture": "#missing"},
				"up": {"uv": [0, 0, 1, 1], "texture": "#missing"},
				"down": {"uv": [0, 0, 1, 1], "texture": "#missing"}
			}
		},
		{
			"from": [4.5, -11, 11.5],
			"to": [5.5, -6, 12.5],
			"rotation": {"angle": 22.5, "axis": "x", "origin": [5, -9.5, 12]},
			"faces": {
				"north": {"uv": [0, 0, 1, 5], "texture": "#missing"},
				"east": {"uv": [0, 0, 1, 5], "texture": "#missing"},
				"south": {"uv": [0, 0, 1, 5], "texture": "#missing"},
				"west": {"uv": [0, 0, 1, 5], "texture": "#missing"},
				"up": {"uv": [0, 0, 1, 1], "texture": "#missing"},
				"down": {"uv": [0, 0, 1, 1], "texture": "#missing"}
			}
		},
		{
			"from": [2.5, -11, 11.5],
			"to": [3.5, -6, 12.5],
			"rotation": {"angle": 22.5, "axis": "x", "origin": [3, -9.5, 12]},
			"faces": {
				"north": {"uv": [0, 0, 1, 5], "texture": "#missing"},
				"east": {"uv": [0, 0, 1, 5], "texture": "#missing"},
				"south": {"uv": [0, 0, 1, 5], "texture": "#missing"},
				"west": {"uv": [0, 0, 1, 5], "texture": "#missing"},
				"up": {"uv": [0, 0, 1, 1], "texture": "#missing"},
				"down": {"uv": [0, 0, 1, 1], "texture": "#missing"}
			}
		},
		{
			"from": [-5, 12, 6],
			"to": [1, 17, 11],
			"faces": {
				"north": {"uv": [0, 0, 6, 5], "texture": "#missing"},
				"east": {"uv": [0, 0, 5, 5], "texture": "#missing"},
				"south": {"uv": [0, 0, 6, 5], "texture": "#missing"},
				"west": {"uv": [0, 0, 5, 5], "texture": "#missing"},
				"up": {"uv": [0, 0, 6, 5], "texture": "#missing"},
				"down": {"uv": [0, 0, 6, 5], "texture": "#missing"}
			}
		},
		{
			"from": [-8, 11, 6.5],
			"to": [-3, 15, 10.5],
			"rotation": {"angle": 22.5, "axis": "z", "origin": [-7, 13, 8.5]},
			"faces": {
				"north": {"uv": [0, 0, 5, 4], "texture": "#missing"},
				"east": {"uv": [0, 0, 4, 4], "texture": "#missing"},
				"south": {"uv": [0, 0, 5, 4], "texture": "#missing"},
				"west": {"uv": [0, 0, 4, 4], "texture": "#missing"},
				"up": {"uv": [0, 0, 5, 4], "texture": "#missing"},
				"down": {"uv": [0, 0, 5, 4], "texture": "#missing"}
			}
		}
	],
	"display": {
		"thirdperson_righthand": {
			"scale": [2.5, 2.5, 2.5],
			"rotation": [67, -90, 0],
			"translation": [-5, 18, 32]
		},
		"head": {
			"rotation": [0, -90, 0],
			"scale": [4, 4, 4],
			"translation": [0, 32, -1.5]
		}
	}
}