{
	"credit": "Made with Blockbench",
	"textures": {
		"0": "block/titanoboa_skin",
		"particle": "block/titanoboa_skin"
	},
	"elements": [
		{
			"from": [6.8, 14, -6],
			"to": [11.4, 18, 1],
			"rotation": {"angle": 0, "axis": "x", "origin": [9.2, 22, -1]},
			"faces": {
				"north": {"uv": [0, 0, 1.2, 1], "texture": "#0"},
				"east": {"uv": [1.25, 0, 3, 1], "texture": "#0"},
				"south": {"uv": [3, 0, 4.2, 1], "texture": "#0"},
				"west": {"uv": [4.25, 0, 6, 1], "texture": "#0"},
				"up": {"uv": [0, 1, 1.2, 3], "texture": "#0"},
				"down": {"uv": [3, 1, 4.2, 3], "texture": "#0"}
			}
		},
		{
			"from": [7.1, 7, -3],
			"to": [10.9, 15, 1],
			"rotation": {"angle": -22.5, "axis": "x", "origin": [9.1, 15, -1]},
			"faces": {
				"north": {"uv": [0, 3, 1.05, 5], "texture": "#0"},
				"east": {"uv": [3, 3, 4, 5], "texture": "#0"},
				"south": {"uv": [2, 3, 3.05, 5], "texture": "#0"},
				"west": {"uv": [1, 3, 2, 5], "texture": "#0"},
				"up": {"uv": [0, 5, 1, 6], "texture": "#0"},
				"down": {"uv": [2, 5, 3, 6], "texture": "#0"}
			}
		},
		{
			"from": [7, 0, 2],
			"to": [11, 10, 6],
			"rotation": {"angle": -45, "axis": "x", "origin": [9, 6, 4]},
			"faces": {
				"north": {"uv": [0, 6, 1, 8.5], "texture": "#0"},
				"east": {"uv": [3, 6, 4, 8.5], "texture": "#0"},
				"south": {"uv": [2, 6, 3, 8.5], "texture": "#0"},
				"west": {"uv": [1, 6, 2, 8.5], "texture": "#0"},
				"up": {"uv": [0, 8.5, 1, 9.5], "texture": "#0"},
				"down": {"uv": [2, 8.5, 3, 9.5], "texture": "#0"}
			}
		},
		{
			"from": [7, 0, 5],
			"to": [11, 4, 12],
			"rotation": {"angle": 22.5, "axis": "y", "origin": [9, 6, 7]},
			"faces": {
				"north": {"uv": [0, 8.5, 1, 9.5], "texture": "#0"},
				"east": {"uv": [0, 9.5, 1.75, 10.5], "texture": "#0"},
				"south": {"uv": [2, 8.5, 3, 9.5], "texture": "#0"},
				"west": {"uv": [2.75, 9.5, 4.5, 10.5], "texture": "#0"},
				"up": {"uv": [1, 6, 2, 8.5], "texture": "#0"},
				"down": {"uv": [3, 6, 4, 8.5], "texture": "#0", "rotation": 270}
			}
		},
		{
			"from": [8, 0, 9],
			"to": [12, 4, 16],
			"rotation": {"angle": -22.5, "axis": "y", "origin": [10, 6, 11]},
			"faces": {
				"north": {"uv": [0, 11.5, 1, 12.5], "texture": "#0"},
				"east": {"uv": [1, 11.5, 2.75, 12.5], "texture": "#0"},
				"south": {"uv": [2.75, 11.5, 3.75, 12.5], "texture": "#0"},
				"west": {"uv": [3.75, 11.5, 5.5, 12.5], "texture": "#0"},
				"up": {"uv": [1, 12.5, 2.75, 13.5], "texture": "#0", "rotation": 90},
				"down": {"uv": [3.75, 12.5, 5.5, 13.5], "texture": "#0", "rotation": 90}
			}
		},
		{
			"from": [2, 0, 12],
			"to": [9, 3, 15],
			"rotation": {"angle": -45, "axis": "y", "origin": [7, 6, 14]},
			"faces": {
				"north": {"uv": [6, 0, 7.75, 0.75], "texture": "#0"},
				"east": {"uv": [10.25, 0, 11, 0.75], "texture": "#0"},
				"south": {"uv": [8.5, 0, 10.25, 0.75], "texture": "#0"},
				"west": {"uv": [7.75, 0, 8.5, 0.75], "texture": "#0"},
				"up": {"uv": [6, 0.75, 7.75, 1.5], "texture": "#0", "rotation": 180},
				"down": {"uv": [8.5, 0.75, 10.25, 1.5], "texture": "#0", "rotation": 180}
			}
		},
		{
			"from": [3, 0, 5],
			"to": [6, 3, 12],
			"rotation": {"angle": 22.5, "axis": "y", "origin": [4, 6, 10]},
			"faces": {
				"north": {"uv": [6, 1.5, 6.75, 2.25], "texture": "#0"},
				"east": {"uv": [9.25, 1.5, 11, 2.25], "texture": "#0"},
				"south": {"uv": [8.5, 1.5, 9.25, 2.25], "texture": "#0"},
				"west": {"uv": [6.75, 1.5, 8.5, 2.25], "texture": "#0"},
				"up": {"uv": [6.75, 2.25, 8.5, 3], "texture": "#0", "rotation": 270},
				"down": {"uv": [9.25, 2.25, 11, 3], "texture": "#0", "rotation": 90}
			}
		},
		{
			"from": [3, 0, 0],
			"to": [5, 2, 7],
			"rotation": {"angle": -45, "axis": "y", "origin": [3, 6, 5]},
			"faces": {
				"north": {"uv": [6, 3, 6.5, 3.5], "texture": "#0"},
				"east": {"uv": [8.75, 3, 10.5, 3.5], "texture": "#0"},
				"south": {"uv": [8.25, 3, 8.75, 3.5], "texture": "#0"},
				"west": {"uv": [6.5, 3, 8.25, 3.5], "texture": "#0"},
				"up": {"uv": [6.5, 3.5, 8.25, 4], "texture": "#0", "rotation": 270},
				"down": {"uv": [8.75, 3.5, 10.5, 4], "texture": "#0", "rotation": 90}
			}
		},
		{
			"from": [6, 0, 2],
			"to": [13, 2, 4],
			"rotation": {"angle": -22.5, "axis": "y", "origin": [8, 6, 2]},
			"faces": {
				"north": {"uv": [6, 4, 7.75, 4.5], "texture": "#0"},
				"east": {"uv": [10, 4, 10.5, 4.5], "texture": "#0"},
				"south": {"uv": [8.25, 4, 10, 4.5], "texture": "#0"},
				"west": {"uv": [7.75, 4, 8.25, 4.5], "texture": "#0"},
				"up": {"uv": [6, 4.5, 7.75, 5], "texture": "#0"},
				"down": {"uv": [8.25, 4.5, 10, 5], "texture": "#0"}
			}
		},
		{
			"from": [12, 0, 3],
			"to": [13, 1, 10],
			"rotation": {"angle": 45, "axis": "y", "origin": [14, 6, 5]},
			"faces": {
				"north": {"uv": [6, 5, 6.2, 5.2], "texture": "#0"},
				"east": {"uv": [8.25, 5, 10, 5.2], "texture": "#0"},
				"south": {"uv": [8, 5, 8.2, 5.2], "texture": "#0"},
				"west": {"uv": [6.25, 5, 8, 5.2], "texture": "#0"},
				"up": {"uv": [6.25, 5.2, 8, 5.5], "texture": "#0", "rotation": 90},
				"down": {"uv": [8.25, 5.2, 10, 5.5], "texture": "#0", "rotation": 270}
			}
		}
	],
	"display": {
		"head": {
			"scale": [4, 4, 4],
			"translation": [0, -13, 0]
		},
		"thirdperson_righthand": {
			"scale": [3.5, 3.5, 3.5],
			"translation": [24.5, 1, 15],
			"rotation": [67, 0, 0]
		}
	}
}