{
  "pools": [
    {
      "rolls": 1,
      "entries": [
        {
          "type": "loot_table",
          "name": "dnd:items/fossil/dnd/mobs/acrocanthosaurus_fossil",
          "weight": 1
        },
        {
          "type": "loot_table",
          "name": "dnd:items/fossil/dnd/mobs/concavenator_fossil",
          "weight": 1
        },
        {
          "type": "loot_table",
          "name": "dnd:items/fossil/dnd/mobs/corythosaurus_fossil",
          "weight": 1
        },
        {
          "type": "loot_table",
          "name": "dnd:items/fossil/dnd/mobs/gallimimus_fossil",
          "weight": 1
        },
        {
          "type": "loot_table",
          "name": "dnd:items/fossil/dnd/mobs/tyrannosaurus_fossil",
          "weight": 1
        },
        {
          "type": "loot_table",
          "name": "dnd:items/fossil/dnd/plants/plant_fossil",
          "weight": 5
        },
        {
          "type": "item",
          "name": "minecraft:bone",
          "weight": 50
        },
        {
          "type": "item",
          "name": "minecraft:gold_nugget",
          "weight": 45
        },
        {
          "type": "item",
          "name": "minecraft:iron_nugget",
          "weight": 50
        },
        {
          "type": "item",
          "name": "minecraft:coarse_dirt",
          "weight": 25
        },
        {
          "type": "item",
          "name": "minecraft:flint",
          "weight": 25
        },
        {
          "type": "item",
          "name": "minecraft:lapis_lazuli",
          "weight": 15
        },
        {
          "type": "item",
          "name": "minecraft:redstone",
          "weight": 15
        }
      ]
    }
  ]
}
