{
  "pools": [
    {
      "rolls": 1,
      "entries": [
        {
          "type": "loot_table",
          "name": "dnd:items/fossil/dnd/mobs/acrocanthosaurus_fossil",
          "weight": 4
        },
        {
          "type": "loot_table",
          "name": "dnd:items/fossil/dnd/mobs/concavenator_fossil",
          "weight": 6
        },
        {
          "type": "loot_table",
          "name": "dnd:items/fossil/dnd/mobs/corythosaurus_fossil",
          "weight": 8
        },
        {
          "type": "loot_table",
          "name": "dnd:items/fossil/dnd/mobs/gallimimus_fossil",
          "weight": 10
        },
        {
          "type": "loot_table",
          "name": "dnd:items/fossil/dnd/mobs/tyrannosaurus_fossil",
          "weight": 2
        },
        {
          "type": "loot_table",
          "name": "dnd:items/fossil/dnd/plants/plant_fossil",
          "weight": 15
        },
        {
          "type": "item",
          "name": "minecraft:bone",
          "weight": 20
        },
        {
          "type": "item",
          "name": "minecraft:gold_nugget",
          "weight": 15
        },
        {
          "type": "item",
          "name": "minecraft:iron_nugget",
          "weight": 20
        },
        {
          "type": "item",
          "name": "minecraft:stick",
          "weight": 20
        }
      ]
    }
  ]
}
