{
  "parent": "dinocustom:revival/dna_combinator",
  "display": {
    "icon": {
      "item": "minecraft:dispenser",
      "nbt": "{CustomModelData:400004}"
    },
    "title": {
      "translate": "advancements.dnd.revival.culture_vat.title"
    },
    "description": {
      "translate": "advancements.dnd.revival.culture_vat.description"
    },
    "frame": "task",
    "show_toast": true,
    "announce_to_chat": true,
    "hidden": false
  },
  "criteria": {
    "killed_ghast": {
      "trigger": "minecraft:placed_block",
      "conditions": {
          "block": "minecraft:dispenser",
          "item": {
              "item": "minecraft:dispenser",
              "nbt": "{culture_vat:1}"
        }
      }
    }
  }
}
