{
    "pools": [
        {
            "rolls": 1,
            "entries": [
                {
                    "type": "item",
                    "name": "minecraft:diamond_hoe",
                    "weight": 2,
                    "quality": 2,
                    "functions": [
                        {
                            "function": "set_nbt",
                            "tag": "{Unbreakable:1,display:{Name:\"Amenemhat's Sicle\",Lore:[Held By the Pharaoh, Amenemhat , . , Growth Aura I - ,Throw on the grouind to Extremly Accelerate all crop growth!]}}"
                        }
                    ]
                },
                {
                    "type": "item",
                    "name": "minecraft:diamond_sword",
                    "weight": 2,
                    "quality": 5,
                    "functions": [
                        {
                            "function": "set_nbt",
                            "tag": "{display:{Name:\"Amenemhat's Wrath\",Lore:[Held By the Pharaoh, Amenemhat , . , Arthropids I- , Deal large damage to Arthropods]},ench:[{id:16,lvl:3},{id:18,lvl:10},{id:19,lvl:3},{id:21,lvl:2},{id:22,lvl:5},{id:34,lvl:5},{id:70,lvl:5}]}"
                        }
                    ]
                },
                {
                    "type": "item",
                    "name": "minecraft:diamond_pickaxe",
                    "weight": 2,
                    "quality": 3,
                    "functions": [
                        {
                            "function": "set_nbt",
                            "tag": "{display:{Name:\"Amenemhat's Smash\",Lore:[Held By the Pharaoh, Amenemhat]},ench:[{id:32,lvl:5},{id:34,lvl:5},{id:35,lvl:2},{id:70,lvl:5}]}"
                        }
                    ]
                }
            ]
        }
    ]
}