{
	"textures": {
		"0": "dinododo:entity/gallimimus"
	},
	"elements": [
		{
			"name": "Head",
			"from": [-10, 14.5, 6],
			"to": [-4, 18.5, 10],
			"rotation": {"angle": 0, "axis": "z", "origin": [-7, 20.5, 7.5]},
			"faces": {
				"north": {"uv": [0, 0, 2, 1.33313], "texture": "#0"},
				"east": {"uv": [5.33312, 0, 6.66625, 1.3], "texture": "#0"},
				"south": {"uv": [3.33312, 0, 5.3325, 1.33313], "texture": "#0"},
				"west": {"uv": [2, 0, 3.3, 1.3], "texture": "#0"},
				"up": {"uv": [2, 1.33313, 3.3, 3.33313], "texture": "#0", "rotation": 90},
				"down": {"uv": [5.33312, 1.33313, 6.63312, 3.33313], "texture": "#0", "rotation": 90}
			}
		},
		{
			"name": "Snout",
			"from": [-14, 14.5, 6],
			"to": [-10, 17.5, 10],
			"rotation": {"angle": 0, "axis": "z", "origin": [-13, 20.5, 7.5]},
			"faces": {
				"north": {"uv": [0, 3.33313, 1.33313, 4.33313], "texture": "#0"},
				"east": {"uv": [4, 3.33313, 5.33313, 4.29938], "texture": "#0"},
				"south": {"uv": [2.66625, 3.33313, 3.99938, 4.33313], "texture": "#0"},
				"west": {"uv": [1.33313, 3.33313, 2.66625, 4.29938], "texture": "#0"},
				"up": {"uv": [1.33313, 4.33313, 2.63313, 5.66625], "texture": "#0"},
				"down": {"uv": [4, 4.33313, 5.3, 5.66625], "texture": "#0", "rotation": 90}
			}
		},
		{
			"name": "Neck",
			"from": [-5, 4.5, 6.5],
			"to": [-2, 16.5, 9.5],
			"rotation": {"angle": 22.5, "axis": "z", "origin": [-2, 10.5, 8]},
			"faces": {
				"north": {"uv": [0, 5.66625, 1, 9.66625], "texture": "#0"},
				"east": {"uv": [3, 5.66625, 4, 9.66625], "texture": "#0"},
				"south": {"uv": [2, 5.66625, 3, 9.66625], "texture": "#0"},
				"west": {"uv": [1, 5.66625, 2, 9.66625], "texture": "#0"},
				"up": {"uv": [10.5, 0, 13, 3], "texture": "#1", "rotation": 90},
				"down": {"uv": [4, 0, 6.5, 3], "texture": "#1", "rotation": 90}
			}
		},
		{
			"name": "Body",
			"from": [-3, 0.5, 5.5],
			"to": [9, 6.5, 10.5],
			"faces": {
				"north": {"uv": [0, 11, 4, 13], "texture": "#0"},
				"east": {"uv": [9.66625, 11, 11.26625, 13], "texture": "#0"},
				"south": {"uv": [5.66625, 11, 9.66625, 13], "texture": "#0"},
				"west": {"uv": [4, 11, 5.6, 13], "texture": "#0"},
				"up": {"uv": [0, 13, 4, 15], "texture": "#0"},
				"down": {"uv": [5.66625, 13, 9.66625, 14.6], "texture": "#0"}
			}
		},
		{
			"name": "Tail1",
			"from": [9, 1.5, 6],
			"to": [14, 6.5, 10],
			"faces": {
				"north": {"uv": [6.66625, 0, 8.26625, 1.6], "texture": "#0"},
				"east": {"uv": [11.33313, 0, 12.66625, 1.6], "texture": "#0"},
				"south": {"uv": [9.66625, 0, 11.26625, 1.6], "texture": "#0"},
				"west": {"uv": [8.33313, 0, 9.63313, 1.6], "texture": "#0"},
				"up": {"uv": [8.33313, 1.66625, 9.63313, 3.26625], "texture": "#0"},
				"down": {"uv": [11.33313, 1.66625, 12.63313, 3.26625], "texture": "#0"}
			}
		},
		{
			"name": "Tail2",
			"from": [14, 2.5, 6.5],
			"to": [19, 6.5, 9.5],
			"faces": {
				"north": {"uv": [5.33312, 3.33313, 6.99937, 4.66625], "texture": "#0"},
				"east": {"uv": [9.66625, 3.33313, 10.66625, 4.66625], "texture": "#0"},
				"south": {"uv": [8, 3.33313, 9.66625, 4.66625], "texture": "#0"},
				"west": {"uv": [7, 3.33313, 8, 4.66625], "texture": "#0"},
				"up": {"uv": [7, 4.66625, 8, 6.3325], "texture": "#0"},
				"down": {"uv": [9.66625, 4.66625, 10.66625, 6.3325], "texture": "#0"}
			}
		},
		{
			"name": "Tail3",
			"from": [19, 3.5, 7],
			"to": [23, 6.5, 9],
			"faces": {
				"north": {"uv": [10.66625, 3.33313, 11.99937, 4.33313], "texture": "#0"},
				"east": {"uv": [13.99938, 3.33313, 14.66563, 4.33313], "texture": "#0"},
				"south": {"uv": [12.66625, 3.33313, 13.99938, 4.33313], "texture": "#0"},
				"west": {"uv": [12, 3.33313, 12.66625, 4.33313], "texture": "#0"},
				"up": {"uv": [11.99938, 4.33313, 12.66563, 5.66625], "texture": "#0"},
				"down": {"uv": [13.99938, 4.33313, 14.66563, 5.66625], "texture": "#0"}
			}
		},
		{
			"name": "Tail4",
			"from": [23, 4.5, 7.5],
			"to": [27, 6.5, 8.5],
			"faces": {
				"north": {"uv": [4, 6.33313, 5.33313, 6.99938], "texture": "#0"},
				"east": {"uv": [7.3325, 6.33313, 7.99875, 6.99938], "texture": "#0"},
				"south": {"uv": [6, 6.33313, 7.33313, 6.99938], "texture": "#0"},
				"west": {"uv": [5.33312, 6.3325, 5.99937, 6.99875], "texture": "#0"},
				"up": {"uv": [5.33312, 7, 5.99875, 8.3325], "texture": "#0"},
				"down": {"uv": [7.33313, 7, 7.99938, 8.33313], "texture": "#0"}
			}
		},
		{
			"name": "Leg1",
			"from": [7, -3, 4],
			"to": [11, 3, 7],
			"rotation": {"angle": -22.5, "axis": "z", "origin": [8, 8, 8]},
			"faces": {
				"north": {"uv": [8, 6.33313, 9.33313, 8.33313], "texture": "#0"},
				"east": {"uv": [11.66625, 6.33313, 12.66625, 8.33313], "texture": "#0"},
				"south": {"uv": [10.33313, 6.33313, 11.66625, 8.33313], "texture": "#0"},
				"west": {"uv": [9.33313, 6.33313, 10.33313, 8.33313], "texture": "#0"},
				"up": {"uv": [8, 8.33313, 9.33313, 9.33313], "texture": "#0"},
				"down": {"uv": [10.33313, 8.33313, 11.66625, 9.3325], "texture": "#0"}
			}
		},
		{
			"name": "Leg2",
			"from": [7, -3, 9],
			"to": [11, 3, 12],
			"rotation": {"angle": -22.5, "axis": "z", "origin": [8, 8, 13]},
			"faces": {
				"north": {"uv": [8, 6.33313, 9.33313, 8.33313], "texture": "#0"},
				"east": {"uv": [11.66625, 6.33313, 12.66625, 8.33313], "texture": "#0"},
				"south": {"uv": [10.33313, 6.33313, 11.66625, 8.33313], "texture": "#0"},
				"west": {"uv": [9.33313, 6.33313, 10.33313, 8.33313], "texture": "#0"},
				"up": {"uv": [8, 8.33313, 9.33313, 9.33313], "texture": "#0"},
				"down": {"uv": [10.33313, 8.33313, 11.66625, 9.3325], "texture": "#0"}
			}
		},
		{
			"name": "Leg3",
			"from": [-2, -3, 9.5],
			"to": [1, 3, 11.5],
			"rotation": {"angle": 45, "axis": "z", "origin": [8, 8, 8]},
			"faces": {
				"north": {"uv": [12.66625, 5.66625, 13.66625, 7.66625], "texture": "#0"},
				"east": {"uv": [15.33313, 5.7, 15.99938, 7.7], "texture": "#0"},
				"south": {"uv": [14.33313, 5.66625, 15.33313, 7.66625], "texture": "#0"},
				"west": {"uv": [13.66625, 5.66625, 14.3325, 7.66625], "texture": "#0"},
				"up": {"uv": [12.66625, 7.66625, 13.66625, 8.3325], "texture": "#0"},
				"down": {"uv": [14.33313, 7.66625, 15.33313, 8.3325], "texture": "#0"}
			}
		},
		{
			"name": "Leg4",
			"from": [-2, -3, 4.5],
			"to": [1, 3, 6.5],
			"rotation": {"angle": 45, "axis": "z", "origin": [8, 8, 3]},
			"faces": {
				"north": {"uv": [12.66625, 5.66625, 13.66625, 7.66625], "texture": "#0"},
				"east": {"uv": [15.33313, 5.7, 15.99938, 7.7], "texture": "#0"},
				"south": {"uv": [14.33313, 5.66625, 15.33313, 7.66625], "texture": "#0"},
				"west": {"uv": [13.66625, 5.66625, 14.3325, 7.66625], "texture": "#0"},
				"up": {"uv": [12.66625, 7.66625, 13.66625, 8.3325], "texture": "#0"},
				"down": {"uv": [14.33313, 7.66625, 15.33313, 8.3325], "texture": "#0"}
			}
		},
		{
			"name": "Leg5",
			"from": [9, -14, 4.5],
			"to": [12, -8, 6.5],
			"rotation": {"angle": -22.5, "axis": "z", "origin": [19, -3, 3]},
			"faces": {
				"north": {"uv": [12.66625, 5.66625, 13.66625, 7.66625], "texture": "#0"},
				"east": {"uv": [15.33313, 5.7, 15.99938, 7.7], "texture": "#0"},
				"south": {"uv": [14.33313, 5.66625, 15.33313, 7.66625], "texture": "#0"},
				"west": {"uv": [13.66625, 5.66625, 14.3325, 7.66625], "texture": "#0"},
				"up": {"uv": [12.66625, 7.66625, 13.66625, 8.3325], "texture": "#0"},
				"down": {"uv": [14.33313, 7.66625, 15.33313, 8.3325], "texture": "#0"}
			}
		},
		{
			"name": "Leg6",
			"from": [9, -14, 9.5],
			"to": [12, -8, 11.5],
			"rotation": {"angle": -22.5, "axis": "z", "origin": [19, -3, 8]},
			"faces": {
				"north": {"uv": [12.66625, 5.66625, 13.66625, 7.66625], "texture": "#0"},
				"east": {"uv": [15.33313, 5.7, 15.99938, 7.7], "texture": "#0"},
				"south": {"uv": [14.33313, 5.66625, 15.33313, 7.66625], "texture": "#0"},
				"west": {"uv": [13.66625, 5.66625, 14.3325, 7.66625], "texture": "#0"},
				"up": {"uv": [12.66625, 7.66625, 13.66625, 8.3325], "texture": "#0"},
				"down": {"uv": [14.33313, 7.66625, 15.33313, 8.3325], "texture": "#0"}
			}
		},
		{
			"name": "Foot1",
			"from": [4, -10, 4],
			"to": [9, -8, 7],
			"faces": {
				"north": {"uv": [6.66625, 9.66625, 8.3325, 10.66625], "texture": "#0"},
				"east": {"uv": [6.66625, 9.66625, 8.3325, 10.66563], "texture": "#0"},
				"south": {"uv": [6.66625, 9.66625, 8.3325, 10.66625], "texture": "#0"},
				"west": {"uv": [6.66625, 9.66625, 8.33187, 10.66625], "texture": "#0"},
				"up": {"uv": [6.66625, 9.66625, 7.99937, 10.66625], "texture": "#0"},
				"down": {"uv": [9.33313, 9.66625, 10.99938, 10.66625], "texture": "#0"}
			}
		},
		{
			"name": "Foot2",
			"from": [4, -10, 9],
			"to": [9, -8, 12],
			"faces": {
				"north": {"uv": [6.66625, 9.66625, 8.3325, 10.66625], "texture": "#0"},
				"east": {"uv": [6.66625, 9.66625, 8.3325, 10.66563], "texture": "#0"},
				"south": {"uv": [6.66625, 9.66625, 8.3325, 10.66625], "texture": "#0"},
				"west": {"uv": [6.66625, 9.66625, 8.33187, 10.66625], "texture": "#0"},
				"up": {"uv": [6.66625, 9.66625, 7.99937, 10.66625], "texture": "#0"},
				"down": {"uv": [9.33313, 9.66625, 10.99938, 10.66625], "texture": "#0"}
			}
		},
		{
			"name": "Arm1",
			"from": [-3, 2, 5],
			"to": [-1.5, 7, 6.5],
			"rotation": {"angle": 22.5, "axis": "z", "origin": [10, 8, 9]},
			"faces": {
				"north": {"uv": [4, 8.33313, 4.66625, 10.33313], "texture": "#0"},
				"east": {"uv": [6, 8.33313, 6.66625, 10.33313], "texture": "#0"},
				"south": {"uv": [5.33312, 8.33313, 5.99937, 10.33313], "texture": "#0"},
				"west": {"uv": [4.66625, 8.33313, 5.3325, 10.33313], "texture": "#0"},
				"up": {"uv": [4, 10.33313, 4.66625, 10.99938], "texture": "#0"},
				"down": {"uv": [5.33312, 10.33313, 5.99937, 10.99938], "texture": "#0"}
			}
		},
		{
			"name": "Arm2",
			"from": [-3, 2, 9.5],
			"to": [-1.5, 7, 11],
			"rotation": {"angle": 22.5, "axis": "z", "origin": [10, 8, 13.5]},
			"faces": {
				"north": {"uv": [4, 8.33313, 4.66625, 10.33313], "texture": "#0"},
				"east": {"uv": [6, 8.33313, 6.66625, 10.33313], "texture": "#0"},
				"south": {"uv": [5.33312, 8.33313, 5.99937, 10.33313], "texture": "#0"},
				"west": {"uv": [4.66625, 8.33313, 5.3325, 10.33313], "texture": "#0"},
				"up": {"uv": [4, 10.33313, 4.66625, 10.99938], "texture": "#0"},
				"down": {"uv": [5.33312, 10.33313, 5.99937, 10.99938], "texture": "#0"}
			}
		},
		{
			"name": "Arm3",
			"from": [-2, -16, 5],
			"to": [-0.5, -10, 6.5],
			"rotation": {"angle": -45, "axis": "z", "origin": [11, -9, 9]},
			"faces": {
				"north": {"uv": [4, 8.33313, 4.66625, 10.33313], "texture": "#0"},
				"east": {"uv": [6, 8.33313, 6.66625, 10.33313], "texture": "#0"},
				"south": {"uv": [5.33312, 8.33313, 5.99937, 10.33313], "texture": "#0"},
				"west": {"uv": [4.66625, 8.33313, 5.3325, 10.33313], "texture": "#0"},
				"up": {"uv": [4, 10.33313, 4.66625, 10.99938], "texture": "#0"},
				"down": {"uv": [5.33312, 10.33313, 5.99937, 10.99938], "texture": "#0"}
			}
		},
		{
			"name": "Arm4",
			"from": [-2, -16, 9.5],
			"to": [-0.5, -10, 11],
			"rotation": {"angle": -45, "axis": "z", "origin": [11, -9, 13.5]},
			"faces": {
				"north": {"uv": [4, 8.33313, 4.66625, 10.33313], "texture": "#0"},
				"east": {"uv": [6, 8.33313, 6.66625, 10.33313], "texture": "#0"},
				"south": {"uv": [5.33312, 8.33313, 5.99937, 10.33313], "texture": "#0"},
				"west": {"uv": [4.66625, 8.33313, 5.3325, 10.33313], "texture": "#0"},
				"up": {"uv": [4, 10.33313, 4.66625, 10.99938], "texture": "#0"},
				"down": {"uv": [5.33312, 10.33313, 5.99937, 10.99938], "texture": "#0"}
			}
		}
	],
	"display": {
		"ground": {
			"rotation": [0, 0, 0],
			"translation": [0, 0, 0],
			"scale": [0.5, 0.5, 0.5]
		},
		"head": {
			"rotation": [0, -90, 0],
			"translation": [0, 0, 0],
			"scale": [2.5, 2.5, 2.5]
		},
		"firstperson_righthand": {
			"rotation": [0, -90, 25],
			"translation": [1.13, 3.2, 1.13],
			"scale": [0, 0, 0]
		}
	}
}
