{
  "parent": "block/dispenser",
  "textures": {
    "layer0": "block/dispenser"
  },
  "overrides": [
    {
        "predicate": {
          "custom_model_data": 400002
        },
      "model": "dinododo:block/sifter"
    },
    {
        "predicate": {
          "custom_model_data": 400003
        },
      "model": "dinododo:block/dna_extractor"
    },
    {
        "predicate": {
          "custom_model_data": 400004
        },
      "model": "dinododo:block/culture_vat"
    },
    {
        "predicate": {
          "custom_model_data": 400005
        },
      "model": "dinododo:block/dna_combinator"
    },
    {
        "predicate": {
          "custom_model_data": 400008
        },
      "model": "dinododo:block/paleontology_workbench"
    },
    {
        "predicate": {
          "custom_model_data": 400009
        },
      "model": "dinododo:block/quarry"
    }
  ]
}
