{
  "pools": [
    {
      "rolls": 1,
      "entries": [
        {
          "type": "item",
          "name": "minecraft:beef",
          "weight": 1,
          "functions": [
            {
              "function": "set_count",
              "count": {
                "min": 2,
                "max": 10
              }
            },
            {
              "function": "set_nbt",
              "tag": "{display:{Name:\"{\\\"translate\\\":\\\"Raw Corythosaurus Meat\\\",\\\"italic\\\":false}\"}}"
            }
          ]
        }
      ]
    }
  ]
}