{ 
	"parent": "item/handheld",
	"textures": { 
		"layer0": "item/carrot_on_a_stick" 
 	},
	"overrides": [
		{ "predicate": { "damaged": 0, "damage": 0.04}, "model": "item/needle", "comment":"Damage Value:1"},
		{ "predicate": { "damaged": 0, "damage": 0.08}, "model": "item/carrot_on_a_stick", "comment":"Damage Value:2"},
		{ "predicate": { "damaged": 0, "damage": 0.12}, "model": "item/carrot_on_a_stick", "comment":"Damage Value:3"},
		{ "predicate": { "damaged": 0, "damage": 0.16}, "model": "item/carrot_on_a_stick", "comment":"Damage Value:4"},
		{ "predicate": { "damaged": 0, "damage": 0.2}, "model": "item/carrot_on_a_stick", "comment":"Damage Value:5"},
		{ "predicate": { "damaged": 0, "damage": 0.24}, "model": "item/carrot_on_a_stick", "comment":"Damage Value:6"},
		{ "predicate": { "damaged": 0, "damage": 0.28}, "model": "item/carrot_on_a_stick", "comment":"Damage Value:7"},
		{ "predicate": { "damaged": 0, "damage": 0.32}, "model": "item/carrot_on_a_stick", "comment":"Damage Value:8"},
		{ "predicate": { "damaged": 0, "damage": 0.36}, "model": "item/carrot_on_a_stick", "comment":"Damage Value:9"},
		{ "predicate": { "damaged": 0, "damage": 0.4}, "model": "item/carrot_on_a_stick", "comment":"Damage Value:10"},
		{ "predicate": { "damaged": 0, "damage": 0.44}, "model": "item/carrot_on_a_stick", "comment":"Damage Value:11"},
		{ "predicate": { "damaged": 0, "damage": 0.48}, "model": "item/carrot_on_a_stick", "comment":"Damage Value:12"},
		{ "predicate": { "damaged": 0, "damage": 0.52}, "model": "item/carrot_on_a_stick", "comment":"Damage Value:13"},
		{ "predicate": { "damaged": 0, "damage": 0.56}, "model": "item/carrot_on_a_stick", "comment":"Damage Value:14"},
		{ "predicate": { "damaged": 0, "damage": 0.6}, "model": "item/carrot_on_a_stick", "comment":"Damage Value:15"},
		{ "predicate": { "damaged": 0, "damage": 0.64}, "model": "item/carrot_on_a_stick", "comment":"Damage Value:16"},
		{ "predicate": { "damaged": 0, "damage": 0.68}, "model": "item/carrot_on_a_stick", "comment":"Damage Value:17"},
		{ "predicate": { "damaged": 0, "damage": 0.72}, "model": "item/carrot_on_a_stick", "comment":"Damage Value:18"},
		{ "predicate": { "damaged": 0, "damage": 0.76}, "model": "item/carrot_on_a_stick", "comment":"Damage Value:19"},
		{ "predicate": { "damaged": 0, "damage": 0.8}, "model": "item/carrot_on_a_stick", "comment":"Damage Value:20"},
		{ "predicate": { "damaged": 0, "damage": 0.84}, "model": "item/carrot_on_a_stick", "comment":"Damage Value:21"},
		{ "predicate": { "damaged": 0, "damage": 0.88}, "model": "item/carrot_on_a_stick", "comment":"Damage Value:22"},
		{ "predicate": { "damaged": 0, "damage": 0.92}, "model": "item/carrot_on_a_stick", "comment":"Damage Value:23"},
		{ "predicate": { "damaged": 0, "damage": 0.96}, "model": "item/carrot_on_a_stick", "comment":"Damage Value:24"},
		{ "predicate": { "damaged": 0, "damage": 1}, "model": "item/carrot_on_a_stick", "comment":"Damage Value:25"}
	]
}