{
  "pools": [
    {
      "rolls": 1,
      "entries": [
        {
          "type": "loot_table",
          "name": "dnd:items/fossil/dnd/mobs/acrocanthosaurus_fossil",
          "weight": 4
        },
        {
          "type": "loot_table",
          "name": "dnd:items/fossil/dnd/mobs/concavenator_fossil",
          "weight": 6
        },
        {
          "type": "loot_table",
          "name": "dnd:items/fossil/dnd/mobs/corythosaurus_fossil",
          "weight": 8
        },
        {
          "type": "loot_table",
          "name": "dnd:items/fossil/dnd/mobs/gallimimus_fossil",
          "weight": 10
        },
        {
          "type": "loot_table",
          "name": "dnd:items/fossil/dnd/mobs/tyrannosaurus_fossil",
          "weight": 2
        },
        {
          "type": "loot_table",
          "name": "dnd:items/fossil/dnd/plants/plant_fossil",
          "weight": 35
        }
      ]
    }
  ]
}
