{
	"credit": "Made with Blockbench",
	"textures": {
		"0": "block/terracotta",
		"particle": "block/terracotta"
	},
	"elements": [
		{
			"from": [6, 0, 6],
			"to": [10, 1, 10],
			"faces": {
				"north": {"uv": [0, 0, 4, 1], "texture": "#0"},
				"east": {"uv": [0, 0, 4, 1], "texture": "#0"},
				"south": {"uv": [0, 0, 4, 1], "texture": "#0"},
				"west": {"uv": [0, 0, 4, 1], "texture": "#0"},
				"up": {"uv": [0, 0, 4, 4], "texture": "#0"},
				"down": {"uv": [0, 0, 4, 4], "texture": "#0"}
			}
		},
		{
			"from": [6.5, 1, 6.5],
			"to": [9.5, 2, 9.5],
			"faces": {
				"north": {"uv": [0, 0, 3, 1], "texture": "#0"},
				"east": {"uv": [0, 0, 3, 1], "texture": "#0"},
				"south": {"uv": [0, 0, 3, 1], "texture": "#0"},
				"west": {"uv": [0, 0, 3, 1], "texture": "#0"},
				"up": {"uv": [0, 0, 3, 3], "texture": "#0"},
				"down": {"uv": [0, 0, 3, 3], "texture": "#0"}
			}
		},
		{
			"from": [6, 2, 6],
			"to": [10, 3, 10],
			"faces": {
				"north": {"uv": [0, 0, 4, 1], "texture": "#0"},
				"east": {"uv": [0, 0, 4, 1], "texture": "#0"},
				"south": {"uv": [0, 0, 4, 1], "texture": "#0"},
				"west": {"uv": [0, 0, 4, 1], "texture": "#0"},
				"up": {"uv": [0, 0, 4, 4], "texture": "#0"},
				"down": {"uv": [0, 0, 4, 4], "texture": "#0"}
			}
		},
		{
			"from": [5, 3, 5],
			"to": [11, 5, 11],
			"faces": {
				"north": {"uv": [0, 0, 6, 2], "texture": "#0"},
				"east": {"uv": [0, 0, 6, 2], "texture": "#0"},
				"south": {"uv": [0, 0, 6, 2], "texture": "#0"},
				"west": {"uv": [0, 0, 6, 2], "texture": "#0"},
				"up": {"uv": [0, 0, 6, 6], "texture": "#0"},
				"down": {"uv": [0, 0, 6, 6], "texture": "#0"}
			}
		},
		{
			"from": [4.5, 5, 4.5],
			"to": [11.5, 6, 11.5],
			"faces": {
				"north": {"uv": [0, 0, 7, 1], "texture": "#0"},
				"east": {"uv": [0, 0, 7, 1], "texture": "#0"},
				"south": {"uv": [0, 0, 7, 1], "texture": "#0"},
				"west": {"uv": [0, 0, 7, 1], "texture": "#0"},
				"up": {"uv": [0, 0, 7, 7], "texture": "#0"},
				"down": {"uv": [0, 0, 7, 7], "texture": "#0"}
			}
		},
		{
			"from": [6, 10, 6],
			"to": [10, 16, 10],
			"faces": {
				"north": {"uv": [0, 0, 4, 6], "texture": "#0"},
				"east": {"uv": [0, 0, 4, 6], "texture": "#0"},
				"south": {"uv": [0, 0, 4, 6], "texture": "#0"},
				"west": {"uv": [0, 0, 4, 6], "texture": "#0"},
				"up": {"uv": [0, 0, 4, 4], "texture": "#0"},
				"down": {"uv": [0, 0, 4, 4], "texture": "#0"}
			}
		},
		{
			"from": [5.5, 16, 5.5],
			"to": [10.5, 17, 10.5],
			"faces": {
				"north": {"uv": [0, 0, 5, 1], "texture": "#0"},
				"east": {"uv": [0, 0, 5, 1], "texture": "#0"},
				"south": {"uv": [0, 0, 5, 1], "texture": "#0"},
				"west": {"uv": [0, 0, 5, 1], "texture": "#0"},
				"up": {"uv": [0, 0, 5, 5], "texture": "#0"},
				"down": {"uv": [0, 0, 5, 5], "texture": "#0"}
			}
		},
		{
			"from": [5.5, 7, 5.5],
			"to": [10.5, 10, 10.5],
			"faces": {
				"north": {"uv": [0, 0, 5, 3], "texture": "#0"},
				"east": {"uv": [0, 0, 5, 3], "texture": "#0"},
				"south": {"uv": [0, 0, 5, 3], "texture": "#0"},
				"west": {"uv": [0, 0, 5, 3], "texture": "#0"},
				"up": {"uv": [0, 0, 5, 5], "texture": "#0"},
				"down": {"uv": [0, 0, 5, 5], "texture": "#0"}
			}
		},
		{
			"from": [5, 6, 5],
			"to": [11, 7, 11],
			"faces": {
				"north": {"uv": [0, 0, 6, 1], "texture": "#0"},
				"east": {"uv": [0, 0, 6, 1], "texture": "#0"},
				"south": {"uv": [0, 0, 6, 1], "texture": "#0"},
				"west": {"uv": [0, 0, 6, 1], "texture": "#0"},
				"up": {"uv": [0, 0, 6, 6], "texture": "#0"},
				"down": {"uv": [0, 0, 6, 6], "texture": "#0"}
			}
		},
		{
			"from": [10, 14, 7.5],
			"to": [14.5, 15, 8.5],
			"faces": {
				"north": {"uv": [0, 0, 4.5, 1], "texture": "#0"},
				"east": {"uv": [0, 0, 1, 1], "texture": "#0"},
				"south": {"uv": [0, 0, 4.5, 1], "texture": "#0"},
				"west": {"uv": [0, 0, 1, 1], "texture": "#0"},
				"up": {"uv": [0, 0, 4.5, 1], "texture": "#0"},
				"down": {"uv": [0, 0, 4.5, 1], "texture": "#0"}
			}
		},
		{
			"from": [12, 5, 7.5],
			"to": [13, 15, 8.5],
			"rotation": {"angle": -22.5, "axis": "z", "origin": [12.5, 10.5, 8]},
			"faces": {
				"north": {"uv": [0, 0, 10, 1], "texture": "#0", "rotation": 270},
				"east": {"uv": [0, 0, 10, 1], "texture": "#0", "rotation": 90},
				"south": {"uv": [0, 0, 10, 1], "texture": "#0", "rotation": 90},
				"west": {"uv": [0, 0, 10, 1], "texture": "#0", "rotation": 90},
				"up": {"uv": [0, 0, 1, 1], "texture": "#0", "rotation": 90},
				"down": {"uv": [0, 0, 1, 1], "texture": "#0", "rotation": 90}
			}
		},
		{
			"from": [3, 5, 7.5],
			"to": [4, 15, 8.5],
			"rotation": {"angle": 22.5, "axis": "z", "origin": [3.5, 10.5, 8]},
			"faces": {
				"north": {"uv": [0, 0, 10, 1], "texture": "#0", "rotation": 270},
				"east": {"uv": [0, 0, 10, 1], "texture": "#0", "rotation": 90},
				"south": {"uv": [0, 0, 10, 1], "texture": "#0", "rotation": 90},
				"west": {"uv": [0, 0, 10, 1], "texture": "#0", "rotation": 90},
				"up": {"uv": [0, 0, 1, 1], "texture": "#0", "rotation": 90},
				"down": {"uv": [0, 0, 1, 1], "texture": "#0", "rotation": 90}
			}
		},
		{
			"from": [1.5, 14, 7.5],
			"to": [6, 15, 8.5],
			"faces": {
				"north": {"uv": [0, 0, 4.5, 1], "texture": "#0"},
				"east": {"uv": [0, 0, 1, 1], "texture": "#0"},
				"south": {"uv": [0, 0, 4.5, 1], "texture": "#0"},
				"west": {"uv": [0, 0, 1, 1], "texture": "#0"},
				"up": {"uv": [0, 0, 4.5, 1], "texture": "#0"},
				"down": {"uv": [0, 0, 4.5, 1], "texture": "#0"}
			}
		}
	],
	"display": {
		"head": {
			"scale": [1.7, 1.7, 1.7],
			"translation": [0, -31.5, 0],
			"rotation": [0, 90, 0]
		},
		"gui": {
			"scale": [0.625, 0.625, 0.625],
			"rotation": [30, 225, 0],
			"translation": [0, 0, 0]
		}
	}
}