{
	"credit": "Made with Blockbench",
	"textures": {
		"0": "block/terracotta",
		"particle": "block/terracotta"
	},
	"elements": [
		{
			"from": [7.5, 1, 7.5],
			"to": [8.5, 3.5, 8.5],
			"faces": {
				"north": {"uv": [0, 0, 1, 2.5], "texture": "#0"},
				"east": {"uv": [0, 0, 1, 2.5], "texture": "#0"},
				"south": {"uv": [0, 0, 1, 2.5], "texture": "#0"},
				"west": {"uv": [0, 0, 1, 2.5], "texture": "#0"},
				"up": {"uv": [0, 0, 1, 1], "texture": "#0"},
				"down": {"uv": [0, 0, 1, 1], "texture": "#0"}
			}
		},
		{
			"from": [7, 0, 7],
			"to": [9, 1, 9],
			"faces": {
				"north": {"uv": [0, 0, 2, 2], "texture": "#0"},
				"east": {"uv": [0, 0, 2, 2], "texture": "#0"},
				"south": {"uv": [0, 0, 2, 2], "texture": "#0"},
				"west": {"uv": [0, 0, 2, 2], "texture": "#0"},
				"up": {"uv": [0, 0, 2, 2], "texture": "#0"},
				"down": {"uv": [0, 0, 2, 2], "texture": "#0"}
			}
		},
		{
			"from": [8.5, 4.5, 7],
			"to": [9.5, 5.5, 9],
			"rotation": {"angle": 45, "axis": "x", "origin": [10, 3.5, 8.5]},
			"faces": {
				"north": {"uv": [0, 0, 1, 2], "texture": "#0"},
				"east": {"uv": [0, 0, 1, 2], "texture": "#0"},
				"south": {"uv": [0, 0, 1, 2], "texture": "#0"},
				"west": {"uv": [0, 0, 1, 2], "texture": "#0"},
				"up": {"uv": [0, 0, 1, 2], "texture": "#0"},
				"down": {"uv": [0, 0, 1, 2], "texture": "#0"}
			}
		},
		{
			"from": [8.5, 2.5, 7],
			"to": [9.5, 3.5, 9],
			"rotation": {"angle": -45, "axis": "x", "origin": [10, 4.5, 7.5]},
			"faces": {
				"north": {"uv": [0, 0, 1, 2], "texture": "#0", "rotation": 180},
				"east": {"uv": [0, 0, 1, 2], "texture": "#0", "rotation": 180},
				"south": {"uv": [0, 0, 1, 2], "texture": "#0", "rotation": 180},
				"west": {"uv": [0, 0, 1, 2], "texture": "#0", "rotation": 180},
				"up": {"uv": [0, 0, 1, 2], "texture": "#0"},
				"down": {"uv": [0, 0, 1, 2], "texture": "#0"}
			}
		},
		{
			"from": [6.5, 2.5, 7],
			"to": [7.5, 3.5, 9],
			"rotation": {"angle": -45, "axis": "x", "origin": [8, 4.5, 7.5]},
			"faces": {
				"north": {"uv": [0, 0, 1, 2], "texture": "#0", "rotation": 180},
				"east": {"uv": [0, 0, 1, 2], "texture": "#0", "rotation": 180},
				"south": {"uv": [0, 0, 1, 2], "texture": "#0", "rotation": 180},
				"west": {"uv": [0, 0, 1, 2], "texture": "#0", "rotation": 180},
				"up": {"uv": [0, 0, 1, 2], "texture": "#0"},
				"down": {"uv": [0, 0, 1, 2], "texture": "#0"}
			}
		},
		{
			"from": [6.5, 4.5, 7],
			"to": [7.5, 5.5, 9],
			"rotation": {"angle": 45, "axis": "x", "origin": [8, 3.5, 8.5]},
			"faces": {
				"north": {"uv": [0, 0, 1, 2], "texture": "#0"},
				"east": {"uv": [0, 0, 1, 2], "texture": "#0"},
				"south": {"uv": [0, 0, 1, 2], "texture": "#0"},
				"west": {"uv": [0, 0, 1, 2], "texture": "#0"},
				"up": {"uv": [0, 0, 1, 2], "texture": "#0"},
				"down": {"uv": [0, 0, 1, 2], "texture": "#0"}
			}
		},
		{
			"from": [6.5, 5, 7.5],
			"to": [7.5, 6.5, 9.5],
			"rotation": {"angle": -22.5, "axis": "x", "origin": [8, 5, 9]},
			"faces": {
				"north": {"uv": [0, 0, 2, 1.5], "texture": "#0"},
				"east": {"uv": [0, 0, 2, 1.5], "texture": "#0"},
				"south": {"uv": [0, 0, 2, 1.5], "texture": "#0"},
				"west": {"uv": [0, 0, 2, 1.5], "texture": "#0"},
				"up": {"uv": [0, 0, 2, 1.5], "texture": "#0"},
				"down": {"uv": [0, 0, 2, 1.5], "texture": "#0"}
			}
		},
		{
			"from": [8.5, 5, 7.5],
			"to": [9.5, 6.5, 9.5],
			"rotation": {"angle": -22.5, "axis": "x", "origin": [10, 5, 9]},
			"faces": {
				"north": {"uv": [0, 0, 2, 1.5], "texture": "#0"},
				"east": {"uv": [0, 0, 2, 1.5], "texture": "#0"},
				"south": {"uv": [0, 0, 2, 1.5], "texture": "#0"},
				"west": {"uv": [0, 0, 2, 1.5], "texture": "#0"},
				"up": {"uv": [0, 0, 2, 1.5], "texture": "#0"},
				"down": {"uv": [0, 0, 2, 1.5], "texture": "#0"}
			}
		},
		{
			"from": [7.1, 3.5, 7],
			"to": [8.9, 8.5, 9],
			"rotation": {"angle": 0, "axis": "x", "origin": [8.5, 6, 8]},
			"faces": {
				"north": {"uv": [0, 0, 1.8, 5], "texture": "#0", "rotation": 180},
				"east": {"uv": [0, 0, 1.8, 5], "texture": "#0", "rotation": 180},
				"south": {"uv": [0, 0, 1.8, 5], "texture": "#0", "rotation": 180},
				"west": {"uv": [0, 0, 1.8, 5], "texture": "#0", "rotation": 180},
				"up": {"uv": [0, 0, 1.8, 5], "texture": "#0", "rotation": 180},
				"down": {"uv": [0, 0, 1.8, 5], "texture": "#0", "rotation": 180}
			}
		},
		{
			"from": [7, 3, 5.5],
			"to": [9, 5, 8.5],
			"rotation": {"angle": -22.5, "axis": "x", "origin": [8.5, 4, 7]},
			"faces": {
				"north": {"uv": [0, 0, 3, 2], "texture": "#0"},
				"east": {"uv": [0, 0, 3, 2], "texture": "#0"},
				"south": {"uv": [0, 0, 3, 2], "texture": "#0"},
				"west": {"uv": [0, 0, 3, 2], "texture": "#0"},
				"up": {"uv": [0, 0, 3, 2], "texture": "#0"},
				"down": {"uv": [0, 0, 3, 2], "texture": "#0"}
			}
		}
	],
	"display": {
		"head": {
			"scale": [1.7, 1.7, 1.7],
			"translation": [0, -31, 0],
			"rotation": [0, 90, 0]
		},
		"gui": {
			"scale": [0.625, 0.625, 0.625],
			"rotation": [30, 225, 0],
			"translation": [0, 0, 0]
		}
	}
}