{
  "pools": [
    {
      "rolls": 1,
      "entries": [
        {
          "type": "item",
          "name": "minecraft:bone_meal",
          "weight": 25
        },
        {
          "type": "item",
          "name": "minecraft:lime_dye",
          "weight": 1,
          "functions": [
            {
              "function": "set_nbt",
              "tag": "{display:{Name:\"{\\\"translate\\\":\\\"Wheat Seed DNA\\\",\\\"color\\\":\\\"green\\\",\\\"italic\\\":false}\"}}"
            }
          ]
        },
        {
          "type": "item",
          "name": "minecraft:lime_dye",
          "weight": 1,
          "functions": [
            {
              "function": "set_nbt",
              "tag": "{display:{Name:\"{\\\"translate\\\":\\\"Melon Seed DNA\\\",\\\"color\\\":\\\"green\\\",\\\"italic\\\":false}\"}}"
            }
          ]
        },
        {
          "type": "item",
          "name": "minecraft:lime_dye",
          "weight": 1,
          "functions": [
            {
              "function": "set_nbt",
              "tag": "{display:{Name:\"{\\\"translate\\\":\\\"Pumpkin Seed DNA\\\",\\\"color\\\":\\\"green\\\",\\\"italic\\\":false}\"}}"
            }
          ]
        },
        {
          "type": "item",
          "name": "minecraft:lime_dye",
          "weight": 1,
          "functions": [
            {
              "function": "set_nbt",
              "tag": "{display:{Name:\"{\\\"translate\\\":\\\"Beetroot Seed DNA\\\",\\\"color\\\":\\\"green\\\",\\\"italic\\\":false}\"}}"
            }
          ]
        }
      ]
    }
  ]
}