{
  "pools": [
    {
      "rolls": 1,
      "entries": [
        {
          "type": "item",
          "name": "minecraft:orange_dye",
          "weight": 1,
          "functions": [
            {
              "function": "set_nbt",
              "tag": "{display:{Name:'{\"translate\":\"item.dnd.embryo.acrocanthosaurus\",\"italic\":false}',Lore:['{\"translate\":\"config.dnd.name\",\"color\":\"blue\",\"italic\":true}']}}"
            }
          ]
        }
      ]
    }
  ]
}
