{
  "pools": [
    {
      "rolls": 1,
      "entries": [
        {
          "type": "item",
          "name": "minecraft:donkey_spawn_egg",
          "weight": 1,
          "functions": [
            {
              "function": "set_nbt",
              "tag": "{EntityTag:{NoGravity:0b,CustomName:'{\"text\":\"spawn_tyrannosaurus\"}',IsBaby:0b,Silent:1b,Invulnerable:0b,PersistenceRequired:1b,NoAI:1b,ActiveEffects:[{Duration:1000000,Id:14b,Amplifier:1b,ShowParticles:0b}]},display:{Name:'{\"translate\":\"block.dnd.egg.tyrannosaurus\",\"italic\":false}',Lore:['{\"translate\":\"config.dnd.name\",\"color\":\"blue\",\"italic\":true}']}}"
            }
          ]
        }
      ]
    }
  ]
}
