{
  "type": "minecraft:entity",
  "pools": [
    {
      "rolls": 1,
      "entries": [
        {
          "type": "item",
          "name": "minecraft:bone",
          "weight": 1,
          "functions": [
            {
              "function": "minecraft:set_nbt",
              "tag": "{CustomModelData:400002,dnd:{id:\"fossil\",plant:{id:\"universal\"}}}"
            },
            {
              "function": "minecraft:set_name",
              "name": {
                "translate": "item.dnd.fossil.plant",
                "italic": false
                      }
            },
            {
              "function": "minecraft:set_lore",
              "lore": [{
                "translate": "config.dnd.name",
                "color": "#63E2FF",
                "italic": true
                      }]
            }
          ]
        }
      ]
    }
  ]
}
