{
    "pools": [
        {
            "rolls": 1,
            "entries": [
                {
                    "type": "item",
                    "name": "minecraft:fish",
                    "functions": [
                        {
                            "function": "set_data",
                            "data": 0
                        }
                    ],
                    "weight": 70
                },
                {
                    "type": "item",
                    "name": "minecraft:fish",
                    "functions": [
                        {
                            "function": "set_data",
                            "data": 1
                        }
                    ],
                    "weight": 40
                },
#
# START OF CLOWNFISH (SMALL)
#
#=================
# (def) CLOWNFISH
#=================
                {
                    "type": "item",
                    "name": "minecraft:fish",
                    "functions": [
                        {
                            "function": "set_data",
                            "data": 2
                        },
                        {
                            "function": "set_nbt",
                            "tag": "{display:{Name:\"Clownfish\",Lore:[\"Amphiprion ocellaris\",\"Diurnal fish found in many colours.\",\"Rely on sea anemones for shelter.\"]}}"
                        }
                    ],
                    "weight": 10
                },
#=================
# ANGELFISH
#=================
                {
                    "type": "item",
                    "name": "minecraft:fish",
                    "functions": [
                        {
                            "function": "set_data",
                            "data": 2
                        },
                        {
                            "function": "set_nbt",
                            "tag": "{display:{Name:\"Angelfish\",Lore:[\"Pterophyllum altum\",\"Found in well-oxygenated softwater.\",\"Is the national fish of Venezuela.\"]},ench:[{id:61,lvl:1}],HideFlags:63}"
                        }
                    ],
                    "weight": 10
                },
#=================
# ANGLER FISH
#=================
                {
                    "type": "item",
                    "name": "minecraft:fish",
                    "functions": [
                        {
                            "function": "set_data",
                            "data": 2
                        },
                        {
                            "function": "set_nbt",
                            "tag": "{display:{Name:\"Angler Fish\",Lore:[\"Melanocetus johnsonii\",\"Native to all oceans around the world.\",\"Can live at depths of up to 4500m.\"]},ench:[{id:61,lvl:1}],HideFlags:63}"
                        }
                    ],
                    "weight": 5
                },
#=================
# BUTTERFLY FISH
#=================
                {
                    "type": "item",
                    "name": "minecraft:fish",
                    "functions": [
                        {
                            "function": "set_data",
                            "data": 2
                        },
                        {
                            "function": "set_nbt",
                            "tag": "{display:{Name:\"Butterfly Fish\",Lore:[\"Chaetodontidae\",\"Mostly populate tropical reefs.\",\"Diurnal.\"]},ench:[{id:61,lvl:1}],HideFlags:63}"
                        }
                    ],
                    "weight": 10
                },
#=================
# DORY
#=================
                {
                    "type": "item",
                    "name": "minecraft:fish",
                    "functions": [
                        {
                            "function": "set_data",
                            "data": 2
                        },
                        {
                            "function": "set_nbt",
                            "tag": "{display:{Name:\"Regal Tang\",Lore:[\"Paracanthurus hepatus\",\"A species of indo-specific surgeonfish.\",\"Popular in marine aquaria.\"]},ench:[{id:61,lvl:1}],HideFlags:63}"
                        }
                    ],
                    "weight": 10
                },
#=================
# MANTIS SHRIMP
#=================
                {
                    "type": "item",
                    "name": "minecraft:fish",
                    "functions": [
                        {
                            "function": "set_data",
                            "data": 2
                        },
                        {
                            "function": "set_nbt",
                            "tag": "{display:{Name:\"Mantis Shrimp\",Lore:[\"Odontodactylus scyllarus\",\"A large Indo-Pacific species of shrimp.\",\"Known to have the fastest strike in the world.\"]},ench:[{id:61,lvl:1}],HideFlags:63}"
                        }
                    ],
                    "weight": 5
                },
#=================
# STINGRAY
#=================
                {
                    "type": "item",
                    "name": "minecraft:fish",
                    "functions": [
                        {
                            "function": "set_data",
                            "data": 2
                        },
                        {
                            "function": "set_nbt",
                            "tag": "{display:{Name:\"Stingray\",Lore:[\"Dasyatis pastinaca\",\"Inhabits sandy or muddy coastal waters.\",\"Has a slender tail with serrated stinger.\"]},ench:[{id:61,lvl:1}],HideFlags:63}"
                        }
                    ],
                    "weight": 7
                },
#=================
# ZEBRAFISH
#=================
                {
                    "type": "item",
                    "name": "minecraft:fish",
                    "functions": [
                        {
                            "function": "set_data",
                            "data": 2
                        },
                        {
                            "function": "set_nbt",
                            "tag": "{display:{Name:\"Zebrafish\",Lore:[\"Danio rerio\",\"Native to the Himalayan region.\",\"Popular in aquariums, and as a research organism.\"]},ench:[{id:61,lvl:1}],HideFlags:63}"
                        }
                    ],
                    "weight": 15
                },
#
# START OF PUFFERFISH (SMALL)
#
#=================
# MOON JELLYFISH
#=================
                {
                    "type": "item",
                    "name": "minecraft:fish",
                    "functions": [
                        {
                            "function": "set_data",
                            "data": 3
                        },
                        {
                            "function": "set_nbt",
                            "tag": "{display:{Name:\"Moon Jellyfish\",Lore:[\"Aurelia aurita\",\"Lives in most seas worldwide.\",\"Feed on various types of plankton.\"]},ench:[{id:61,lvl:1}],HideFlags:63}"
                        }
                    ],
                    "weight": 10
                },
#=================
# SEA SLUG
#=================
                {
                    "type": "item",
                    "name": "minecraft:fish",
                    "functions": [
                        {
                            "function": "set_data",
                            "data": 3
                        },
                        {
                            "function": "set_nbt",
                            "tag": "{display:{Name:\"Sea Slug\",Lore:[\"Nudibranchia\",\"Lives in seas worldwide.\",\"Carry chemical defenses to avoid predation.\"]},ench:[{id:61,lvl:1}],HideFlags:63}"
                        }
                    ],
                    "weight": 5
                },
#=================
# SEA URCHIN
#=================
                {
                    "type": "item",
                    "name": "minecraft:fish",
                    "functions": [
                        {
                            "function": "set_data",
                            "data": 3
                        },
                        {
                            "function": "set_nbt",
                            "tag": "{display:{Name:\"Sea Urchin\",Lore:[\"Arbacia lixula\",\"Medium-sized black urchin.\",\"Feeds primarily on red algae.\"]},ench:[{id:16,lvl:3}],HideFlags:63}"
                        }
                    ],
                    "weight": 10
                },
#
# START OF CLOWNFISH (LARGE)
#
#=================
# COELACANTH
#=================
                {
                    "type": "item",
                    "name": "minecraft:fish",
                    "functions": [
                        {
                            "function": "set_data",
                            "data": 2
                        },
                        {
                            "function": "set_nbt",
                            "tag": "{display:{Name:\"Coelacanth\",Lore:[\"Coelacanthiformes\",\"Nocturnal piscivorous fish.\",\"Considered living fossils.\"]},ench:[{id:61,lvl:1}],HideFlags:63}"
                        }
                    ],
                    "weight": 5
                },
#=================
# MANTA RAY
#=================
                {
                    "type": "item",
                    "name": "minecraft:fish",
                    "functions": [
                        {
                            "function": "set_data",
                            "data": 2
                        },
                        {
                            "function": "set_nbt",
                            "tag": "{display:{Name:\"Manta Ray\",Lore:[\"Cephalopterus manta\",\"Found in temperate, subtropical, and tropical waters.\",\"Filter feed on assorted zooplankton.\"]},ench:[{id:61,lvl:1}],HideFlags:63}"
                        }
                    ],
                    "weight": 5
                },
#=================
# MORAY EEL
#=================
                {
                    "type": "item",
                    "name": "minecraft:fish",
                    "functions": [
                        {
                            "function": "set_data",
                            "data": 2
                        },
                        {
                            "function": "set_nbt",
                            "tag": "{display:{Name:\"Moray Eel\",Lore:[\"Muraena\",\"Most diverse around tropical reefs.\",\"Actually docile, attacking only when provoked.\"]},ench:[{id:61,lvl:1}],HideFlags:63}"
                        }
                    ],
                    "weight": 6
                },
#=================
# OCEAN SUNFISH
#=================
                {
                    "type": "item",
                    "name": "minecraft:fish",
                    "functions": [
                        {
                            "function": "set_data",
                            "data": 2
                        },
                        {
                            "function": "set_nbt",
                            "tag": "{display:{Name:\"Ocean Sunfish\",Lore:[\"Mola mola\",\"Native to temperate and tropical waters.\",\"Heaviest bony fish in the world.\"]},ench:[{id:61,lvl:1}],HideFlags:63}"
                        }
                    ],
                    "weight": 5
                },
#
# START OF PUFFERFISH (LARGE)
#
#=================
# LION'S MANE JELLYFISH
#=================
                {
                    "type": "item",
                    "name": "minecraft:fish",
                    "functions": [
                        {
                            "function": "set_data",
                            "data": 3
                        },
                        {
                            "function": "set_nbt",
                            "tag": "{display:{Name:\"Lion's Mane Jellyfish\",Lore:[\"Cyanea capillata\",\"Lives in cold waters.\",\"Largest known jellyfish in the world.\"]},ench:[{id:61,lvl:1}],HideFlags:63}"
                        }
                    ],
                    "weight": 5
                },
#
# START OF SPECIALS
#
#=================
# ENDER FISH
#=================
                {
                    "type": "item",
                    "name": "minecraft:chorus_fruit",
                    "functions": [
                        {
                            "function": "set_nbt",
                            "tag": "{display:{Name:\"Ender Fish\",Lore:[\"???? ????\",\"???????????????????????????\",\"???????????????????????????\"]},ench:[{id:61,lvl:1}],HideFlags:63}"
                        }
                    ],
                    "weight": 1
                },
#=================
# BLOOD LAMPREY
#=================
                {
                    "type": "item",
                    "name": "minecraft:fish",
                    "functions": [
                        {
                            "function": "set_data",
                            "data": 3
                        },
                        {
                            "function": "set_attributes",
                            "modifiers": [
                                {
                                    "name": "Symbiote",
                                    "attribute": "generic.maxHealth",
                                    "amount": 0.0,
                                    "operation": "addition",
                                    "slot": "mainhand"
                                },
                                {
                                    "name": "Symbiote",
                                    "attribute": "generic.maxHealth",
                                    "amount": 10.0,
                                    "operation": "addition",
                                    "slot": "offhand"
                                }
                            ]
                        },
                        {
                            "function": "set_nbt",
                            "tag": "{display:{Name:\"Blood Lamprey\",Lore:[\"Symbiosa sanguineus\",\"Eel-like symbiont found in Minecraft.\",\"Little is known about this animal.\"]},ench:[{id:61,lvl:1}],HideFlags:63}"
                        }
                    ],
                    "weight": 1
                },
#=================
# DESENSITIZER JELLYFISH
#=================
                {
                    "type": "item",
                    "name": "minecraft:fish",
                    "functions": [
                        {
                            "function": "set_data",
                            "data": 3
                        },
                        {
                            "function": "set_attributes",
                            "modifiers": [
                                {
                                    "name": "Slowfish",
                                    "attribute": "generic.movementSpeed",
                                    "amount": 0.0,
                                    "operation": "addition",
                                    "slot": "mainhand"
                                },
                                {
                                    "name": "Slowfish",
                                    "attribute": "generic.movementSpeed",
                                    "amount": -0.5,
                                    "operation": "multiply_total",
                                    "slot": "offhand"
                                }
                            ]
                        },
                        {
                            "function": "set_attributes",
                            "modifiers": [
                                {
                                    "name": "Slowfishb",
                                    "attribute": "generic.armor",
                                    "amount": 0.0,
                                    "operation": "addition",
                                    "slot": "mainhand"
                                },
                                {
                                    "name": "Slowfishb",
                                    "attribute": "generic.armor",
                                    "amount": 10.0,
                                    "operation": "addition",
                                    "slot": "offhand"
                                }
                            ]
                        },
                        {
                            "function": "set_nbt",
                            "tag": "{display:{Name:\"Desensitizer Jellyfish\",Lore:[\"Medusa torpens\",\"Blue jelly with a nerve-numbing sting.\",\"Little is known about this animal.\"]},ench:[{id:61,lvl:1}],HideFlags:63}"
                        }
                    ],
                    "weight": 1
                },
#
# START OF MISC
#
#=================
# ANEMONE
#=================
                {
                    "type": "item",
                    "name": "minecraft:fish",
                    "functions": [
                        {
                            "function": "set_data",
                            "data": 3
                        },
                        {
                            "function": "set_nbt",
                            "tag": "{display:{Name:\"Sea Anemone\",Lore:[\"Actiniaria\",\"Predatorial animals with digestive polyps.\",\"Named after the terrestrial flower.\"]},ench:[{id:61,lvl:1}],HideFlags:63}"
                        }
                    ],
                    "weight": 10
                },
#=================
# FISH SKELETON
#=================
                {
                    "type": "item",
                    "name": "minecraft:bone",
                    "functions": [
                        {
                            "function": "set_nbt",
                            "tag": "{display:{Name:\"Fish Skeleton\",Lore:[\"A dead fish's skeleton.\"]},ench:[{id:61,lvl:1}],HideFlags:63}"
                        }
                    ],
                    "weight": 5
                },
#=================
# FIRE CORAL
#=================
                {
                    "type": "item",
                    "name": "minecraft:blaze_rod",
                    "functions": [
                        {
                            "function": "set_attributes",
                            "modifiers": [
                                {
                                    "name": "CoralBurn",
                                    "attribute": "generic.maxHealth",
                                    "amount": -6.0,
                                    "operation": "addition",
                                    "slot": "mainhand"
                                },
                                {
                                    "name": "CoralBurn",
                                    "attribute": "generic.maxHealth",
                                    "amount": -6.0,
                                    "operation": "addition",
                                    "slot": "offhand"
                                }
                            ]
                        },
                        {
                            "function": "set_nbt",
                            "tag": "{display:{Name:\"Fire Coral\",Lore:[\"Millepora alcicornis\",\"Found in shallow tropical coral reefs.\",\"Is covered in tiny stinging polyps.\"]},ench:[{id:20,lvl:1}],HideFlags:63}"
                        }
                    ],
                    "weight": 3
                },
#=================
# GREEN ALGAE
#=================
                {
                    "type": "item",
                    "name": "minecraft:dye",
                    "functions": [
                        {
                            "function": "set_data",
                            "data": 2
                        },
                        {
                            "function": "set_nbt",
                            "tag": "{display:{Name:\"Green Algae\",Lore:[\"Chlorophyta\",\"Marine eukaryotes.\",\"Contain chlorophyll and photosynthesize.\"]},ench:[{id:61,lvl:1}],HideFlags:63}"
                        }
                    ],
                    "weight": 15
                },
#
# END
#
                {
                    "type": "item",
                    "name": "minecraft:fish",
                    "functions": [
                        {
                            "function": "set_data",
                            "data": 3
                        }
                    ],
                    "weight": 30
                }
            ]
        }
    ]
}