{
  "pools": [{
    "rolls": 1,
    "entries": [{
      "type": "minecraft:item",
      "name": "minecraft:furnace",
      "weight": 1,
      "functions": [{
          "function": "minecraft:set_nbt",
          "tag": "{BlockEntityTag:{id:\"minecraft:furnace\",Items:[{id:\"minecraft:barrier\",Count:1b,tag:{dnd:{placed_block:1b,block:\"sifter\"}}}]},CustomModelData:400002,dnd:{id:\"sifter\"}}"
        },
        {
          "function": "minecraft:set_name",
          "name": {
            "translate": "block.dnd.sifter",
            "italic": false
          }
        },
        {
          "function": "minecraft:set_lore",
          "lore": [{
            "translate": "config.dnd.name",
            "color": "#63E2FF",
            "italic": true
          }]
        }
      ]
    }]
  }]
}
