{
  "pools": [
    {
      "rolls": 1,
      "entries": [
        {
          "type": "item",
          "name": "minecraft:glowstone_dust",
          "weight": 10,
          "functions": [
            {
              "function": "set_nbt",
              "tag": "\/give @p minecraft:glowstone 1 0 {display:{Name:\"Copper Dust\",Lore:[.]}}"
            }
          ]
        },
        {
          "type": "item",
          "name": "minecraft:sugar",
          "weight": 9,
          "functions": [
            {
              "function": "set_nbt",
              "tag": "\/give @p minecraft:glowstone 1 0 {display:{Name:\"Iron Dust\",Lore:[.]}}"
            }
          ]
        },
        {
          "type": "item",
          "name": "minecraft:gunpowder",
          "weight": 8,
          "functions": [
            {
              "function": "set_nbt",
              "tag": "\/give @p minecraft:glowstone 1 0 {display:{Name:\"Silver Dust\",Lore:[.]}}"
            }
          ]
        },
        {
          "type": "item",
          "name": "minecraft:glowstone_dust",
          "weight": 7,
          "functions": [
            {
              "function": "set_nbt",
              "tag": "\/give @p minecraft:glowstone 1 0 {display:{Name:\"Gold Dust\",Lore:[.]}}"
            }
          ]
        },
        {
          "type": "item",
          "name": "minecraft:sugar",
          "weight": 6,
          "functions": [
            {
              "function": "set_nbt",
              "tag": "\/give @p minecraft:glowstone 1 0 {display:{Name:\"Platinum Dust\",Lore:[.]}}"
            }
          ]
        },
        {
          "type": "item",
          "name": "minecraft:dye",
          "weight": 5,
          "functions": [
            {
              "function": "set_data",
              "data": 6
            },
            {
              "function": "set_nbt",
              "tag": "\/give @p minecraft:glowstone 1 0 {display:{Name:\"Cobalt Dust\",Lore:[.]}}"
            }
          ]
        },
        {
          "type": "item",
          "name": "minecraft:dye",
          "weight": 4,
          "functions": [
            {
              "function": "set_data",
              "data": 12
            },
            {
              "function": "set_nbt",
              "tag": "\/give @p minecraft:glowstone 1 0 {display:{Name:\"Mithril Dust\",Lore:[.]}}"
            }
          ]
        },
        {
          "type": "item",
          "name": "minecraft:gunpowder",
          "weight": 1,
          "functions": [
            {
              "function": "set_nbt",
              "tag": "\/give @p minecraft:glowstone 1 0 {display:{Name:\"Titanium Dust\",Lore:[.]}}"
            }
          ]
        }
      ]
    }
  ]
}