{
  "pools": [
    {
      "rolls": 1,
      "entries": [
        {
          "type": "item",
          "name": "minecraft:structure_block",
          "weight": 4,
          "functions": [
            {
              "function": "set_nbt",
              "tag": "{display:{Name:'{\"translate\":\"item.dnd.fossil.acrocanthosaurus\",\"color\":\"white\",\"italic\":false}',Lore:['{\"translate\":\"config.dnd.name\",\"color\":\"blue\",\"italic\":true}']},CustomModelData:400005}"
            }
          ]
        },
        {
          "type": "item",
          "name": "minecraft:structure_block",
          "weight": 6,
          "functions": [
            {
              "function": "set_nbt",
              "tag": "{display:{Name:'{\"translate\":\"item.dnd.fossil.concavenator\",\"color\":\"white\",\"italic\":false}',Lore:['{\"translate\":\"config.dnd.name\",\"color\":\"blue\",\"italic\":true}']},CustomModelData:400005}"
            }
          ]
        },
        {
          "type": "item",
          "name": "minecraft:structure_block",
          "weight": 8,
          "functions": [
            {
              "function": "set_nbt",
              "tag": "{display:{Name:'{\"translate\":\"item.dnd.fossil.corythosaurus\",\"color\":\"white\",\"italic\":false}',Lore:['{\"translate\":\"config.dnd.name\",\"color\":\"blue\",\"italic\":true}']},CustomModelData:400005}"
            }
          ]
        },
        {
          "type": "item",
          "name": "minecraft:structure_block",
          "weight": 10,
          "functions": [
            {
              "function": "set_nbt",
              "tag": "{display:{Name:'{\"translate\":\"item.dnd.fossil.gallimimus\",\"color\":\"white\",\"italic\":false}',Lore:['{\"translate\":\"config.dnd.name\",\"color\":\"blue\",\"italic\":true}']},CustomModelData:400005}"
            }
          ]
        },
        {
          "type": "item",
          "name": "minecraft:structure_block",
          "weight": 2,
          "functions": [
            {
              "function": "set_nbt",
              "tag": "{display:{Name:'{\"translate\":\"item.dnd.fossil.tyrannosaurus\",\"color\":\"white\",\"italic\":false}',Lore:['{\"translate\":\"config.dnd.name\",\"color\":\"blue\",\"italic\":true}']},CustomModelData:400005}"
            }
          ]
        },
        {
          "type": "item",
          "name": "minecraft:structure_block",
          "weight": 15,
          "functions": [
            {
              "function": "set_nbt",
              "tag": "{display:{Name:'{\"translate\":\"item.dnd.fossil.plant\",\"color\":\"white\",\"italic\":false}',Lore:['{\"translate\":\"config.dnd.name\",\"color\":\"blue\",\"italic\":true}']},CustomModelData:400003}"
            }
          ]
        },
        {
          "type": "item",
          "name": "minecraft:bone",
          "weight": 20
        },
        {
          "type": "item",
          "name": "minecraft:gold_nugget",
          "weight": 20
        },
        {
          "type": "item",
          "name": "minecraft:stick",
          "weight": 20
        }
      ]
    }
  ]
}
