{
    "__comment": "Model generated using MrCrayfish's Model Creator (http://mrcrayfish.com/modelcreator/)",
    "textures": {
        "0": "block/acrocanthosaurus/body",
        "1": "block/acrocanthosaurus/tail1",
        "2": "block/acrocanthosaurus/tail2",
        "3": "block/acrocanthosaurus/tail3",
        "4": "block/acrocanthosaurus/tail4",
        "5": "block/acrocanthosaurus/tail5",
        "6": "block/acrocanthosaurus/neck",
        "7": "block/acrocanthosaurus/head",
        "8": "block/acrocanthosaurus/arm",
        "9": "block/acrocanthosaurus/sail",
        "10": "block/acrocanthosaurus/leg"
    },
    "elements": [
        {
            "name": "Body",
            "from": [ -6.0, 0.0, 5.0 ], 
            "to": [ 5.0, 6.0, 11.0 ], 
            "faces": {
                "north": { "texture": "#0", "uv": [ 0.0, 0.0, 3.0, 1.5 ] },
                "east": { "texture": "#0", "uv": [ 3.0, 0.0, 5.5, 1.5 ] },
                "south": { "texture": "#0", "uv": [ 5.5, 0.0, 8.5, 1.5 ] },
                "west": { "texture": "#0", "uv": [ 8.5, 0.0, 11.0, 1.5 ] },
                "up": { "texture": "#0", "uv": [ 0.0, 1.5, 2.7, 3.0 ] },
                "down": { "texture": "#0", "uv": [ 5.5, 1.5, 8.2, 3.0 ] }
            }
        },
        {
            "name": "Tail1",
            "from": [ 1.0, 0.5, 5.5 ], 
            "to": [ 9.0, 6.5, 10.5 ], 
            "faces": {
                "north": { "texture": "#1", "uv": [ 0.0, 0.0, 4.0, 3.0 ] },
                "east": { "texture": "#1", "uv": [ 4.0, 0.0, 6.5, 3.0 ] },
                "south": { "texture": "#1", "uv": [ 6.5, 0.0, 10.5, 3.0 ] },
                "west": { "texture": "#1", "uv": [ 10.5, 0.0, 13.0, 3.0 ] },
                "up": { "texture": "#1", "uv": [ 0.0, 3.0, 4.0, 5.5 ] },
                "down": { "texture": "#1", "uv": [ 6.5, 3.0, 10.5, 5.5 ] }
            }
        },
        {
            "name": "Tail2",
            "from": [ 9.0, 1.5, 6.0 ], 
            "to": [ 14.0, 6.5, 10.0 ], 
            "faces": {
                "north": { "texture": "#2", "uv": [ 0.0, 0.0, 2.5, 2.5 ] },
                "east": { "texture": "#2", "uv": [ 2.5, 0.0, 4.5, 2.5 ] },
                "south": { "texture": "#2", "uv": [ 4.5, 0.0, 7.0, 2.5 ] },
                "west": { "texture": "#2", "uv": [ 7.0, 0.0, 9.0, 2.5 ] },
                "up": { "texture": "#2", "uv": [ 0.0, 2.0, 2.5, 4.5 ] },
                "down": { "texture": "#2", "uv": [ 4.5, 2.5, 7.0, 4.5 ] }
            }
        },
        {
            "name": "Tail3",
            "from": [ 14.0, 2.5, 6.5 ], 
            "to": [ 19.0, 6.5, 9.5 ], 
            "faces": {
                "north": { "texture": "#3", "uv": [ 0.0, 0.0, 5.0, 4.0 ] },
                "east": { "texture": "#3", "uv": [ 5.0, 0.0, 8.0, 4.0 ] },
                "south": { "texture": "#3", "uv": [ 8.0, 0.0, 13.0, 4.0 ] },
                "west": { "texture": "#3", "uv": [ 13.0, 0.0, 16.0, 4.0 ] },
                "up": { "texture": "#3", "uv": [ 0.0, 4.0, 5.0, 7.0 ] },
                "down": { "texture": "#3", "uv": [ 8.0, 4.0, 13.0, 7.0 ] }
            }
        },
        {
            "name": "Tail4",
            "from": [ 19.0, 3.5, 7.0 ], 
            "to": [ 23.0, 6.5, 9.0 ], 
            "faces": {
                "north": { "texture": "#4", "uv": [ 0.0, 0.0, 4.0, 3.0 ] },
                "east": { "texture": "#4", "uv": [ 4.0, 0.0, 6.0, 3.0 ] },
                "south": { "texture": "#4", "uv": [ 6.0, 0.0, 10.0, 3.0 ] },
                "west": { "texture": "#4", "uv": [ 10.0, 0.0, 12.0, 3.0 ] },
                "up": { "texture": "#4", "uv": [ 0.0, 3.0, 4.0, 5.0 ] },
                "down": { "texture": "#4", "uv": [ 6.0, 3.0, 10.0, 5.0 ] }
            }
        },
        {
            "name": "Tail5",
            "from": [ 23.0, 4.5, 7.5 ], 
            "to": [ 27.0, 6.5, 8.5 ], 
            "faces": {
                "north": { "texture": "#5", "uv": [ 0.0, 0.0, 4.0, 2.0 ] },
                "east": { "texture": "#5", "uv": [ 4.0, 0.0, 5.0, 2.0 ] },
                "south": { "texture": "#5", "uv": [ 5.0, 0.0, 9.0, 2.0 ] },
                "west": { "texture": "#5", "uv": [ 9.0, 0.0, 10.0, 2.0 ] },
                "up": { "texture": "#5", "uv": [ 0.0, 2.0, 4.0, 3.0 ] },
                "down": { "texture": "#5", "uv": [ 5.0, 2.0, 9.0, 3.0 ] }
            }
        },
        {
            "name": "Neck",
            "from": [ -8.0, -1.0, 6.0 ], 
            "to": [ 3.0, 4.0, 10.0 ], 
            "rotation": { "origin": [ 8.0, 8.0, 8.0 ], "axis": "z", "angle": -22.5 },
            "faces": {
                "north": { "texture": "#6", "uv": [ 0.0, 0.0, 6.0, 2.5 ] },
                "east": { "texture": "#6", "uv": [ 5.5, 0.0, 7.5, 2.5 ] },
                "south": { "texture": "#6", "uv": [ 7.5, 0.0, 13.0, 2.5 ] },
                "west": { "texture": "#6", "uv": [ 13.0, 0.0, 15.0, 2.5 ] },
                "up": { "texture": "#6", "uv": [ 0.0, 2.5, 5.5, 4.5 ] },
                "down": { "texture": "#6", "uv": [ 7.5, 2.5, 13.0, 4.5 ] }
            }
        },
        {
            "name": "Head",
            "from": [ -11.0, 4.0, 5.5 ], 
            "to": [ -8.0, 11.0, 10.5 ], 
            "faces": {
                "north": { "texture": "#7", "uv": [ 0.0, 0.0, 2.0, 3.5 ] },
                "east": { "texture": "#7", "uv": [ 2.0, 0.0, 4.5, 3.5 ] },
                "south": { "texture": "#7", "uv": [ 4.5, 0.0, 6.5, 3.5 ] },
                "west": { "texture": "#7", "uv": [ 6.5, 0.0, 9.0, 3.5 ] },
                "up": { "texture": "#7", "uv": [ 0.0, 3.5, 2.0, 6.0 ] },
                "down": { "texture": "#7", "uv": [ 4.5, 3.5, 6.5, 6.0 ] }
            }
        },
        {
            "name": "JawBottom",
            "from": [ -16.0, 5.0, 6.0 ], 
            "to": [ -11.0, 9.0, 10.0 ], 
            "faces": {
                "north": { "texture": "#8", "uv": [ 0.0, 0.0, 7.0, 5.0 ] },
                "east": { "texture": "#8", "uv": [ 0.0, 8.0, 14.0, 16.0 ] },
                "south": { "texture": "#8", "uv": [ 0.0, 8.0, 6.0, 12.0 ] },
                "west": { "texture": "#8", "uv": [ 0.0, 8.0, 5.0, 13.0 ] },
                "up": { "texture": "#8", "uv": [ 0.0, 0.0, 5.0, 4.0 ] },
                "down": { "texture": "#8", "uv": [ 0.0, 0.0, 5.0, 4.0 ] }
            }
        },
        {
            "name": "Snout",
            "from": [ -13.0, 16.0, 6.1 ], 
            "to": [ -8.0, 18.0, 9.899999999999999 ], 
            "rotation": { "origin": [ 8.0, 8.0, 8.0 ], "axis": "z", "angle": 22.5 },
            "faces": {
                "north": { "texture": "#8", "uv": [ 0.0, 0.0, 5.0, 2.0 ] },
                "east": { "texture": "#8", "uv": [ 0.0, 0.0, 3.8, 2.0 ] },
                "south": { "texture": "#8", "uv": [ 0.0, 0.0, 5.0, 2.0 ] },
                "west": { "texture": "#8", "uv": [ 0.0, 0.0, 3.8, 2.0 ] },
                "up": { "texture": "#8", "uv": [ 0.0, 0.0, 5.0, 3.8 ] },
                "down": { "texture": "#8", "uv": [ 0.0, 0.0, 5.0, 3.8 ] }
            }
        },
        {
            "name": "Sail1",
            "from": [ -3.0, 6.0, 7.5 ], 
            "to": [ 13.0, 8.0, 8.5 ], 
            "faces": {
                "north": { "texture": "#9", "uv": [ 0.0, 0.0, 8.0, 1.0 ] },
                "east": { "texture": "#9", "uv": [ 8.0, 0.0, 9.0, 1.0 ] },
                "south": { "texture": "#9", "uv": [ 0.0, 1.0, 8.0, 2.0 ] },
                "west": { "texture": "#9", "uv": [ 8.0, 2.0, 9.0, 3.0 ] },
                "up": { "texture": "#9", "uv": [ 0.0, 2.0, 8.0, 3.0 ] },
                "down": { "texture": "#9", "uv": [ 0.0, 3.0, 8.0, 4.0 ] }
            }
        },
        {
            "name": "Sail2",
            "from": [ -9.0, 4.0, 7.5 ], 
            "to": [ 7.0, 6.0, 8.5 ], 
            "rotation": { "origin": [ 8.0, 8.0, 8.0 ], "axis": "z", "angle": -22.5 },
            "faces": {
                "north": { "texture": "#9", "uv": [ 0.0, 4.0, 8.0, 5.0 ] },
                "east": { "texture": "#9", "uv": [ 8.0, 4.0, 9.0, 5.0 ] },
                "south": { "texture": "#9", "uv": [ 0.0, 5.0, 8.0, 6.0 ] },
                "west": { "texture": "#9", "uv": [ 8.0, 6.0, 9.0, 7.0 ] },
                "up": { "texture": "#9", "uv": [ 0.0, 6.0, 8.0, 7.0 ] },
                "down": { "texture": "#9", "uv": [ 0.0, 7.0, 8.0, 8.0 ] }
            }
        },
        {
            "name": "Leg1",
            "from": [ 7.0, -3.0, 4.0 ], 
            "to": [ 11.0, 3.0, 7.0 ], 
            "rotation": { "origin": [ 8.0, 8.0, 8.0 ], "axis": "z", "angle": -22.5 },
            "faces": {
                "north": { "texture": "#10", "uv": [ 0.0, 0.0, 2.0, 3.0 ] },
                "east": { "texture": "#10", "uv": [ 5.0, 0.0, 7.0, 3.0 ] },
                "south": { "texture": "#10", "uv": [ 5.0, 0.0, 7.0, 3.0 ] },
                "west": { "texture": "#10", "uv": [ 3.0, 0.0, 5.0, 3.0 ] },
                "up": { "texture": "#10", "uv": [ 0.0, 0.0, 2.0, 3.0 ] },
                "down": { "texture": "#10", "uv": [ 0.0, 0.0, 4.0, 3.0 ] }
            }
        },
        {
            "name": "Leg2",
            "from": [ 7.0, -3.0, 9.0 ], 
            "to": [ 11.0, 3.0, 12.0 ], 
            "rotation": { "origin": [ 8.0, 8.0, 8.0 ], "axis": "z", "angle": -22.5 },
            "faces": {
                "north": { "texture": "#10", "uv": [ 0.0, 0.0, 2.0, 3.0 ] },
                "east": { "texture": "#10", "uv": [ 0.0, 0.0, 2.0, 3.0 ] },
                "south": { "texture": "#10", "uv": [ 0.0, 0.0, 2.0, 3.0 ] },
                "west": { "texture": "#10", "uv": [ 0.0, 0.0, 2.0, 3.0 ] },
                "up": { "texture": "#10", "uv": [ 0.0, 0.0, 2.0, 3.0 ] },
                "down": { "texture": "#10", "uv": [ 0.0, 0.0, 2.0, 3.0 ] }
            }
        },
        {
            "name": "Leg3",
            "from": [ -2.0, -3.0, 9.5 ], 
            "to": [ 1.0, 3.0, 11.5 ], 
            "rotation": { "origin": [ 8.0, 8.0, 8.0 ], "axis": "z", "angle": 45.0 },
            "faces": {
                "north": { "texture": "#10", "uv": [ 0.0, 0.0, 2.0, 3.0 ] },
                "east": { "texture": "#10", "uv": [ 0.0, 0.0, 1.0, 3.0 ] },
                "south": { "texture": "#10", "uv": [ 0.0, 0.0, 2.0, 3.0 ] },
                "west": { "texture": "#10", "uv": [ 0.0, 0.0, 1.0, 3.0 ] },
                "up": { "texture": "#10", "uv": [ 0.0, 0.0, 3.0, 2.0 ] },
                "down": { "texture": "#10", "uv": [ 0.0, 0.0, 3.0, 2.0 ] }
            }
        },
        {
            "name": "Leg4",
            "from": [ -2.0, -3.0, 4.5 ], 
            "to": [ 1.0, 3.0, 6.5 ], 
            "rotation": { "origin": [ 8.0, 8.0, 8.0 ], "axis": "z", "angle": 45.0 },
            "faces": {
                "north": { "texture": "#10", "uv": [ 0.0, 0.0, 2.0, 3.0 ] },
                "east": { "texture": "#10", "uv": [ 0.0, 0.0, 1.0, 3.0 ] },
                "south": { "texture": "#10", "uv": [ 0.0, 0.0, 2.0, 3.0 ] },
                "west": { "texture": "#10", "uv": [ 0.0, 0.0, 1.0, 3.0 ] },
                "up": { "texture": "#10", "uv": [ 0.0, 0.0, 3.0, 2.0 ] },
                "down": { "texture": "#10", "uv": [ 0.0, 0.0, 3.0, 2.0 ] }
            }
        },
        {
            "name": "Leg5",
            "from": [ 12.0, -9.0, 4.6 ], 
            "to": [ 15.0, -3.0, 6.3999999999999995 ], 
            "rotation": { "origin": [ 8.0, 8.0, 8.0 ], "axis": "z", "angle": -22.5 },
            "faces": {
                "north": { "texture": "#10", "uv": [ 0.0, 0.0, 2.0, 3.0 ] },
                "east": { "texture": "#10", "uv": [ 0.0, 0.0, 0.8, 3.0 ] },
                "south": { "texture": "#10", "uv": [ 0.0, 0.0, 2.0, 3.0 ] },
                "west": { "texture": "#10", "uv": [ 0.0, 0.0, 0.8, 3.0 ] },
                "up": { "texture": "#10", "uv": [ 0.0, 0.0, 3.0, 1.8 ] },
                "down": { "texture": "#10", "uv": [ 0.0, 0.0, 3.0, 1.8 ] }
            }
        },
        {
            "name": "Leg6",
            "from": [ 12.0, -9.0, 9.6 ], 
            "to": [ 15.0, -3.0, 11.4 ], 
            "rotation": { "origin": [ 8.0, 8.0, 8.0 ], "axis": "z", "angle": -22.5 },
            "faces": {
                "north": { "texture": "#10", "uv": [ 0.0, 0.0, 2.0, 3.0 ] },
                "east": { "texture": "#10", "uv": [ 0.0, 0.0, 0.8, 3.0 ] },
                "south": { "texture": "#10", "uv": [ 0.0, 0.0, 2.0, 3.0 ] },
                "west": { "texture": "#10", "uv": [ 0.0, 0.0, 0.8, 3.0 ] },
                "up": { "texture": "#10", "uv": [ 0.0, 0.0, 3.0, 1.8 ] },
                "down": { "texture": "#10", "uv": [ 0.0, 0.0, 3.0, 1.8 ] }
            }
        },
        {
            "name": "Cube",
            "from": [ 4.0, -10.0, 4.0 ], 
            "to": [ 9.0, -8.0, 7.0 ], 
            "faces": {
                "north": { "texture": "#10", "uv": [ 0.0, 0.0, 3.0, 1.0 ] },
                "east": { "texture": "#10", "uv": [ 0.0, 0.0, 1.0, 1.0 ] },
                "south": { "texture": "#10", "uv": [ 0.0, 0.0, 3.0, 1.0 ] },
                "west": { "texture": "#10", "uv": [ 0.0, 0.0, 1.0, 1.0 ] },
                "up": { "texture": "#10", "uv": [ 0.0, 0.0, 5.0, 3.0 ] },
                "down": { "texture": "#10", "uv": [ 0.0, 0.0, 5.0, 3.0 ] }
            }
        },
        {
            "name": "Cube",
            "from": [ 4.0, -10.0, 9.0 ], 
            "to": [ 9.0, -8.0, 12.0 ], 
            "faces": {
                "north": { "texture": "#10", "uv": [ 0.0, 0.0, 3.0, 1.0 ] },
                "east": { "texture": "#10", "uv": [ 0.0, 0.0, 3.0, 1.0 ] },
                "south": { "texture": "#10", "uv": [ 0.0, 0.0, 3.0, 1.0 ] },
                "west": { "texture": "#10", "uv": [ 0.0, 0.0, 3.0, 1.0 ] },
                "up": { "texture": "#10", "uv": [ 0.0, 0.0, 5.0, 3.0 ] },
                "down": { "texture": "#10", "uv": [ 0.0, 0.0, 5.0, 3.0 ] }
            }
        },
        {
            "name": "Cube",
            "from": [ -5.0, 1.0, 4.0 ], 
            "to": [ -3.5, 7.0, 5.5 ], 
            "rotation": { "origin": [ 8.0, 8.0, 8.0 ], "axis": "z", "angle": 22.5 },
            "faces": {
                "north": { "texture": "#8", "uv": [ 0.0, 0.0, 2.0, 6.0 ] },
                "east": { "texture": "#8", "uv": [ 0.0, 0.0, 2.0, 6.0 ] },
                "south": { "texture": "#8", "uv": [ 0.0, 0.0, 2.0, 6.0 ] },
                "west": { "texture": "#8", "uv": [ 0.0, 0.0, 2.0, 6.0 ] },
                "up": { "texture": "#8", "uv": [ 0.0, 0.0, 2.0, 2.0 ] },
                "down": { "texture": "#8", "uv": [ 0.0, 0.0, 2.0, 2.0 ] }
            }
        },
        {
            "name": "Cube",
            "from": [ -5.0, 1.0, 10.5 ], 
            "to": [ -3.5, 7.0, 12.0 ], 
            "rotation": { "origin": [ 8.0, 8.0, 8.0 ], "axis": "z", "angle": 22.5 },
            "faces": {
                "north": { "texture": "#8", "uv": [ 0.0, 0.0, 1.5, 6.0 ] },
                "east": { "texture": "#8", "uv": [ 0.0, 0.0, 1.5, 6.0 ] },
                "south": { "texture": "#8", "uv": [ 0.0, 0.0, 1.5, 6.0 ] },
                "west": { "texture": "#8", "uv": [ 0.0, 0.0, 1.5, 6.0 ] },
                "up": { "texture": "#8", "uv": [ 0.0, 0.0, 1.5, 1.5 ] },
                "down": { "texture": "#8", "uv": [ 0.0, 0.0, 1.5, 1.5 ] }
            }
        },
        {
            "name": "Cube",
            "from": [ 8.5, -11.0, 10.5 ], 
            "to": [ 10.0, -5.0, 12.0 ], 
            "rotation": { "origin": [ 8.0, 8.0, 8.0 ], "axis": "z", "angle": -45.0 },
            "faces": {
                "north": { "texture": "#8", "uv": [ 0.0, 0.0, 1.5, 6.0 ] },
                "east": { "texture": "#8", "uv": [ 0.0, 0.0, 1.5, 6.0 ] },
                "south": { "texture": "#8", "uv": [ 0.0, 0.0, 1.5, 6.0 ] },
                "west": { "texture": "#8", "uv": [ 0.0, 0.0, 1.5, 6.0 ] },
                "up": { "texture": "#8", "uv": [ 0.0, 0.0, 1.5, 1.5 ] },
                "down": { "texture": "#8", "uv": [ 0.0, 0.0, 1.5, 1.5 ] }
            }
        },
        {
            "name": "Cube",
            "from": [ 8.5, -11.0, 4.0 ], 
            "to": [ 10.0, -5.0, 5.5 ], 
            "rotation": { "origin": [ 8.0, 8.0, 8.0 ], "axis": "z", "angle": -45.0 },
            "faces": {
                "north": { "texture": "#8", "uv": [ 0.0, 0.0, 1.5, 6.0 ] },
                "east": { "texture": "#8", "uv": [ 0.0, 0.0, 1.5, 6.0 ] },
                "south": { "texture": "#8", "uv": [ 0.0, 0.0, 1.5, 6.0 ] },
                "west": { "texture": "#8", "uv": [ 0.0, 0.0, 1.5, 6.0 ] },
                "up": { "texture": "#8", "uv": [ 0.0, 0.0, 1.5, 1.5 ] },
                "down": { "texture": "#8", "uv": [ 0.0, 0.0, 1.5, 1.5 ] }
            }
        }
    ],
 "display": {
        "ground": {
            "rotation": [ 0, 0, 0 ],
            "translation": [ 0, 0, 0],
            "scale":[ 0.5, 0.5, 0.5 ]
        },
        "head": {
            "rotation": [ 0, -90, 0 ],
            "translation": [ 0, 15, 0],
            "scale":[ 3.5, 3.5, 3.5]
        },
        "thirdperson_righthand": {
            "rotation": [ 0, 0, 0 ],
            "translation": [ 0, 3, 1 ],
            "scale": [ 0.55, 0.55, 0.55 ]
        },
        "firstperson_righthand": {
            "rotation": [ 0, -90, 25 ],
            "translation": [ 1.13, 3.2, 1.13],
            "scale": [ 0, 0, 0 ]
           }
      }
}