{
    "type": "minecraft:crafting_shaped",
    "pattern": [
        "###",
        "iHi",
        "iRi"
    ],
    "key": {
        "#": {
            "tag": "dinocustom:glass_blocks"
        },
        "i": {
            "item": "minecraft:iron_ingot"
        },
        "H": {
            "item": "minecraft:hay_block"
        },
        "R": {
            "item": "minecraft:redstone"
        }
    },
    "result": {
        "item": "minecraft:knowledge_book",
        "count": 1
    }
}
