{
    "__comment": "Model generated using MrCrayfish's Model Creator (http://mrcrayfish.com/modelcreator/)",
    "textures": {
        "0": "block/compy_skin"
    },
    "elements": [
        {
            "name": "Body",
            "from": [ 7.0, 2.0, 6.0 ], 
            "to": [ 9.0, 4.0, 10.0 ], 
            "faces": {
                "north": { "texture": "#0", "uv": [ 2.0, 10.0, 4.0, 12.0 ] },
                "east": { "texture": "#0", "uv": [ 7.0, 6.0, 11.0, 8.0 ] },
                "south": { "texture": "#0", "uv": [ 2.0, 5.0, 4.0, 7.0 ] },
                "west": { "texture": "#0", "uv": [ 3.0, 8.0, 7.0, 10.0 ] },
                "up": { "texture": "#0", "uv": [ 2.0, 4.0, 4.0, 8.0 ] },
                "down": { "texture": "#0", "uv": [ 7.0, 5.0, 9.0, 9.0 ] }
            }
        },
        {
            "name": "Neck",
            "from": [ 7.5, 3.0, 7.0 ], 
            "to": [ 8.5, 4.0, 10.0 ], 
            "rotation": { "origin": [ 8.0, 8.0, 8.0 ], "axis": "x", "angle": 45.0 },
            "faces": {
                "north": { "texture": "#0", "uv": [ 3.0, 4.0, 4.0, 5.0 ] },
                "east": { "texture": "#0", "uv": [ 6.0, 4.0, 9.0, 5.0 ] },
                "south": { "texture": "#0", "uv": [ 10.0, 3.0, 11.0, 4.0 ] },
                "west": { "texture": "#0", "uv": [ 4.0, 5.0, 7.0, 6.0 ] },
                "up": { "texture": "#0", "uv": [ 4.0, 4.0, 5.0, 7.0 ] },
                "down": { "texture": "#0", "uv": [ 1.0, 1.0, 2.0, 4.0 ] }
            }
        },
        {
            "name": "Head",
            "from": [ 7.2, 4.5, 3.5 ], 
            "to": [ 8.8, 6.0, 5.5 ], 
            "faces": {
                "north": { "texture": "#0", "uv": [ 0.0, 0.0, 1.6, 1.5 ] },
                "east": { "texture": "#0", "uv": [ 3.0, 0.0, 5.0, 1.5 ] },
                "south": { "texture": "#0", "uv": [ 1.0, 1.0, 2.6, 2.5 ] },
                "west": { "texture": "#0", "uv": [ 10.0, 2.0, 12.0, 3.5 ] },
                "up": { "texture": "#0", "uv": [ 5.0, 1.0, 6.6, 3.0 ] },
                "down": { "texture": "#0", "uv": [ 11.0, 2.0, 12.6, 4.0 ] }
            }
        },
        {
            "name": "Arm1",
            "from": [ 6.8, 1.0, 9.0 ], 
            "to": [ 7.8, 3.0, 10.0 ], 
            "rotation": { "origin": [ 8.0, 8.0, 8.0 ], "axis": "x", "angle": 22.5 },
            "faces": {
                "north": { "texture": "#0", "uv": [ 1.0, 11.0, 2.0, 13.0 ] },
                "east": { "texture": "#0", "uv": [ 9.0, 11.0, 10.0, 13.0 ] },
                "south": { "texture": "#0", "uv": [ 5.0, 11.0, 6.0, 13.0 ] },
                "west": { "texture": "#0", "uv": [ 5.0, 10.0, 6.0, 12.0 ] },
                "up": { "texture": "#0", "uv": [ 3.0, 11.0, 4.0, 12.0 ] },
                "down": { "texture": "#0", "uv": [ 3.0, 11.0, 4.0, 12.0 ] }
            }
        },
        {
            "name": "Arm2",
            "from": [ 8.2, 1.0, 9.0 ], 
            "to": [ 9.2, 3.0, 10.0 ], 
            "rotation": { "origin": [ 8.0, 8.0, 8.0 ], "axis": "x", "angle": 22.5 },
            "faces": {
                "north": { "texture": "#0", "uv": [ 2.0, 9.0, 3.0, 11.0 ] },
                "east": { "texture": "#0", "uv": [ 5.0, 12.0, 6.0, 14.0 ] },
                "south": { "texture": "#0", "uv": [ 6.0, 11.0, 7.0, 13.0 ] },
                "west": { "texture": "#0", "uv": [ 4.0, 9.0, 5.0, 11.0 ] },
                "up": { "texture": "#0", "uv": [ 5.0, 12.0, 6.0, 13.0 ] },
                "down": { "texture": "#0", "uv": [ 6.0, 12.0, 7.0, 13.0 ] }
            }
        },
        {
            "name": "Leg1",
            "from": [ 8.2, 1.0, 6.0 ], 
            "to": [ 9.2, 3.0, 7.0 ], 
            "rotation": { "origin": [ 8.0, 8.0, 8.0 ], "axis": "x", "angle": -22.5 },
            "faces": {
                "north": { "texture": "#0", "uv": [ 0.0, 13.0, 1.0, 15.0 ] },
                "east": { "texture": "#0", "uv": [ 12.0, 12.0, 13.0, 14.0 ] },
                "south": { "texture": "#0", "uv": [ 6.0, 11.0, 7.0, 13.0 ] },
                "west": { "texture": "#0", "uv": [ 6.0, 10.0, 7.0, 12.0 ] },
                "up": { "texture": "#0", "uv": [ 4.0, 11.0, 5.0, 12.0 ] },
                "down": { "texture": "#0", "uv": [ 6.0, 10.0, 7.0, 11.0 ] }
            }
        },
        {
            "name": "Leg2",
            "from": [ 6.8, 1.0, 6.0 ], 
            "to": [ 7.8, 3.0, 7.0 ], 
            "rotation": { "origin": [ 8.0, 8.0, 8.0 ], "axis": "x", "angle": -22.5 },
            "faces": {
                "north": { "texture": "#0", "uv": [ 5.0, 9.0, 6.0, 11.0 ] },
                "east": { "texture": "#0", "uv": [ 7.0, 7.0, 8.0, 9.0 ] },
                "south": { "texture": "#0", "uv": [ 6.0, 13.0, 7.0, 15.0 ] },
                "west": { "texture": "#0", "uv": [ 8.0, 7.0, 9.0, 9.0 ] },
                "up": { "texture": "#0", "uv": [ 2.0, 9.0, 3.0, 10.0 ] },
                "down": { "texture": "#0", "uv": [ 5.0, 9.0, 6.0, 10.0 ] }
            }
        },
        {
            "name": "Leg3",
            "from": [ 6.8, 0.3, 11.3 ], 
            "to": [ 7.8, 2.3, 12.3 ], 
            "rotation": { "origin": [ 8.0, 8.0, 8.0 ], "axis": "x", "angle": 22.5 },
            "faces": {
                "north": { "texture": "#0", "uv": [ 4.0, 14.0, 5.0, 16.0 ] },
                "east": { "texture": "#0", "uv": [ 7.0, 14.0, 8.0, 16.0 ] },
                "south": { "texture": "#0", "uv": [ 5.0, 14.0, 6.0, 16.0 ] },
                "west": { "texture": "#0", "uv": [ 7.0, 14.0, 8.0, 16.0 ] },
                "up": { "texture": "#0", "uv": [ 13.0, 15.0, 14.0, 16.0 ] },
                "down": { "texture": "#0", "uv": [ 4.0, 15.0, 5.0, 16.0 ] }
            }
        },
        {
            "name": "Leg4",
            "from": [ 8.2, 0.3, 11.3 ], 
            "to": [ 9.2, 2.3, 12.3 ], 
            "rotation": { "origin": [ 8.0, 8.0, 8.0 ], "axis": "x", "angle": 22.5 },
            "faces": {
                "north": { "texture": "#0", "uv": [ 8.0, 14.0, 9.0, 16.0 ] },
                "east": { "texture": "#0", "uv": [ 11.0, 14.0, 12.0, 16.0 ] },
                "south": { "texture": "#0", "uv": [ 15.0, 14.0, 16.0, 16.0 ] },
                "west": { "texture": "#0", "uv": [ 8.0, 13.0, 9.0, 15.0 ] },
                "up": { "texture": "#0", "uv": [ 5.0, 15.0, 6.0, 16.0 ] },
                "down": { "texture": "#0", "uv": [ 11.0, 15.0, 12.0, 16.0 ] }
            }
        },
        {
            "name": "Tail1",
            "from": [ 7.5, 2.0, 10.0 ], 
            "to": [ 8.5, 3.5, 12.0 ], 
            "faces": {
                "north": { "texture": "#0", "uv": [ 5.0, 9.0, 6.0, 10.5 ] },
                "east": { "texture": "#0", "uv": [ 6.0, 10.0, 8.0, 11.5 ] },
                "south": { "texture": "#0", "uv": [ 7.0, 8.0, 8.0, 9.5 ] },
                "west": { "texture": "#0", "uv": [ 13.0, 9.0, 15.0, 10.5 ] },
                "up": { "texture": "#0", "uv": [ 3.0, 9.0, 4.0, 11.0 ] },
                "down": { "texture": "#0", "uv": [ 2.0, 6.0, 3.0, 8.0 ] }
            }
        },
        {
            "name": "Tail2",
            "from": [ 7.6, 2.0, 12.0 ], 
            "to": [ 8.4, 3.0, 14.0 ], 
            "faces": {
                "north": { "texture": "#0", "uv": [ 10.0, 15.0, 10.8, 16.0 ] },
                "east": { "texture": "#0", "uv": [ 4.0, 15.0, 6.0, 16.0 ] },
                "south": { "texture": "#0", "uv": [ 15.0, 15.0, 15.8, 16.0 ] },
                "west": { "texture": "#0", "uv": [ 9.0, 15.0, 11.0, 16.0 ] },
                "up": { "texture": "#0", "uv": [ 13.0, 16.0, 11.8, 14.0 ] },
                "down": { "texture": "#0", "uv": [ 9.0, 14.0, 9.8, 16.0 ] }
            }
        }
    ],
 "display": {
        "ground": {
            "rotation": [ 0, 0, 0 ],
            "translation": [ 0, 0, 0],
            "scale":[ 0.5, 0.5, 0.5 ]
        },
        "head": {
            "rotation": [ 0, 0, 0 ],
            "translation": [ 0, -30, 0],
            "scale":[ 2, 2, 2]
        },
        "thirdperson_righthand": {
            "rotation": [ 0, 0, 0 ],
            "translation": [ 0, 3, 1 ],
            "scale": [ 0.55, 0.55, 0.55 ]
        },
        "firstperson_righthand": {
            "rotation": [ 0, -90, 25 ],
            "translation": [ 1.13, 3.2, 1.13],
            "scale": [ 0, 0, 0 ]
           }
      }
}