{
    "__comment": "Model animated using Fizzy's model animator - http://fizzy81.github.io/animated-models/", 
    "textures": {
        "main": "block/compsognathus_walk"
    }, 
    "elements": [
        {
            "name": "Body", 
            "from": [ 7, 2, 6 ], 
            "to":   [ 9, 4, 10 ], 
            "faces": {
                "north": { "texture": "#main", "uv": [ 1, 5, 2, 6 ] }, 
                "east":  { "texture": "#main", "uv": [ 3.5, 3, 5.5, 4 ] }, 
                "south": { "texture": "#main", "uv": [ 1, 2.5, 2, 3.5 ] }, 
                "west":  { "texture": "#main", "uv": [ 1.5, 4, 3.5, 5 ] }, 
                "up":    { "texture": "#main", "uv": [ 1, 2, 2, 4 ] }, 
                "down":  { "texture": "#main", "uv": [ 3.5, 2.5, 4.5, 4.5 ] }
            }
        }, 
        {
            "name": "Neck", 
            "from": [ 7.5, 3, 7 ], 
            "to":   [ 8.5, 4, 10 ], 
            "rotation": { "origin": [8, 8, 8], "axis": "x", "angle": 45 }, 
            "faces": {
                "north": { "texture": "#main", "uv": [ 1.5, 2, 2, 2.5 ] }, 
                "east":  { "texture": "#main", "uv": [ 3, 2, 4.5, 2.5 ] }, 
                "south": { "texture": "#main", "uv": [ 5, 1.5, 5.5, 2 ] }, 
                "west":  { "texture": "#main", "uv": [ 2, 2.5, 3.5, 3 ] }, 
                "up":    { "texture": "#main", "uv": [ 2, 2, 2.5, 3.5 ] }, 
                "down":  { "texture": "#main", "uv": [ 0.5, 0.5, 1, 2 ] }
            }
        }, 
        {
            "name": "Head", 
            "from": [ 7.2, 4.5, 3.5 ], 
            "to":   [ 8.8, 6, 5.5 ], 
            "faces": {
                "north": { "texture": "#main", "uv": [ 0, 0, 0.8, 0.75 ] }, 
                "east":  { "texture": "#main", "uv": [ 1.5, 0, 2.5, 0.75 ] }, 
                "south": { "texture": "#main", "uv": [ 0.5, 0.5, 1.3, 1.25 ] }, 
                "west":  { "texture": "#main", "uv": [ 5, 1, 6, 1.75 ] }, 
                "up":    { "texture": "#main", "uv": [ 2.5, 0.5, 3.3, 1.5 ] }, 
                "down":  { "texture": "#main", "uv": [ 5.5, 1, 6.3, 2 ] }
            }
        }, 
        {
            "name": "Arm1", 
            "from": [ 6.8, 1, 9 ], 
            "to":   [ 7.8, 3, 10 ], 
            "rotation": { "origin": [8, 8, 8], "axis": "x", "angle": 22.5 }, 
            "faces": {
                "north": { "texture": "#main", "uv": [ 0.5, 5.5, 1, 6.5 ] }, 
                "east":  { "texture": "#main", "uv": [ 4.5, 5.5, 5, 6.5 ] }, 
                "south": { "texture": "#main", "uv": [ 2.5, 5.5, 3, 6.5 ] }, 
                "west":  { "texture": "#main", "uv": [ 2.5, 5, 3, 6 ] }, 
                "up":    { "texture": "#main", "uv": [ 1.5, 5.5, 2, 6 ] }, 
                "down":  { "texture": "#main", "uv": [ 1.5, 5.5, 2, 6 ] }
            }
        }, 
        {
            "name": "Arm2", 
            "from": [ 8.2, 1, 9 ], 
            "to":   [ 9.2, 3, 10 ], 
            "rotation": { "origin": [8, 8, 8], "axis": "x", "angle": 22.5 }, 
            "faces": {
                "north": { "texture": "#main", "uv": [ 1, 4.5, 1.5, 5.5 ] }, 
                "east":  { "texture": "#main", "uv": [ 2.5, 6, 3, 7 ] }, 
                "south": { "texture": "#main", "uv": [ 3, 5.5, 3.5, 6.5 ] }, 
                "west":  { "texture": "#main", "uv": [ 2, 4.5, 2.5, 5.5 ] }, 
                "up":    { "texture": "#main", "uv": [ 2.5, 6, 3, 6.5 ] }, 
                "down":  { "texture": "#main", "uv": [ 3, 6, 3.5, 6.5 ] }
            }
        }, 
        {
            "name": "Leg1", 
            "from": [ 8.2, 1, 6 ], 
            "to":   [ 9.2, 3, 7 ], 
            "rotation": { "origin": [8, 8, 8], "axis": "x", "angle": -22.5 }, 
            "faces": {
                "north": { "texture": "#main", "uv": [ 0, 6.5, 0.5, 7.5 ] }, 
                "east":  { "texture": "#main", "uv": [ 6, 6, 6.5, 7 ] }, 
                "south": { "texture": "#main", "uv": [ 3, 5.5, 3.5, 6.5 ] }, 
                "west":  { "texture": "#main", "uv": [ 3, 5, 3.5, 6 ] }, 
                "up":    { "texture": "#main", "uv": [ 2, 5.5, 2.5, 6 ] }, 
                "down":  { "texture": "#main", "uv": [ 3, 5, 3.5, 5.5 ] }
            }
        }, 
        {
            "name": "Leg2", 
            "from": [ 6.8, 1, 6 ], 
            "to":   [ 7.8, 3, 7 ], 
            "rotation": { "origin": [8, 8, 8], "axis": "x", "angle": -22.5 }, 
            "faces": {
                "north": { "texture": "#main", "uv": [ 2.5, 4.5, 3, 5.5 ] }, 
                "east":  { "texture": "#main", "uv": [ 3.5, 3.5, 4, 4.5 ] }, 
                "south": { "texture": "#main", "uv": [ 3, 6.5, 3.5, 7.5 ] }, 
                "west":  { "texture": "#main", "uv": [ 4, 3.5, 4.5, 4.5 ] }, 
                "up":    { "texture": "#main", "uv": [ 1, 4.5, 1.5, 5 ] }, 
                "down":  { "texture": "#main", "uv": [ 2.5, 4.5, 3, 5 ] }
            }
        }, 
        {
            "name": "Leg3", 
            "from": [ 6.8, 0.3, 11.3 ], 
            "to":   [ 7.8, 2.3, 12.3 ], 
            "rotation": { "origin": [8, 8, 8], "axis": "x", "angle": 22.5 }, 
            "faces": {
                "north": { "texture": "#main", "uv": [ 2, 7, 2.5, 8 ] }, 
                "east":  { "texture": "#main", "uv": [ 3.5, 7, 4, 8 ] }, 
                "south": { "texture": "#main", "uv": [ 2.5, 7, 3, 8 ] }, 
                "west":  { "texture": "#main", "uv": [ 3.5, 7, 4, 8 ] }, 
                "up":    { "texture": "#main", "uv": [ 6.5, 7.5, 7, 8 ] }, 
                "down":  { "texture": "#main", "uv": [ 2, 7.5, 2.5, 8 ] }
            }
        }, 
        {
            "name": "Leg4", 
            "from": [ 8.2, 0.3, 11.3 ], 
            "to":   [ 9.2, 2.3, 12.3 ], 
            "rotation": { "origin": [8, 8, 8], "axis": "x", "angle": 22.5 }, 
            "faces": {
                "north": { "texture": "#main", "uv": [ 4, 7, 4.5, 8 ] }, 
                "east":  { "texture": "#main", "uv": [ 5.5, 7, 6, 8 ] }, 
                "south": { "texture": "#main", "uv": [ 7.5, 7, 8, 8 ] }, 
                "west":  { "texture": "#main", "uv": [ 4, 6.5, 4.5, 7.5 ] }, 
                "up":    { "texture": "#main", "uv": [ 2.5, 7.5, 3, 8 ] }, 
                "down":  { "texture": "#main", "uv": [ 5.5, 7.5, 6, 8 ] }
            }
        }, 
        {
            "name": "Tail1", 
            "from": [ 7.5, 2, 10 ], 
            "to":   [ 8.5, 3.5, 12 ], 
            "faces": {
                "north": { "texture": "#main", "uv": [ 2.5, 4.5, 3, 5.25 ] }, 
                "east":  { "texture": "#main", "uv": [ 3, 5, 4, 5.75 ] }, 
                "south": { "texture": "#main", "uv": [ 3.5, 4, 4, 4.75 ] }, 
                "west":  { "texture": "#main", "uv": [ 6.5, 4.5, 7.5, 5.25 ] }, 
                "up":    { "texture": "#main", "uv": [ 1.5, 4.5, 2, 5.5 ] }, 
                "down":  { "texture": "#main", "uv": [ 1, 3, 1.5, 4 ] }
            }
        }, 
        {
            "name": "Tail2", 
            "from": [ 7.6, 2, 12 ], 
            "to":   [ 8.4, 3, 14 ], 
            "faces": {
                "north": { "texture": "#main", "uv": [ 5, 7.5, 5.4, 8 ] }, 
                "east":  { "texture": "#main", "uv": [ 2, 7.5, 3, 8 ] }, 
                "south": { "texture": "#main", "uv": [ 7.5, 7.5, 7.9, 8 ] }, 
                "west":  { "texture": "#main", "uv": [ 4.5, 7.5, 5.5, 8 ] }, 
                "up":    { "texture": "#main", "uv": [ 6.5, 8, 5.9, 7 ] }, 
                "down":  { "texture": "#main", "uv": [ 4.5, 7, 4.9, 8 ] }
            }
        }, 
        {
            "name": "Body", 
            "from": [ 7, 2, 6 ], 
            "to":   [ 9, 4, 10 ], 
            "faces": {
                "north": { "texture": "#main", "uv": [ 9, 5, 10, 6 ] }, 
                "east":  { "texture": "#main", "uv": [ 11.5, 3, 13.5, 4 ] }, 
                "south": { "texture": "#main", "uv": [ 9, 2.5, 10, 3.5 ] }, 
                "west":  { "texture": "#main", "uv": [ 9.5, 4, 11.5, 5 ] }, 
                "up":    { "texture": "#main", "uv": [ 9, 2, 10, 4 ] }, 
                "down":  { "texture": "#main", "uv": [ 11.5, 2.5, 12.5, 4.5 ] }
            }
        }, 
        {
            "name": "Neck", 
            "from": [ 7.5, 3, 7 ], 
            "to":   [ 8.5, 4, 10 ], 
            "rotation": { "origin": [8, 8, 8], "axis": "x", "angle": 45 }, 
            "faces": {
                "north": { "texture": "#main", "uv": [ 9.5, 2, 10, 2.5 ] }, 
                "east":  { "texture": "#main", "uv": [ 11, 2, 12.5, 2.5 ] }, 
                "south": { "texture": "#main", "uv": [ 13, 1.5, 13.5, 2 ] }, 
                "west":  { "texture": "#main", "uv": [ 10, 2.5, 11.5, 3 ] }, 
                "up":    { "texture": "#main", "uv": [ 10, 2, 10.5, 3.5 ] }, 
                "down":  { "texture": "#main", "uv": [ 8.5, 0.5, 9, 2 ] }
            }
        }, 
        {
            "name": "Head", 
            "from": [ 7.2, 4.5, 3.5 ], 
            "to":   [ 8.8, 6, 5.5 ], 
            "faces": {
                "north": { "texture": "#main", "uv": [ 8, 0, 8.8, 0.75 ] }, 
                "east":  { "texture": "#main", "uv": [ 9.5, 0, 10.5, 0.75 ] }, 
                "south": { "texture": "#main", "uv": [ 8.5, 0.5, 9.3, 1.25 ] }, 
                "west":  { "texture": "#main", "uv": [ 13, 1, 14, 1.75 ] }, 
                "up":    { "texture": "#main", "uv": [ 10.5, 0.5, 11.3, 1.5 ] }, 
                "down":  { "texture": "#main", "uv": [ 13.5, 1, 14.3, 2 ] }
            }
        }, 
        {
            "name": "Arm1", 
            "from": [ 6.8, 1, 9 ], 
            "to":   [ 7.8, 3, 10 ], 
            "rotation": { "origin": [8, 8, 8], "axis": "x", "angle": 22.5 }, 
            "faces": {
                "north": { "texture": "#main", "uv": [ 8.5, 5.5, 9, 6.5 ] }, 
                "east":  { "texture": "#main", "uv": [ 12.5, 5.5, 13, 6.5 ] }, 
                "south": { "texture": "#main", "uv": [ 10.5, 5.5, 11, 6.5 ] }, 
                "west":  { "texture": "#main", "uv": [ 10.5, 5, 11, 6 ] }, 
                "up":    { "texture": "#main", "uv": [ 9.5, 5.5, 10, 6 ] }, 
                "down":  { "texture": "#main", "uv": [ 9.5, 5.5, 10, 6 ] }
            }
        }, 
        {
            "name": "Arm2", 
            "from": [ 8.2, 1, 9 ], 
            "to":   [ 9.2, 3, 10 ], 
            "rotation": { "origin": [8, 8, 8], "axis": "x", "angle": 22.5 }, 
            "faces": {
                "north": { "texture": "#main", "uv": [ 9, 4.5, 9.5, 5.5 ] }, 
                "east":  { "texture": "#main", "uv": [ 10.5, 6, 11, 7 ] }, 
                "south": { "texture": "#main", "uv": [ 11, 5.5, 11.5, 6.5 ] }, 
                "west":  { "texture": "#main", "uv": [ 10, 4.5, 10.5, 5.5 ] }, 
                "up":    { "texture": "#main", "uv": [ 10.5, 6, 11, 6.5 ] }, 
                "down":  { "texture": "#main", "uv": [ 11, 6, 11.5, 6.5 ] }
            }
        }, 
        {
            "name": "Leg1", 
            "from": [ 8.2, 1, 6 ], 
            "to":   [ 9.2, 3, 7 ], 
            "rotation": { "origin": [8, 8, 8], "axis": "x", "angle": -22.5 }, 
            "faces": {
                "north": { "texture": "#main", "uv": [ 8, 6.5, 8.5, 7.5 ] }, 
                "east":  { "texture": "#main", "uv": [ 14, 6, 14.5, 7 ] }, 
                "south": { "texture": "#main", "uv": [ 11, 5.5, 11.5, 6.5 ] }, 
                "west":  { "texture": "#main", "uv": [ 11, 5, 11.5, 6 ] }, 
                "up":    { "texture": "#main", "uv": [ 10, 5.5, 10.5, 6 ] }, 
                "down":  { "texture": "#main", "uv": [ 11, 5, 11.5, 5.5 ] }
            }
        }, 
        {
            "name": "Leg2", 
            "from": [ 6.8, 1, 6 ], 
            "to":   [ 7.8, 3, 7 ], 
            "rotation": { "origin": [8, 8, 8], "axis": "x", "angle": -22.5 }, 
            "faces": {
                "north": { "texture": "#main", "uv": [ 10.5, 4.5, 11, 5.5 ] }, 
                "east":  { "texture": "#main", "uv": [ 11.5, 3.5, 12, 4.5 ] }, 
                "south": { "texture": "#main", "uv": [ 11, 6.5, 11.5, 7.5 ] }, 
                "west":  { "texture": "#main", "uv": [ 12, 3.5, 12.5, 4.5 ] }, 
                "up":    { "texture": "#main", "uv": [ 9, 4.5, 9.5, 5 ] }, 
                "down":  { "texture": "#main", "uv": [ 10.5, 4.5, 11, 5 ] }
            }
        }, 
        {
            "name": "Leg3", 
            "from": [ 6.8, 0.2999999999999998, 11.3 ], 
            "to":   [ 7.8, 2.3, 12.3 ], 
            "rotation": { "origin": [8, 8, 8], "axis": "x", "angle": 22.5 }, 
            "faces": {
                "north": { "texture": "#main", "uv": [ 10, 7, 10.5, 8 ] }, 
                "east":  { "texture": "#main", "uv": [ 11.5, 7, 12, 8 ] }, 
                "south": { "texture": "#main", "uv": [ 10.5, 7, 11, 8 ] }, 
                "west":  { "texture": "#main", "uv": [ 11.5, 7, 12, 8 ] }, 
                "up":    { "texture": "#main", "uv": [ 14.5, 7.5, 15, 8 ] }, 
                "down":  { "texture": "#main", "uv": [ 10, 7.5, 10.5, 8 ] }
            }
        }, 
        {
            "name": "Leg4", 
            "from": [ 8.2, 2.3, 13.3 ], 
            "to":   [ 9.2, 4.3, 14.3 ], 
            "rotation": { "origin": [8, 8, 8], "axis": "x", "angle": 45 }, 
            "faces": {
                "north": { "texture": "#main", "uv": [ 12, 7, 12.5, 8 ] }, 
                "east":  { "texture": "#main", "uv": [ 13.5, 7, 14, 8 ] }, 
                "south": { "texture": "#main", "uv": [ 15.5, 7, 16, 8 ] }, 
                "west":  { "texture": "#main", "uv": [ 12, 6.5, 12.5, 7.5 ] }, 
                "up":    { "texture": "#main", "uv": [ 10.5, 7.5, 11, 8 ] }, 
                "down":  { "texture": "#main", "uv": [ 13.5, 7.5, 14, 8 ] }
            }
        }, 
        {
            "name": "Tail1", 
            "from": [ 7.5, 2, 10 ], 
            "to":   [ 8.5, 3.5, 12 ], 
            "faces": {
                "north": { "texture": "#main", "uv": [ 10.5, 4.5, 11, 5.25 ] }, 
                "east":  { "texture": "#main", "uv": [ 11, 5, 12, 5.75 ] }, 
                "south": { "texture": "#main", "uv": [ 11.5, 4, 12, 4.75 ] }, 
                "west":  { "texture": "#main", "uv": [ 14.5, 4.5, 15.5, 5.25 ] }, 
                "up":    { "texture": "#main", "uv": [ 9.5, 4.5, 10, 5.5 ] }, 
                "down":  { "texture": "#main", "uv": [ 9, 3, 9.5, 4 ] }
            }
        }, 
        {
            "name": "Tail2", 
            "from": [ 7.6, 2, 12 ], 
            "to":   [ 8.4, 3, 14 ], 
            "faces": {
                "north": { "texture": "#main", "uv": [ 13, 7.5, 13.4, 8 ] }, 
                "east":  { "texture": "#main", "uv": [ 10, 7.5, 11, 8 ] }, 
                "south": { "texture": "#main", "uv": [ 15.5, 7.5, 15.9, 8 ] }, 
                "west":  { "texture": "#main", "uv": [ 12.5, 7.5, 13.5, 8 ] }, 
                "up":    { "texture": "#main", "uv": [ 14.5, 8, 13.9, 7 ] }, 
                "down":  { "texture": "#main", "uv": [ 12.5, 7, 12.9, 8 ] }
            }
        }, 
        {
            "name": "Body", 
            "from": [ 7, 2, 6 ], 
            "to":   [ 9, 4, 10 ], 
            "faces": {
                "north": { "texture": "#main", "uv": [ 1, 13, 2, 14 ] }, 
                "east":  { "texture": "#main", "uv": [ 3.5, 11, 5.5, 12 ] }, 
                "south": { "texture": "#main", "uv": [ 1, 10.5, 2, 11.5 ] }, 
                "west":  { "texture": "#main", "uv": [ 1.5, 12, 3.5, 13 ] }, 
                "up":    { "texture": "#main", "uv": [ 1, 10, 2, 12 ] }, 
                "down":  { "texture": "#main", "uv": [ 3.5, 10.5, 4.5, 12.5 ] }
            }
        }, 
        {
            "name": "Neck", 
            "from": [ 7.5, 3, 7 ], 
            "to":   [ 8.5, 4, 10 ], 
            "rotation": { "origin": [8, 8, 8], "axis": "x", "angle": 45 }, 
            "faces": {
                "north": { "texture": "#main", "uv": [ 1.5, 10, 2, 10.5 ] }, 
                "east":  { "texture": "#main", "uv": [ 3, 10, 4.5, 10.5 ] }, 
                "south": { "texture": "#main", "uv": [ 5, 9.5, 5.5, 10 ] }, 
                "west":  { "texture": "#main", "uv": [ 2, 10.5, 3.5, 11 ] }, 
                "up":    { "texture": "#main", "uv": [ 2, 10, 2.5, 11.5 ] }, 
                "down":  { "texture": "#main", "uv": [ 0.5, 8.5, 1, 10 ] }
            }
        }, 
        {
            "name": "Head", 
            "from": [ 7.2, 4.5, 3.5 ], 
            "to":   [ 8.8, 6, 5.5 ], 
            "faces": {
                "north": { "texture": "#main", "uv": [ 0, 8, 0.8, 8.75 ] }, 
                "east":  { "texture": "#main", "uv": [ 1.5, 8, 2.5, 8.75 ] }, 
                "south": { "texture": "#main", "uv": [ 0.5, 8.5, 1.3, 9.25 ] }, 
                "west":  { "texture": "#main", "uv": [ 5, 9, 6, 9.75 ] }, 
                "up":    { "texture": "#main", "uv": [ 2.5, 8.5, 3.3, 9.5 ] }, 
                "down":  { "texture": "#main", "uv": [ 5.5, 9, 6.3, 10 ] }
            }
        }, 
        {
            "name": "Arm1", 
            "from": [ 6.8, 1, 9 ], 
            "to":   [ 7.8, 3, 10 ], 
            "rotation": { "origin": [8, 8, 8], "axis": "x", "angle": 22.5 }, 
            "faces": {
                "north": { "texture": "#main", "uv": [ 0.5, 13.5, 1, 14.5 ] }, 
                "east":  { "texture": "#main", "uv": [ 4.5, 13.5, 5, 14.5 ] }, 
                "south": { "texture": "#main", "uv": [ 2.5, 13.5, 3, 14.5 ] }, 
                "west":  { "texture": "#main", "uv": [ 2.5, 13, 3, 14 ] }, 
                "up":    { "texture": "#main", "uv": [ 1.5, 13.5, 2, 14 ] }, 
                "down":  { "texture": "#main", "uv": [ 1.5, 13.5, 2, 14 ] }
            }
        }, 
        {
            "name": "Arm2", 
            "from": [ 8.2, 1, 9 ], 
            "to":   [ 9.2, 3, 10 ], 
            "rotation": { "origin": [8, 8, 8], "axis": "x", "angle": 22.5 }, 
            "faces": {
                "north": { "texture": "#main", "uv": [ 1, 12.5, 1.5, 13.5 ] }, 
                "east":  { "texture": "#main", "uv": [ 2.5, 14, 3, 15 ] }, 
                "south": { "texture": "#main", "uv": [ 3, 13.5, 3.5, 14.5 ] }, 
                "west":  { "texture": "#main", "uv": [ 2, 12.5, 2.5, 13.5 ] }, 
                "up":    { "texture": "#main", "uv": [ 2.5, 14, 3, 14.5 ] }, 
                "down":  { "texture": "#main", "uv": [ 3, 14, 3.5, 14.5 ] }
            }
        }, 
        {
            "name": "Leg1", 
            "from": [ 8.2, 1, 6 ], 
            "to":   [ 9.2, 3, 7 ], 
            "rotation": { "origin": [8, 8, 8], "axis": "x", "angle": -22.5 }, 
            "faces": {
                "north": { "texture": "#main", "uv": [ 0, 14.5, 0.5, 15.5 ] }, 
                "east":  { "texture": "#main", "uv": [ 6, 14, 6.5, 15 ] }, 
                "south": { "texture": "#main", "uv": [ 3, 13.5, 3.5, 14.5 ] }, 
                "west":  { "texture": "#main", "uv": [ 3, 13, 3.5, 14 ] }, 
                "up":    { "texture": "#main", "uv": [ 2, 13.5, 2.5, 14 ] }, 
                "down":  { "texture": "#main", "uv": [ 3, 13, 3.5, 13.5 ] }
            }
        }, 
        {
            "name": "Leg2", 
            "from": [ 6.8, 1, 6 ], 
            "to":   [ 7.8, 3, 7 ], 
            "rotation": { "origin": [8, 8, 8], "axis": "x", "angle": -22.5 }, 
            "faces": {
                "north": { "texture": "#main", "uv": [ 2.5, 12.5, 3, 13.5 ] }, 
                "east":  { "texture": "#main", "uv": [ 3.5, 11.5, 4, 12.5 ] }, 
                "south": { "texture": "#main", "uv": [ 3, 14.5, 3.5, 15.5 ] }, 
                "west":  { "texture": "#main", "uv": [ 4, 11.5, 4.5, 12.5 ] }, 
                "up":    { "texture": "#main", "uv": [ 1, 12.5, 1.5, 13 ] }, 
                "down":  { "texture": "#main", "uv": [ 2.5, 12.5, 3, 13 ] }
            }
        }, 
        {
            "name": "Leg3", 
            "from": [ 6.8, 2.3, 13.3 ], 
            "to":   [ 7.8, 4.3, 14.3 ], 
            "rotation": { "origin": [8, 8, 8], "axis": "x", "angle": 45 }, 
            "faces": {
                "north": { "texture": "#main", "uv": [ 2, 15, 2.5, 16 ] }, 
                "east":  { "texture": "#main", "uv": [ 3.5, 15, 4, 16 ] }, 
                "south": { "texture": "#main", "uv": [ 2.5, 15, 3, 16 ] }, 
                "west":  { "texture": "#main", "uv": [ 3.5, 15, 4, 16 ] }, 
                "up":    { "texture": "#main", "uv": [ 6.5, 15.5, 7, 16 ] }, 
                "down":  { "texture": "#main", "uv": [ 2, 15.5, 2.5, 16 ] }
            }
        }, 
        {
            "name": "Leg4", 
            "from": [ 8.2, 0.3, 11.3 ], 
            "to":   [ 9.2, 2.3, 12.3 ], 
            "rotation": { "origin": [8, 8, 8], "axis": "x", "angle": 22.5 }, 
            "faces": {
                "north": { "texture": "#main", "uv": [ 4, 15, 4.5, 16 ] }, 
                "east":  { "texture": "#main", "uv": [ 5.5, 15, 6, 16 ] }, 
                "south": { "texture": "#main", "uv": [ 7.5, 15, 8, 16 ] }, 
                "west":  { "texture": "#main", "uv": [ 4, 14.5, 4.5, 15.5 ] }, 
                "up":    { "texture": "#main", "uv": [ 2.5, 15.5, 3, 16 ] }, 
                "down":  { "texture": "#main", "uv": [ 5.5, 15.5, 6, 16 ] }
            }
        }, 
        {
            "name": "Tail1", 
            "from": [ 7.5, 2, 10 ], 
            "to":   [ 8.5, 3.5, 12 ], 
            "faces": {
                "north": { "texture": "#main", "uv": [ 2.5, 12.5, 3, 13.25 ] }, 
                "east":  { "texture": "#main", "uv": [ 3, 13, 4, 13.75 ] }, 
                "south": { "texture": "#main", "uv": [ 3.5, 12, 4, 12.75 ] }, 
                "west":  { "texture": "#main", "uv": [ 6.5, 12.5, 7.5, 13.25 ] }, 
                "up":    { "texture": "#main", "uv": [ 1.5, 12.5, 2, 13.5 ] }, 
                "down":  { "texture": "#main", "uv": [ 1, 11, 1.5, 12 ] }
            }
        }, 
        {
            "name": "Tail2", 
            "from": [ 7.6, 2, 12 ], 
            "to":   [ 8.4, 3, 14 ], 
            "faces": {
                "north": { "texture": "#main", "uv": [ 5, 15.5, 5.4, 16 ] }, 
                "east":  { "texture": "#main", "uv": [ 2, 15.5, 3, 16 ] }, 
                "south": { "texture": "#main", "uv": [ 7.5, 15.5, 7.9, 16 ] }, 
                "west":  { "texture": "#main", "uv": [ 4.5, 15.5, 5.5, 16 ] }, 
                "up":    { "texture": "#main", "uv": [ 6.5, 16, 5.9, 15 ] }, 
                "down":  { "texture": "#main", "uv": [ 4.5, 15, 4.9, 16 ] }
            }
        }
    ], 
    "display": {
        "ground": {
            "rotation": [ 0, 0, 0 ], 
            "translation": [ 0, 0, 0 ], 
            "scale": [ 0.5, 0.5, 0.5 ]
        }, 
        "head": {
            "rotation": [ 0, 0, 0 ], 
            "translation": [ 0, -30, 0 ], 
            "scale": [ 2, 2, 2 ]
        }, 
        "thirdperson_righthand": {
            "rotation": [ 0, 0, 0 ], 
            "translation": [ 0, 3, 1 ], 
            "scale": [ 0.55, 0.55, 0.55 ]
        }, 
        "firstperson_righthand": {
            "rotation": [ 0, -90, 25 ], 
            "translation": [ 1.13, 3.2, 1.13 ], 
            "scale": [ 0, 0, 0 ]
        }
    }
}