{
    "__comment": "Model generated using MrCrayfish's Model Creator (http://mrcrayfish.com/modelcreator/)",
    "textures": {
        "0": "block/corythosaurus_skin",
        "1": "block/corythosaurus_top",
        "2": "block/corythosaurus_bottom",
        "3": "block/corythosaurus_eye_1",
        "4": "block/corythosaurus_eye_2",
        "5": "block/corythosaurus_head_sail"
    },
    "elements": [
        {
            "name": "Body",
            "from": [ 5.0, 0.0, 4.0 ], 
            "to": [ 12.0, 8.0, 12.0 ], 
            "faces": {
                "north": { "texture": "#0", "uv": [ 0.0, 0.0, 16.0, 16.0 ] },
                "east": { "texture": "#0", "uv": [ 0.0, 0.0, 16.0, 16.0 ] },
                "south": { "texture": "#0", "uv": [ 0.0, 0.0, 16.0, 16.0 ] },
                "west": { "texture": "#0", "uv": [ 0.0, 0.0, 16.0, 16.0 ] },
                "up": { "texture": "#1", "uv": [ 0.0, 0.0, 7.0, 8.0 ] },
                "down": { "texture": "#2", "uv": [ 0.0, 0.0, 7.0, 8.0 ] }
            }
        },
        {
            "name": "Tail1",
            "from": [ -5.0, 4.0, 5.5 ], 
            "to": [ 7.0, 9.0, 10.5 ], 
            "rotation": { "origin": [ 8.0, 8.0, 8.0 ], "axis": "z", "angle": 45.0 },
            "faces": {
                "north": { "texture": "#0", "uv": [ 0.0, 0.0, 12.0, 5.0 ] },
                "east": { "texture": "#0", "uv": [ 0.0, 0.0, 5.0, 5.0 ] },
                "south": { "texture": "#0", "uv": [ 0.0, 0.0, 12.0, 5.0 ] },
                "west": { "texture": "#0", "uv": [ 0.0, 0.0, 5.0, 5.0 ] },
                "up": { "texture": "#0", "uv": [ 0.0, 0.0, 12.0, 5.0 ] },
                "down": { "texture": "#0", "uv": [ 0.0, 0.0, 12.0, 5.0 ] }
            }
        },
        {
            "name": "Tail2",
            "from": [ -10.0, -0.6, 6.0 ], 
            "to": [ -2.0, 3.4, 10.0 ], 
            "rotation": { "origin": [ 8.0, 8.0, 8.0 ], "axis": "z", "angle": 22.5 },
            "faces": {
                "north": { "texture": "#0", "uv": [ 0.0, 0.0, 8.0, 4.0 ] },
                "east": { "texture": "#0", "uv": [ 0.0, 0.0, 4.0, 4.0 ] },
                "south": { "texture": "#0", "uv": [ 0.0, 0.0, 8.0, 4.0 ] },
                "west": { "texture": "#0", "uv": [ 0.0, 0.0, 4.0, 4.0 ] },
                "up": { "texture": "#0", "uv": [ 0.0, 0.0, 8.0, 4.0 ] },
                "down": { "texture": "#0", "uv": [ 0.0, 0.0, 8.0, 4.0 ] }
            }
        },
        {
            "name": "Tail3",
            "from": [ -11.0, -6.6, 6.5 ], 
            "to": [ -5.0, -3.5999999999999996, 9.5 ], 
            "faces": {
                "north": { "texture": "#0", "uv": [ 0.0, 0.0, 6.0, 3.0 ] },
                "east": { "texture": "#0", "uv": [ 0.0, 0.0, 3.0, 3.0 ] },
                "south": { "texture": "#0", "uv": [ 0.0, 0.0, 6.0, 3.0 ] },
                "west": { "texture": "#0", "uv": [ 0.0, 0.0, 3.0, 3.0 ] },
                "up": { "texture": "#0", "uv": [ 0.0, 0.0, 6.0, 3.0 ] },
                "down": { "texture": "#0", "uv": [ 0.0, 0.0, 6.0, 3.0 ] }
            }
        },
        {
            "name": "Chest",
            "from": [ 12.0, 0.0, 4.0 ], 
            "to": [ 19.0, 9.0, 12.0 ], 
            "faces": {
                "north": { "texture": "#0", "uv": [ 0.0, 0.0, 15.0, 16.0 ] },
                "east": { "texture": "#0", "uv": [ 0.0, 0.0, 16.0, 16.0 ] },
                "south": { "texture": "#0", "uv": [ 0.0, 0.0, 16.0, 16.0 ] },
                "west": { "texture": "#0", "uv": [ 0.0, 0.0, 16.0, 16.0 ] },
                "up": { "texture": "#1", "uv": [ 0.0, 0.0, 7.0, 8.0 ] },
                "down": { "texture": "#2", "uv": [ 0.0, 0.0, 7.0, 8.0 ] }
            }
        },
        {
            "name": "Neck",
            "from": [ 12.0, -1.0, 5.5 ], 
            "to": [ 22.0, 4.0, 10.5 ], 
            "rotation": { "origin": [ 8.0, 8.0, 8.0 ], "axis": "z", "angle": 45.0 },
            "faces": {
                "north": { "texture": "#1", "uv": [ 0.0, 0.0, 10.0, 5.0 ] },
                "east": { "texture": "#1", "uv": [ 0.0, 0.0, 5.0, 5.0 ] },
                "south": { "texture": "#1", "uv": [ 0.0, 0.0, 10.0, 5.0 ] },
                "west": { "texture": "#1", "uv": [ 0.0, 0.0, 5.0, 5.0 ] },
                "up": { "texture": "#1", "uv": [ 0.0, 0.0, 10.0, 5.0 ] },
                "down": { "texture": "#1", "uv": [ 0.0, 0.0, 10.0, 5.0 ] }
            }
        },
        {
            "name": "Head",
            "from": [ 19.0, 11.0, 5.0 ], 
            "to": [ 25.0, 16.0, 11.0 ], 
            "faces": {
                "north": { "texture": "#3", "uv": [ 0.0, 2.0, 9.0, 11.0 ] },
                "east": { "texture": "#1", "uv": [ 0.0, 0.0, 6.0, 5.0 ] },
                "south": { "texture": "#4", "uv": [ 7.0, 2.0, 16.0, 11.0 ] },
                "west": { "texture": "#1", "uv": [ 0.0, 0.0, 16.0, 4.0 ] },
                "up": { "texture": "#1", "uv": [ 0.0, 0.0, 6.0, 6.0 ] },
                "down": { "texture": "#1", "uv": [ 0.0, 0.0, 6.0, 6.0 ] }
            }
        },
        {
            "name": "Snout1",
            "from": [ 25.0, 12.0, 5.3 ], 
            "to": [ 30.0, 15.0, 10.8 ], 
            "faces": {
                "north": { "texture": "#1", "uv": [ 0.0, 0.0, 5.0, 3.0 ] },
                "east": { "texture": "#1", "uv": [ 0.0, 0.0, 5.5, 3.0 ] },
                "south": { "texture": "#1", "uv": [ 0.0, 0.0, 5.0, 3.0 ] },
                "west": { "texture": "#1", "uv": [ 0.0, 0.0, 5.5, 3.0 ] },
                "up": { "texture": "#1", "uv": [ 0.0, 0.0, 5.0, 5.5 ] },
                "down": { "texture": "#1", "uv": [ 0.0, 0.0, 5.0, 5.5 ] }
            }
        },
        {
            "name": "Snout2",
            "from": [ 22.0, 10.0, 5.8 ], 
            "to": [ 29.0, 12.0, 10.3 ], 
            "faces": {
                "north": { "texture": "#1", "uv": [ 0.0, 0.0, 7.0, 2.0 ] },
                "east": { "texture": "#1", "uv": [ 0.0, 0.0, 4.5, 2.0 ] },
                "south": { "texture": "#1", "uv": [ 0.0, 0.0, 7.0, 4.0 ] },
                "west": { "texture": "#1", "uv": [ 0.0, 0.0, 4.5, 2.0 ] },
                "up": { "texture": "#1", "uv": [ 0.0, 0.0, 7.0, 4.5 ] },
                "down": { "texture": "#1", "uv": [ 0.0, 0.0, 7.0, 4.5 ] }
            }
        },
        {
            "name": "Crest1",
            "from": [ 22.0, 0.0, 7.5 ], 
            "to": [ 28.0, 5.0, 8.5 ], 
            "rotation": { "origin": [ 8.0, 8.0, 8.0 ], "axis": "z", "angle": 45.0 },
            "faces": {
                "north": { "texture": "#5", "uv": [ 0.0, 0.0, 6.0, 5.0 ] },
                "east": { "texture": "#5", "uv": [ 0.0, 0.0, 1.0, 5.0 ] },
                "south": { "texture": "#5", "uv": [ 0.0, 0.0, 6.0, 5.0 ] },
                "west": { "texture": "#5", "uv": [ 0.0, 0.0, 0.0, 5.0 ] },
                "up": { "texture": "#5", "uv": [ 0.0, 0.0, 6.0, 1.0 ] },
                "down": { "texture": "#5", "uv": [ 0.0, 0.0, 6.0, 1.0 ] }
            }
        },
        {
            "name": "Crest2",
            "from": [ 19.0, 19.0, 7.0 ], 
            "to": [ 25.0, 22.0, 9.0 ], 
            "rotation": { "origin": [ 8.0, 8.0, 8.0 ], "axis": "z", "angle": -22.5 },
            "faces": {
                "north": { "texture": "#5", "uv": [ 0.0, 0.0, 6.0, 3.0 ] },
                "east": { "texture": "#5", "uv": [ 0.0, 0.0, 2.0, 3.0 ] },
                "south": { "texture": "#5", "uv": [ 0.0, 0.0, 6.0, 3.0 ] },
                "west": { "texture": "#5", "uv": [ 0.0, 0.0, 2.0, 3.0 ] },
                "up": { "texture": "#5", "uv": [ 0.0, 0.0, 6.0, 2.0 ] },
                "down": { "texture": "#5", "uv": [ 0.0, 0.0, 6.0, 2.0 ] }
            }
        },
        {
            "name": "Arm1",
            "from": [ 18.0, 0.0, 3.0 ], 
            "to": [ 20.5, 6.0, 5.5 ], 
            "rotation": { "origin": [ 8.0, 8.0, 8.0 ], "axis": "z", "angle": -22.5 },
            "faces": {
                "north": { "texture": "#1", "uv": [ 0.0, 0.0, 2.5, 6.0 ] },
                "east": { "texture": "#1", "uv": [ 0.0, 0.0, 2.5, 6.0 ] },
                "south": { "texture": "#1", "uv": [ 0.0, 0.0, 2.5, 6.0 ] },
                "west": { "texture": "#1", "uv": [ 0.0, 0.0, 2.5, 6.0 ] },
                "up": { "texture": "#1", "uv": [ 0.0, 0.0, 2.5, 2.5 ] },
                "down": { "texture": "#1", "uv": [ 0.0, 0.0, 2.5, 2.5 ] }
            }
        },
        {
            "name": "Arm2",
            "from": [ 18.0, 0.0, 10.5 ], 
            "to": [ 20.5, 6.0, 13.0 ], 
            "rotation": { "origin": [ 8.0, 8.0, 8.0 ], "axis": "z", "angle": -22.5 },
            "faces": {
                "north": { "texture": "#1", "uv": [ 0.0, 0.0, 2.5, 6.0 ] },
                "east": { "texture": "#1", "uv": [ 0.0, 0.0, 2.5, 6.0 ] },
                "south": { "texture": "#1", "uv": [ 0.0, 0.0, 2.5, 6.0 ] },
                "west": { "texture": "#1", "uv": [ 0.0, 0.0, 2.5, 6.0 ] },
                "up": { "texture": "#1", "uv": [ 0.0, 0.0, 2.5, 2.5 ] },
                "down": { "texture": "#1", "uv": [ 0.0, 0.0, 2.5, 2.5 ] }
            }
        },
        {
            "name": "Arm3",
            "from": [ 5.0, -11.0, 10.8 ], 
            "to": [ 7.0, -5.0, 12.8 ], 
            "rotation": { "origin": [ 8.0, 8.0, 8.0 ], "axis": "z", "angle": 45.0 },
            "faces": {
                "north": { "texture": "#1", "uv": [ 0.0, 0.0, 2.0, 6.0 ] },
                "east": { "texture": "#1", "uv": [ 0.0, 0.0, 2.0, 6.0 ] },
                "south": { "texture": "#1", "uv": [ 0.0, 0.0, 2.0, 6.0 ] },
                "west": { "texture": "#1", "uv": [ 0.0, 0.0, 2.0, 6.0 ] },
                "up": { "texture": "#1", "uv": [ 0.0, 0.0, 2.0, 2.0 ] },
                "down": { "texture": "#1", "uv": [ 0.0, 0.0, 2.0, 2.0 ] }
            }
        },
        {
            "name": "Arm4",
            "from": [ 5.0, -11.0, 3.2 ], 
            "to": [ 7.0, -5.0, 5.2 ], 
            "rotation": { "origin": [ 8.0, 8.0, 8.0 ], "axis": "z", "angle": 45.0 },
            "faces": {
                "north": { "texture": "#1", "uv": [ 0.0, 0.0, 2.0, 6.0 ] },
                "east": { "texture": "#1", "uv": [ 0.0, 0.0, 2.0, 6.0 ] },
                "south": { "texture": "#1", "uv": [ 0.0, 0.0, 2.0, 6.0 ] },
                "west": { "texture": "#1", "uv": [ 0.0, 0.0, 2.0, 6.0 ] },
                "up": { "texture": "#1", "uv": [ 0.0, 0.0, 2.0, 2.0 ] },
                "down": { "texture": "#1", "uv": [ 0.0, 0.0, 2.0, 2.0 ] }
            }
        },
        {
            "name": "Leg1",
            "from": [ 9.0, -3.0, 2.2 ], 
            "to": [ 14.0, 4.0, 7.2 ], 
            "rotation": { "origin": [ 8.0, 8.0, 8.0 ], "axis": "z", "angle": -22.5 },
            "faces": {
                "north": { "texture": "#1", "uv": [ 0.0, 0.0, 5.0, 6.0 ] },
                "east": { "texture": "#1", "uv": [ 0.0, 0.0, 5.0, 7.0 ] },
                "south": { "texture": "#1", "uv": [ 0.0, 0.0, 5.0, 7.0 ] },
                "west": { "texture": "#1", "uv": [ 0.0, 0.0, 5.0, 7.0 ] },
                "up": { "texture": "#1", "uv": [ 0.0, 0.0, 5.0, 5.0 ] },
                "down": { "texture": "#1", "uv": [ 0.0, 0.0, 5.0, 5.0 ] }
            }
        },
        {
            "name": "Leg2",
            "from": [ 9.0, -3.0, 9.2 ], 
            "to": [ 14.0, 4.0, 14.2 ], 
            "rotation": { "origin": [ 8.0, 8.0, 8.0 ], "axis": "z", "angle": -22.5 },
            "faces": {
                "north": { "texture": "#1", "uv": [ 0.0, 0.0, 5.0, 7.0 ] },
                "east": { "texture": "#1", "uv": [ 0.0, 0.0, 5.0, 7.0 ] },
                "south": { "texture": "#1", "uv": [ 0.0, 0.0, 5.0, 7.0 ] },
                "west": { "texture": "#1", "uv": [ 0.0, 0.0, 5.0, 7.0 ] },
                "up": { "texture": "#1", "uv": [ 0.0, 0.0, 5.0, 5.0 ] },
                "down": { "texture": "#1", "uv": [ 0.0, 0.0, 5.0, 5.0 ] }
            }
        },
        {
            "name": "Leg4",
            "from": [ 4.0, -10.0, 10.2 ], 
            "to": [ 7.0, -1.0, 13.2 ], 
            "faces": {
                "north": { "texture": "#1", "uv": [ 0.0, 0.0, 3.0, 9.0 ] },
                "east": { "texture": "#1", "uv": [ 0.0, 0.0, 3.0, 9.0 ] },
                "south": { "texture": "#1", "uv": [ 0.0, 0.0, 3.0, 9.0 ] },
                "west": { "texture": "#1", "uv": [ 0.0, 0.0, 3.0, 9.0 ] },
                "up": { "texture": "#1", "uv": [ 0.0, 0.0, 3.0, 3.0 ] },
                "down": { "texture": "#1", "uv": [ 0.0, 0.0, 3.0, 3.0 ] }
            }
        },
        {
            "name": "Leg5",
            "from": [ 4.0, -10.0, 3.1999999999999993 ], 
            "to": [ 7.0, -1.0, 6.199999999999999 ], 
            "faces": {
                "north": { "texture": "#1", "uv": [ 0.0, 0.0, 3.0, 9.0 ] },
                "east": { "texture": "#1", "uv": [ 0.0, 0.0, 3.0, 9.0 ] },
                "south": { "texture": "#1", "uv": [ 0.0, 0.0, 3.0, 9.0 ] },
                "west": { "texture": "#1", "uv": [ 0.0, 0.0, 3.0, 9.0 ] },
                "up": { "texture": "#1", "uv": [ 0.0, 0.0, 3.0, 3.0 ] },
                "down": { "texture": "#1", "uv": [ 0.0, 0.0, 3.0, 3.0 ] }
            }
        }
    ],
 "display": {
        "ground": {
            "rotation": [ 0, 0, 0 ],
            "translation": [ 0, 0, 0],
            "scale":[ 0.5, 0.5, 0.5 ]
        },
        "head": {
            "rotation": [ 0, 90, 0 ],
            "translation": [ 0, 27, 0],
            "scale":[ 5, 5, 5]
        },
        "thirdperson_righthand": {
            "rotation": [ 0, 0, 0 ],
            "translation": [ 0, 3, 1 ],
            "scale": [ 0.55, 0.55, 0.55 ]
        },
        "firstperson_righthand": {
            "rotation": [ 0, -90, 25 ],
            "translation": [ 1.13, 3.2, 1.13],
            "scale": [ 0, 0, 0 ]
           }
      }
}