{
    "__comment": "Model animated using Fizzy's model animator - http://fizzy81.github.io/animated-models/", 
    "textures": {
        "main": "blocks/corythosaurus_walking"
    }, 
    "elements": [
        {
            "name": "Body", 
            "from": [ 5, 0, 4 ], 
            "to":   [ 12, 8, 12 ], 
            "faces": {
                "north": { "texture": "#main", "uv": [ 0, 0, 2, 2 ] }, 
                "east":  { "texture": "#main", "uv": [ 0, 0, 2, 2 ] }, 
                "south": { "texture": "#main", "uv": [ 0, 0, 2, 2 ] }, 
                "west":  { "texture": "#main", "uv": [ 0, 0, 2, 2 ] }, 
                "up":    { "texture": "#main", "uv": [ 2, 0, 2.875, 1 ] }, 
                "down":  { "texture": "#main", "uv": [ 4, 0, 4.875, 1 ] }
            }
        }, 
        {
            "name": "Tail1", 
            "from": [ -5, 4, 5.5 ], 
            "to":   [ 7, 9, 10.5 ], 
            "rotation": { "origin": [8, 8, 8], "axis": "z", "angle": 45 }, 
            "faces": {
                "north": { "texture": "#main", "uv": [ 0, 0, 1.5, 0.625 ] }, 
                "east":  { "texture": "#main", "uv": [ 0, 0, 0.625, 0.625 ] }, 
                "south": { "texture": "#main", "uv": [ 0, 0, 1.5, 0.625 ] }, 
                "west":  { "texture": "#main", "uv": [ 0, 0, 0.625, 0.625 ] }, 
                "up":    { "texture": "#main", "uv": [ 0, 0, 1.5, 0.625 ] }, 
                "down":  { "texture": "#main", "uv": [ 0, 0, 1.5, 0.625 ] }
            }
        }, 
        {
            "name": "Tail2", 
            "from": [ -10, -0.6, 6 ], 
            "to":   [ -2, 3.4, 10 ], 
            "rotation": { "origin": [8, 8, 8], "axis": "z", "angle": 22.5 }, 
            "faces": {
                "north": { "texture": "#main", "uv": [ 0, 0, 1, 0.5 ] }, 
                "east":  { "texture": "#main", "uv": [ 0, 0, 0.5, 0.5 ] }, 
                "south": { "texture": "#main", "uv": [ 0, 0, 1, 0.5 ] }, 
                "west":  { "texture": "#main", "uv": [ 0, 0, 0.5, 0.5 ] }, 
                "up":    { "texture": "#main", "uv": [ 0, 0, 1, 0.5 ] }, 
                "down":  { "texture": "#main", "uv": [ 0, 0, 1, 0.5 ] }
            }
        }, 
        {
            "name": "Tail3", 
            "from": [ -11, -6.6, 6.5 ], 
            "to":   [ -5, -3.5999999999999996, 9.5 ], 
            "faces": {
                "north": { "texture": "#main", "uv": [ 0, 0, 0.75, 0.375 ] }, 
                "east":  { "texture": "#main", "uv": [ 0, 0, 0.375, 0.375 ] }, 
                "south": { "texture": "#main", "uv": [ 0, 0, 0.75, 0.375 ] }, 
                "west":  { "texture": "#main", "uv": [ 0, 0, 0.375, 0.375 ] }, 
                "up":    { "texture": "#main", "uv": [ 0, 0, 0.75, 0.375 ] }, 
                "down":  { "texture": "#main", "uv": [ 0, 0, 0.75, 0.375 ] }
            }
        }, 
        {
            "name": "Chest", 
            "from": [ 12, 0, 4 ], 
            "to":   [ 19, 9, 12 ], 
            "faces": {
                "north": { "texture": "#main", "uv": [ 0, 0, 1.875, 2 ] }, 
                "east":  { "texture": "#main", "uv": [ 0, 0, 2, 2 ] }, 
                "south": { "texture": "#main", "uv": [ 0, 0, 2, 2 ] }, 
                "west":  { "texture": "#main", "uv": [ 0, 0, 2, 2 ] }, 
                "up":    { "texture": "#main", "uv": [ 2, 0, 2.875, 1 ] }, 
                "down":  { "texture": "#main", "uv": [ 4, 0, 4.875, 1 ] }
            }
        }, 
        {
            "name": "Neck", 
            "from": [ 12, -1, 5.5 ], 
            "to":   [ 22, 4, 10.5 ], 
            "rotation": { "origin": [8, 8, 8], "axis": "z", "angle": 45 }, 
            "faces": {
                "north": { "texture": "#main", "uv": [ 2, 0, 3.25, 0.625 ] }, 
                "east":  { "texture": "#main", "uv": [ 2, 0, 2.625, 0.625 ] }, 
                "south": { "texture": "#main", "uv": [ 2, 0, 3.25, 0.625 ] }, 
                "west":  { "texture": "#main", "uv": [ 2, 0, 2.625, 0.625 ] }, 
                "up":    { "texture": "#main", "uv": [ 2, 0, 3.25, 0.625 ] }, 
                "down":  { "texture": "#main", "uv": [ 2, 0, 3.25, 0.625 ] }
            }
        }, 
        {
            "name": "Head", 
            "from": [ 19, 11, 5 ], 
            "to":   [ 25, 16, 11 ], 
            "faces": {
                "north": { "texture": "#main", "uv": [ 6, 0.25, 7.125, 1.375 ] }, 
                "east":  { "texture": "#main", "uv": [ 2, 0, 2.75, 0.625 ] }, 
                "south": { "texture": "#main", "uv": [ 0.875, 2.25, 2, 3.375 ] }, 
                "west":  { "texture": "#main", "uv": [ 2, 0, 4, 0.5 ] }, 
                "up":    { "texture": "#main", "uv": [ 2, 0, 2.75, 0.75 ] }, 
                "down":  { "texture": "#main", "uv": [ 2, 0, 2.75, 0.75 ] }
            }
        }, 
        {
            "name": "Snout1", 
            "from": [ 25, 12, 5.3 ], 
            "to":   [ 30, 15, 10.8 ], 
            "faces": {
                "north": { "texture": "#main", "uv": [ 2, 0, 2.625, 0.375 ] }, 
                "east":  { "texture": "#main", "uv": [ 2, 0, 2.6875, 0.375 ] }, 
                "south": { "texture": "#main", "uv": [ 2, 0, 2.625, 0.375 ] }, 
                "west":  { "texture": "#main", "uv": [ 2, 0, 2.6875, 0.375 ] }, 
                "up":    { "texture": "#main", "uv": [ 2, 0, 2.625, 0.6875 ] }, 
                "down":  { "texture": "#main", "uv": [ 2, 0, 2.625, 0.6875 ] }
            }
        }, 
        {
            "name": "Snout2", 
            "from": [ 22, 10, 5.8 ], 
            "to":   [ 29, 12, 10.3 ], 
            "faces": {
                "north": { "texture": "#main", "uv": [ 2, 0, 2.875, 0.25 ] }, 
                "east":  { "texture": "#main", "uv": [ 2, 0, 2.5625, 0.25 ] }, 
                "south": { "texture": "#main", "uv": [ 2, 0, 2.875, 0.5 ] }, 
                "west":  { "texture": "#main", "uv": [ 2, 0, 2.5625, 0.25 ] }, 
                "up":    { "texture": "#main", "uv": [ 2, 0, 2.875, 0.5625 ] }, 
                "down":  { "texture": "#main", "uv": [ 2, 0, 2.875, 0.5625 ] }
            }
        }, 
        {
            "name": "Crest1", 
            "from": [ 22, 0, 7.5 ], 
            "to":   [ 28, 5, 8.5 ], 
            "rotation": { "origin": [8, 8, 8], "axis": "z", "angle": 45 }, 
            "faces": {
                "north": { "texture": "#main", "uv": [ 2, 2, 2.75, 2.625 ] }, 
                "east":  { "texture": "#main", "uv": [ 2, 2, 2.125, 2.625 ] }, 
                "south": { "texture": "#main", "uv": [ 2, 2, 2.75, 2.625 ] }, 
                "west":  { "texture": "#main", "uv": [ 2, 2, 2, 2.625 ] }, 
                "up":    { "texture": "#main", "uv": [ 2, 2, 2.75, 2.125 ] }, 
                "down":  { "texture": "#main", "uv": [ 2, 2, 2.75, 2.125 ] }
            }
        }, 
        {
            "name": "Crest2", 
            "from": [ 19, 19, 7 ], 
            "to":   [ 25, 22, 9 ], 
            "rotation": { "origin": [8, 8, 8], "axis": "z", "angle": -22.5 }, 
            "faces": {
                "north": { "texture": "#main", "uv": [ 2, 2, 2.75, 2.375 ] }, 
                "east":  { "texture": "#main", "uv": [ 2, 2, 2.25, 2.375 ] }, 
                "south": { "texture": "#main", "uv": [ 2, 2, 2.75, 2.375 ] }, 
                "west":  { "texture": "#main", "uv": [ 2, 2, 2.25, 2.375 ] }, 
                "up":    { "texture": "#main", "uv": [ 2, 2, 2.75, 2.25 ] }, 
                "down":  { "texture": "#main", "uv": [ 2, 2, 2.75, 2.25 ] }
            }
        }, 
        {
            "name": "Arm1", 
            "from": [ 18, 0, 3 ], 
            "to":   [ 20.5, 6, 5.5 ], 
            "rotation": { "origin": [8, 8, 8], "axis": "z", "angle": -22.5 }, 
            "faces": {
                "north": { "texture": "#main", "uv": [ 2, 0, 2.3125, 0.75 ] }, 
                "east":  { "texture": "#main", "uv": [ 2, 0, 2.3125, 0.75 ] }, 
                "south": { "texture": "#main", "uv": [ 2, 0, 2.3125, 0.75 ] }, 
                "west":  { "texture": "#main", "uv": [ 2, 0, 2.3125, 0.75 ] }, 
                "up":    { "texture": "#main", "uv": [ 2, 0, 2.3125, 0.3125 ] }, 
                "down":  { "texture": "#main", "uv": [ 2, 0, 2.3125, 0.3125 ] }
            }
        }, 
        {
            "name": "Arm2", 
            "from": [ 18, 0, 10.5 ], 
            "to":   [ 20.5, 6, 13 ], 
            "rotation": { "origin": [8, 8, 8], "axis": "z", "angle": -22.5 }, 
            "faces": {
                "north": { "texture": "#main", "uv": [ 2, 0, 2.3125, 0.75 ] }, 
                "east":  { "texture": "#main", "uv": [ 2, 0, 2.3125, 0.75 ] }, 
                "south": { "texture": "#main", "uv": [ 2, 0, 2.3125, 0.75 ] }, 
                "west":  { "texture": "#main", "uv": [ 2, 0, 2.3125, 0.75 ] }, 
                "up":    { "texture": "#main", "uv": [ 2, 0, 2.3125, 0.3125 ] }, 
                "down":  { "texture": "#main", "uv": [ 2, 0, 2.3125, 0.3125 ] }
            }
        }, 
        {
            "name": "Arm3", 
            "from": [ 14, -10, 10.8 ], 
            "to":   [ 16, -3, 12.8 ], 
            "faces": {
                "north": { "texture": "#main", "uv": [ 2, 0, 2.25, 0.75 ] }, 
                "east":  { "texture": "#main", "uv": [ 2, 0, 2.25, 0.75 ] }, 
                "south": { "texture": "#main", "uv": [ 2, 0, 2.25, 0.75 ] }, 
                "west":  { "texture": "#main", "uv": [ 2, 0, 2.25, 0.75 ] }, 
                "up":    { "texture": "#main", "uv": [ 2, 0, 2.25, 0.25 ] }, 
                "down":  { "texture": "#main", "uv": [ 2, 0, 2.25, 0.25 ] }
            }
        }, 
        {
            "name": "Arm4", 
            "from": [ 14, -10, 3.2 ], 
            "to":   [ 16, -3, 5.2 ], 
            "faces": {
                "north": { "texture": "#main", "uv": [ 2, 0, 2.25, 0.75 ] }, 
                "east":  { "texture": "#main", "uv": [ 2, 0, 2.25, 0.75 ] }, 
                "south": { "texture": "#main", "uv": [ 2, 0, 2.25, 0.75 ] }, 
                "west":  { "texture": "#main", "uv": [ 2, 0, 2.25, 0.75 ] }, 
                "up":    { "texture": "#main", "uv": [ 2, 0, 2.25, 0.25 ] }, 
                "down":  { "texture": "#main", "uv": [ 2, 0, 2.25, 0.25 ] }
            }
        }, 
        {
            "name": "Leg1", 
            "from": [ 9, -3, 2.2 ], 
            "to":   [ 14, 4, 7.2 ], 
            "rotation": { "origin": [8, 8, 8], "axis": "z", "angle": -22.5 }, 
            "faces": {
                "north": { "texture": "#main", "uv": [ 2, 0, 2.625, 0.75 ] }, 
                "east":  { "texture": "#main", "uv": [ 2, 0, 2.625, 0.875 ] }, 
                "south": { "texture": "#main", "uv": [ 2, 0, 2.625, 0.875 ] }, 
                "west":  { "texture": "#main", "uv": [ 2, 0, 2.625, 0.875 ] }, 
                "up":    { "texture": "#main", "uv": [ 2, 0, 2.625, 0.625 ] }, 
                "down":  { "texture": "#main", "uv": [ 2, 0, 2.625, 0.625 ] }
            }
        }, 
        {
            "name": "Leg2", 
            "from": [ 9, -3, 9.2 ], 
            "to":   [ 14, 4, 14.2 ], 
            "rotation": { "origin": [8, 8, 8], "axis": "z", "angle": -22.5 }, 
            "faces": {
                "north": { "texture": "#main", "uv": [ 2, 0, 2.625, 0.875 ] }, 
                "east":  { "texture": "#main", "uv": [ 2, 0, 2.625, 0.875 ] }, 
                "south": { "texture": "#main", "uv": [ 2, 0, 2.625, 0.875 ] }, 
                "west":  { "texture": "#main", "uv": [ 2, 0, 2.625, 0.875 ] }, 
                "up":    { "texture": "#main", "uv": [ 2, 0, 2.625, 0.625 ] }, 
                "down":  { "texture": "#main", "uv": [ 2, 0, 2.625, 0.625 ] }
            }
        }, 
        {
            "name": "Leg4", 
            "from": [ 4, -10, 10.2 ], 
            "to":   [ 7, -1, 13.2 ], 
            "faces": {
                "north": { "texture": "#main", "uv": [ 2, 0, 2.375, 1.125 ] }, 
                "east":  { "texture": "#main", "uv": [ 2, 0, 2.375, 1.125 ] }, 
                "south": { "texture": "#main", "uv": [ 2, 0, 2.375, 1.125 ] }, 
                "west":  { "texture": "#main", "uv": [ 2, 0, 2.375, 1.125 ] }, 
                "up":    { "texture": "#main", "uv": [ 2, 0, 2.375, 0.375 ] }, 
                "down":  { "texture": "#main", "uv": [ 2, 0, 2.375, 0.375 ] }
            }
        }, 
        {
            "name": "Leg5", 
            "from": [ 4, -10, 3.1999999999999993 ], 
            "to":   [ 7, -1, 6.199999999999999 ], 
            "faces": {
                "north": { "texture": "#main", "uv": [ 2, 0, 2.375, 1.125 ] }, 
                "east":  { "texture": "#main", "uv": [ 2, 0, 2.375, 1.125 ] }, 
                "south": { "texture": "#main", "uv": [ 2, 0, 2.375, 1.125 ] }, 
                "west":  { "texture": "#main", "uv": [ 2, 0, 2.375, 1.125 ] }, 
                "up":    { "texture": "#main", "uv": [ 2, 0, 2.375, 0.375 ] }, 
                "down":  { "texture": "#main", "uv": [ 2, 0, 2.375, 0.375 ] }
            }
        }, 
        {
            "name": "Body", 
            "from": [ 5, 0, 4 ], 
            "to":   [ 12, 8, 12 ], 
            "faces": {
                "north": { "texture": "#main", "uv": [ 8, 0, 10, 2 ] }, 
                "east":  { "texture": "#main", "uv": [ 8, 0, 10, 2 ] }, 
                "south": { "texture": "#main", "uv": [ 8, 0, 10, 2 ] }, 
                "west":  { "texture": "#main", "uv": [ 8, 0, 10, 2 ] }, 
                "up":    { "texture": "#main", "uv": [ 10, 0, 10.875, 1 ] }, 
                "down":  { "texture": "#main", "uv": [ 12, 0, 12.875, 1 ] }
            }
        }, 
        {
            "name": "Tail1", 
            "from": [ -5, 4, 5.5 ], 
            "to":   [ 7, 9, 10.5 ], 
            "rotation": { "origin": [8, 8, 8], "axis": "z", "angle": 45 }, 
            "faces": {
                "north": { "texture": "#main", "uv": [ 8, 0, 9.5, 0.625 ] }, 
                "east":  { "texture": "#main", "uv": [ 8, 0, 8.625, 0.625 ] }, 
                "south": { "texture": "#main", "uv": [ 8, 0, 9.5, 0.625 ] }, 
                "west":  { "texture": "#main", "uv": [ 8, 0, 8.625, 0.625 ] }, 
                "up":    { "texture": "#main", "uv": [ 8, 0, 9.5, 0.625 ] }, 
                "down":  { "texture": "#main", "uv": [ 8, 0, 9.5, 0.625 ] }
            }
        }, 
        {
            "name": "Tail2", 
            "from": [ -10, -0.6, 6 ], 
            "to":   [ -2, 3.4, 10 ], 
            "rotation": { "origin": [8, 8, 8], "axis": "z", "angle": 22.5 }, 
            "faces": {
                "north": { "texture": "#main", "uv": [ 8, 0, 9, 0.5 ] }, 
                "east":  { "texture": "#main", "uv": [ 8, 0, 8.5, 0.5 ] }, 
                "south": { "texture": "#main", "uv": [ 8, 0, 9, 0.5 ] }, 
                "west":  { "texture": "#main", "uv": [ 8, 0, 8.5, 0.5 ] }, 
                "up":    { "texture": "#main", "uv": [ 8, 0, 9, 0.5 ] }, 
                "down":  { "texture": "#main", "uv": [ 8, 0, 9, 0.5 ] }
            }
        }, 
        {
            "name": "Tail3", 
            "from": [ -11, -6.6, 6.5 ], 
            "to":   [ -5, -3.5999999999999996, 9.5 ], 
            "faces": {
                "north": { "texture": "#main", "uv": [ 8, 0, 8.75, 0.375 ] }, 
                "east":  { "texture": "#main", "uv": [ 8, 0, 8.375, 0.375 ] }, 
                "south": { "texture": "#main", "uv": [ 8, 0, 8.75, 0.375 ] }, 
                "west":  { "texture": "#main", "uv": [ 8, 0, 8.375, 0.375 ] }, 
                "up":    { "texture": "#main", "uv": [ 8, 0, 8.75, 0.375 ] }, 
                "down":  { "texture": "#main", "uv": [ 8, 0, 8.75, 0.375 ] }
            }
        }, 
        {
            "name": "Chest", 
            "from": [ 12, 0, 4 ], 
            "to":   [ 19, 9, 12 ], 
            "faces": {
                "north": { "texture": "#main", "uv": [ 8, 0, 9.875, 2 ] }, 
                "east":  { "texture": "#main", "uv": [ 8, 0, 10, 2 ] }, 
                "south": { "texture": "#main", "uv": [ 8, 0, 10, 2 ] }, 
                "west":  { "texture": "#main", "uv": [ 8, 0, 10, 2 ] }, 
                "up":    { "texture": "#main", "uv": [ 10, 0, 10.875, 1 ] }, 
                "down":  { "texture": "#main", "uv": [ 12, 0, 12.875, 1 ] }
            }
        }, 
        {
            "name": "Neck", 
            "from": [ 12, -1, 5.5 ], 
            "to":   [ 22, 4, 10.5 ], 
            "rotation": { "origin": [8, 8, 8], "axis": "z", "angle": 45 }, 
            "faces": {
                "north": { "texture": "#main", "uv": [ 10, 0, 11.25, 0.625 ] }, 
                "east":  { "texture": "#main", "uv": [ 10, 0, 10.625, 0.625 ] }, 
                "south": { "texture": "#main", "uv": [ 10, 0, 11.25, 0.625 ] }, 
                "west":  { "texture": "#main", "uv": [ 10, 0, 10.625, 0.625 ] }, 
                "up":    { "texture": "#main", "uv": [ 10, 0, 11.25, 0.625 ] }, 
                "down":  { "texture": "#main", "uv": [ 10, 0, 11.25, 0.625 ] }
            }
        }, 
        {
            "name": "Head", 
            "from": [ 19, 11, 5 ], 
            "to":   [ 25, 16, 11 ], 
            "faces": {
                "north": { "texture": "#main", "uv": [ 14, 0.25, 15.125, 1.375 ] }, 
                "east":  { "texture": "#main", "uv": [ 10, 0, 10.75, 0.625 ] }, 
                "south": { "texture": "#main", "uv": [ 8.875, 2.25, 10, 3.375 ] }, 
                "west":  { "texture": "#main", "uv": [ 10, 0, 12, 0.5 ] }, 
                "up":    { "texture": "#main", "uv": [ 10, 0, 10.75, 0.75 ] }, 
                "down":  { "texture": "#main", "uv": [ 10, 0, 10.75, 0.75 ] }
            }
        }, 
        {
            "name": "Snout1", 
            "from": [ 25, 12, 5.3 ], 
            "to":   [ 30, 15, 10.8 ], 
            "faces": {
                "north": { "texture": "#main", "uv": [ 10, 0, 10.625, 0.375 ] }, 
                "east":  { "texture": "#main", "uv": [ 10, 0, 10.6875, 0.375 ] }, 
                "south": { "texture": "#main", "uv": [ 10, 0, 10.625, 0.375 ] }, 
                "west":  { "texture": "#main", "uv": [ 10, 0, 10.6875, 0.375 ] }, 
                "up":    { "texture": "#main", "uv": [ 10, 0, 10.625, 0.6875 ] }, 
                "down":  { "texture": "#main", "uv": [ 10, 0, 10.625, 0.6875 ] }
            }
        }, 
        {
            "name": "Snout2", 
            "from": [ 22, 10, 5.8 ], 
            "to":   [ 29, 12, 10.3 ], 
            "faces": {
                "north": { "texture": "#main", "uv": [ 10, 0, 10.875, 0.25 ] }, 
                "east":  { "texture": "#main", "uv": [ 10, 0, 10.5625, 0.25 ] }, 
                "south": { "texture": "#main", "uv": [ 10, 0, 10.875, 0.5 ] }, 
                "west":  { "texture": "#main", "uv": [ 10, 0, 10.5625, 0.25 ] }, 
                "up":    { "texture": "#main", "uv": [ 10, 0, 10.875, 0.5625 ] }, 
                "down":  { "texture": "#main", "uv": [ 10, 0, 10.875, 0.5625 ] }
            }
        }, 
        {
            "name": "Crest1", 
            "from": [ 22, 0, 7.5 ], 
            "to":   [ 28, 5, 8.5 ], 
            "rotation": { "origin": [8, 8, 8], "axis": "z", "angle": 45 }, 
            "faces": {
                "north": { "texture": "#main", "uv": [ 10, 2, 10.75, 2.625 ] }, 
                "east":  { "texture": "#main", "uv": [ 10, 2, 10.125, 2.625 ] }, 
                "south": { "texture": "#main", "uv": [ 10, 2, 10.75, 2.625 ] }, 
                "west":  { "texture": "#main", "uv": [ 10, 2, 10, 2.625 ] }, 
                "up":    { "texture": "#main", "uv": [ 10, 2, 10.75, 2.125 ] }, 
                "down":  { "texture": "#main", "uv": [ 10, 2, 10.75, 2.125 ] }
            }
        }, 
        {
            "name": "Crest2", 
            "from": [ 19, 19, 7 ], 
            "to":   [ 25, 22, 9 ], 
            "rotation": { "origin": [8, 8, 8], "axis": "z", "angle": -22.5 }, 
            "faces": {
                "north": { "texture": "#main", "uv": [ 10, 2, 10.75, 2.375 ] }, 
                "east":  { "texture": "#main", "uv": [ 10, 2, 10.25, 2.375 ] }, 
                "south": { "texture": "#main", "uv": [ 10, 2, 10.75, 2.375 ] }, 
                "west":  { "texture": "#main", "uv": [ 10, 2, 10.25, 2.375 ] }, 
                "up":    { "texture": "#main", "uv": [ 10, 2, 10.75, 2.25 ] }, 
                "down":  { "texture": "#main", "uv": [ 10, 2, 10.75, 2.25 ] }
            }
        }, 
        {
            "name": "Arm1", 
            "from": [ 18, 0, 3 ], 
            "to":   [ 20.5, 6, 5.5 ], 
            "rotation": { "origin": [8, 8, 8], "axis": "z", "angle": -22.5 }, 
            "faces": {
                "north": { "texture": "#main", "uv": [ 10, 0, 10.3125, 0.75 ] }, 
                "east":  { "texture": "#main", "uv": [ 10, 0, 10.3125, 0.75 ] }, 
                "south": { "texture": "#main", "uv": [ 10, 0, 10.3125, 0.75 ] }, 
                "west":  { "texture": "#main", "uv": [ 10, 0, 10.3125, 0.75 ] }, 
                "up":    { "texture": "#main", "uv": [ 10, 0, 10.3125, 0.3125 ] }, 
                "down":  { "texture": "#main", "uv": [ 10, 0, 10.3125, 0.3125 ] }
            }
        }, 
        {
            "name": "Arm2", 
            "from": [ 18, 0, 10.5 ], 
            "to":   [ 20.5, 6, 13 ], 
            "rotation": { "origin": [8, 8, 8], "axis": "z", "angle": -22.5 }, 
            "faces": {
                "north": { "texture": "#main", "uv": [ 10, 0, 10.3125, 0.75 ] }, 
                "east":  { "texture": "#main", "uv": [ 10, 0, 10.3125, 0.75 ] }, 
                "south": { "texture": "#main", "uv": [ 10, 0, 10.3125, 0.75 ] }, 
                "west":  { "texture": "#main", "uv": [ 10, 0, 10.3125, 0.75 ] }, 
                "up":    { "texture": "#main", "uv": [ 10, 0, 10.3125, 0.3125 ] }, 
                "down":  { "texture": "#main", "uv": [ 10, 0, 10.3125, 0.3125 ] }
            }
        }, 
        {
            "name": "Arm3", 
            "from": [ 10, -12, 10.8 ], 
            "to":   [ 12, -5, 12.8 ], 
            "rotation": { "origin": [8, 8, 8], "axis": "z", "angle": 22.5 }, 
            "faces": {
                "north": { "texture": "#main", "uv": [ 10, 0, 10.25, 0.75 ] }, 
                "east":  { "texture": "#main", "uv": [ 10, 0, 10.25, 0.75 ] }, 
                "south": { "texture": "#main", "uv": [ 10, 0, 10.25, 0.75 ] }, 
                "west":  { "texture": "#main", "uv": [ 10, 0, 10.25, 0.75 ] }, 
                "up":    { "texture": "#main", "uv": [ 10, 0, 10.25, 0.25 ] }, 
                "down":  { "texture": "#main", "uv": [ 10, 0, 10.25, 0.25 ] }
            }
        }, 
        {
            "name": "Arm4", 
            "from": [ 14, -10, 3.2 ], 
            "to":   [ 16, -3, 5.2 ], 
            "faces": {
                "north": { "texture": "#main", "uv": [ 10, 0, 10.25, 0.75 ] }, 
                "east":  { "texture": "#main", "uv": [ 10, 0, 10.25, 0.75 ] }, 
                "south": { "texture": "#main", "uv": [ 10, 0, 10.25, 0.75 ] }, 
                "west":  { "texture": "#main", "uv": [ 10, 0, 10.25, 0.75 ] }, 
                "up":    { "texture": "#main", "uv": [ 10, 0, 10.25, 0.25 ] }, 
                "down":  { "texture": "#main", "uv": [ 10, 0, 10.25, 0.25 ] }
            }
        }, 
        {
            "name": "Leg1", 
            "from": [ 9, -3, 2.2 ], 
            "to":   [ 14, 4, 7.2 ], 
            "rotation": { "origin": [8, 8, 8], "axis": "z", "angle": -22.5 }, 
            "faces": {
                "north": { "texture": "#main", "uv": [ 10, 0, 10.625, 0.75 ] }, 
                "east":  { "texture": "#main", "uv": [ 10, 0, 10.625, 0.875 ] }, 
                "south": { "texture": "#main", "uv": [ 10, 0, 10.625, 0.875 ] }, 
                "west":  { "texture": "#main", "uv": [ 10, 0, 10.625, 0.875 ] }, 
                "up":    { "texture": "#main", "uv": [ 10, 0, 10.625, 0.625 ] }, 
                "down":  { "texture": "#main", "uv": [ 10, 0, 10.625, 0.625 ] }
            }
        }, 
        {
            "name": "Leg2", 
            "from": [ 9, -3, 9.2 ], 
            "to":   [ 14, 4, 14.2 ], 
            "rotation": { "origin": [8, 8, 8], "axis": "z", "angle": -22.5 }, 
            "faces": {
                "north": { "texture": "#main", "uv": [ 10, 0, 10.625, 0.875 ] }, 
                "east":  { "texture": "#main", "uv": [ 10, 0, 10.625, 0.875 ] }, 
                "south": { "texture": "#main", "uv": [ 10, 0, 10.625, 0.875 ] }, 
                "west":  { "texture": "#main", "uv": [ 10, 0, 10.625, 0.875 ] }, 
                "up":    { "texture": "#main", "uv": [ 10, 0, 10.625, 0.625 ] }, 
                "down":  { "texture": "#main", "uv": [ 10, 0, 10.625, 0.625 ] }
            }
        }, 
        {
            "name": "Leg4", 
            "from": [ 4, -10, 10.2 ], 
            "to":   [ 7, -1, 13.2 ], 
            "faces": {
                "north": { "texture": "#main", "uv": [ 10, 0, 10.375, 1.125 ] }, 
                "east":  { "texture": "#main", "uv": [ 10, 0, 10.375, 1.125 ] }, 
                "south": { "texture": "#main", "uv": [ 10, 0, 10.375, 1.125 ] }, 
                "west":  { "texture": "#main", "uv": [ 10, 0, 10.375, 1.125 ] }, 
                "up":    { "texture": "#main", "uv": [ 10, 0, 10.375, 0.375 ] }, 
                "down":  { "texture": "#main", "uv": [ 10, 0, 10.375, 0.375 ] }
            }
        }, 
        {
            "name": "Leg5", 
            "from": [ 2, -10, 3.1999999999999993 ], 
            "to":   [ 5, -1, 6.199999999999999 ], 
            "rotation": { "origin": [8, 8, 8], "axis": "z", "angle": 22.5 }, 
            "faces": {
                "north": { "texture": "#main", "uv": [ 10, 0, 10.375, 1.125 ] }, 
                "east":  { "texture": "#main", "uv": [ 10, 0, 10.375, 1.125 ] }, 
                "south": { "texture": "#main", "uv": [ 10, 0, 10.375, 1.125 ] }, 
                "west":  { "texture": "#main", "uv": [ 10, 0, 10.375, 1.125 ] }, 
                "up":    { "texture": "#main", "uv": [ 10, 0, 10.375, 0.375 ] }, 
                "down":  { "texture": "#main", "uv": [ 10, 0, 10.375, 0.375 ] }
            }
        }, 
        {
            "name": "Body", 
            "from": [ 5, 0, 4 ], 
            "to":   [ 12, 8, 12 ], 
            "faces": {
                "north": { "texture": "#main", "uv": [ 0, 8, 2, 10 ] }, 
                "east":  { "texture": "#main", "uv": [ 0, 8, 2, 10 ] }, 
                "south": { "texture": "#main", "uv": [ 0, 8, 2, 10 ] }, 
                "west":  { "texture": "#main", "uv": [ 0, 8, 2, 10 ] }, 
                "up":    { "texture": "#main", "uv": [ 2, 8, 2.875, 9 ] }, 
                "down":  { "texture": "#main", "uv": [ 4, 8, 4.875, 9 ] }
            }
        }, 
        {
            "name": "Tail1", 
            "from": [ -5, 4, 5.5 ], 
            "to":   [ 7, 9, 10.5 ], 
            "rotation": { "origin": [8, 8, 8], "axis": "z", "angle": 45 }, 
            "faces": {
                "north": { "texture": "#main", "uv": [ 0, 8, 1.5, 8.625 ] }, 
                "east":  { "texture": "#main", "uv": [ 0, 8, 0.625, 8.625 ] }, 
                "south": { "texture": "#main", "uv": [ 0, 8, 1.5, 8.625 ] }, 
                "west":  { "texture": "#main", "uv": [ 0, 8, 0.625, 8.625 ] }, 
                "up":    { "texture": "#main", "uv": [ 0, 8, 1.5, 8.625 ] }, 
                "down":  { "texture": "#main", "uv": [ 0, 8, 1.5, 8.625 ] }
            }
        }, 
        {
            "name": "Tail2", 
            "from": [ -10, -0.6, 6 ], 
            "to":   [ -2, 3.4, 10 ], 
            "rotation": { "origin": [8, 8, 8], "axis": "z", "angle": 22.5 }, 
            "faces": {
                "north": { "texture": "#main", "uv": [ 0, 8, 1, 8.5 ] }, 
                "east":  { "texture": "#main", "uv": [ 0, 8, 0.5, 8.5 ] }, 
                "south": { "texture": "#main", "uv": [ 0, 8, 1, 8.5 ] }, 
                "west":  { "texture": "#main", "uv": [ 0, 8, 0.5, 8.5 ] }, 
                "up":    { "texture": "#main", "uv": [ 0, 8, 1, 8.5 ] }, 
                "down":  { "texture": "#main", "uv": [ 0, 8, 1, 8.5 ] }
            }
        }, 
        {
            "name": "Tail3", 
            "from": [ -11, -6.6, 6.5 ], 
            "to":   [ -5, -3.5999999999999996, 9.5 ], 
            "faces": {
                "north": { "texture": "#main", "uv": [ 0, 8, 0.75, 8.375 ] }, 
                "east":  { "texture": "#main", "uv": [ 0, 8, 0.375, 8.375 ] }, 
                "south": { "texture": "#main", "uv": [ 0, 8, 0.75, 8.375 ] }, 
                "west":  { "texture": "#main", "uv": [ 0, 8, 0.375, 8.375 ] }, 
                "up":    { "texture": "#main", "uv": [ 0, 8, 0.75, 8.375 ] }, 
                "down":  { "texture": "#main", "uv": [ 0, 8, 0.75, 8.375 ] }
            }
        }, 
        {
            "name": "Chest", 
            "from": [ 12, 0, 4 ], 
            "to":   [ 19, 9, 12 ], 
            "faces": {
                "north": { "texture": "#main", "uv": [ 0, 8, 1.875, 10 ] }, 
                "east":  { "texture": "#main", "uv": [ 0, 8, 2, 10 ] }, 
                "south": { "texture": "#main", "uv": [ 0, 8, 2, 10 ] }, 
                "west":  { "texture": "#main", "uv": [ 0, 8, 2, 10 ] }, 
                "up":    { "texture": "#main", "uv": [ 2, 8, 2.875, 9 ] }, 
                "down":  { "texture": "#main", "uv": [ 4, 8, 4.875, 9 ] }
            }
        }, 
        {
            "name": "Neck", 
            "from": [ 12, -1, 5.5 ], 
            "to":   [ 22, 4, 10.5 ], 
            "rotation": { "origin": [8, 8, 8], "axis": "z", "angle": 45 }, 
            "faces": {
                "north": { "texture": "#main", "uv": [ 2, 8, 3.25, 8.625 ] }, 
                "east":  { "texture": "#main", "uv": [ 2, 8, 2.625, 8.625 ] }, 
                "south": { "texture": "#main", "uv": [ 2, 8, 3.25, 8.625 ] }, 
                "west":  { "texture": "#main", "uv": [ 2, 8, 2.625, 8.625 ] }, 
                "up":    { "texture": "#main", "uv": [ 2, 8, 3.25, 8.625 ] }, 
                "down":  { "texture": "#main", "uv": [ 2, 8, 3.25, 8.625 ] }
            }
        }, 
        {
            "name": "Head", 
            "from": [ 19, 11, 5 ], 
            "to":   [ 25, 16, 11 ], 
            "faces": {
                "north": { "texture": "#main", "uv": [ 6, 8.25, 7.125, 9.375 ] }, 
                "east":  { "texture": "#main", "uv": [ 2, 8, 2.75, 8.625 ] }, 
                "south": { "texture": "#main", "uv": [ 0.875, 10.25, 2, 11.375 ] }, 
                "west":  { "texture": "#main", "uv": [ 2, 8, 4, 8.5 ] }, 
                "up":    { "texture": "#main", "uv": [ 2, 8, 2.75, 8.75 ] }, 
                "down":  { "texture": "#main", "uv": [ 2, 8, 2.75, 8.75 ] }
            }
        }, 
        {
            "name": "Snout1", 
            "from": [ 25, 12, 5.3 ], 
            "to":   [ 30, 15, 10.8 ], 
            "faces": {
                "north": { "texture": "#main", "uv": [ 2, 8, 2.625, 8.375 ] }, 
                "east":  { "texture": "#main", "uv": [ 2, 8, 2.6875, 8.375 ] }, 
                "south": { "texture": "#main", "uv": [ 2, 8, 2.625, 8.375 ] }, 
                "west":  { "texture": "#main", "uv": [ 2, 8, 2.6875, 8.375 ] }, 
                "up":    { "texture": "#main", "uv": [ 2, 8, 2.625, 8.6875 ] }, 
                "down":  { "texture": "#main", "uv": [ 2, 8, 2.625, 8.6875 ] }
            }
        }, 
        {
            "name": "Snout2", 
            "from": [ 22, 10, 5.8 ], 
            "to":   [ 29, 12, 10.3 ], 
            "faces": {
                "north": { "texture": "#main", "uv": [ 2, 8, 2.875, 8.25 ] }, 
                "east":  { "texture": "#main", "uv": [ 2, 8, 2.5625, 8.25 ] }, 
                "south": { "texture": "#main", "uv": [ 2, 8, 2.875, 8.5 ] }, 
                "west":  { "texture": "#main", "uv": [ 2, 8, 2.5625, 8.25 ] }, 
                "up":    { "texture": "#main", "uv": [ 2, 8, 2.875, 8.5625 ] }, 
                "down":  { "texture": "#main", "uv": [ 2, 8, 2.875, 8.5625 ] }
            }
        }, 
        {
            "name": "Crest1", 
            "from": [ 22, 0, 7.5 ], 
            "to":   [ 28, 5, 8.5 ], 
            "rotation": { "origin": [8, 8, 8], "axis": "z", "angle": 45 }, 
            "faces": {
                "north": { "texture": "#main", "uv": [ 2, 10, 2.75, 10.625 ] }, 
                "east":  { "texture": "#main", "uv": [ 2, 10, 2.125, 10.625 ] }, 
                "south": { "texture": "#main", "uv": [ 2, 10, 2.75, 10.625 ] }, 
                "west":  { "texture": "#main", "uv": [ 2, 10, 2, 10.625 ] }, 
                "up":    { "texture": "#main", "uv": [ 2, 10, 2.75, 10.125 ] }, 
                "down":  { "texture": "#main", "uv": [ 2, 10, 2.75, 10.125 ] }
            }
        }, 
        {
            "name": "Crest2", 
            "from": [ 19, 19, 7 ], 
            "to":   [ 25, 22, 9 ], 
            "rotation": { "origin": [8, 8, 8], "axis": "z", "angle": -22.5 }, 
            "faces": {
                "north": { "texture": "#main", "uv": [ 2, 10, 2.75, 10.375 ] }, 
                "east":  { "texture": "#main", "uv": [ 2, 10, 2.25, 10.375 ] }, 
                "south": { "texture": "#main", "uv": [ 2, 10, 2.75, 10.375 ] }, 
                "west":  { "texture": "#main", "uv": [ 2, 10, 2.25, 10.375 ] }, 
                "up":    { "texture": "#main", "uv": [ 2, 10, 2.75, 10.25 ] }, 
                "down":  { "texture": "#main", "uv": [ 2, 10, 2.75, 10.25 ] }
            }
        }, 
        {
            "name": "Arm1", 
            "from": [ 18, 0, 3 ], 
            "to":   [ 20.5, 6, 5.5 ], 
            "rotation": { "origin": [8, 8, 8], "axis": "z", "angle": -22.5 }, 
            "faces": {
                "north": { "texture": "#main", "uv": [ 2, 8, 2.3125, 8.75 ] }, 
                "east":  { "texture": "#main", "uv": [ 2, 8, 2.3125, 8.75 ] }, 
                "south": { "texture": "#main", "uv": [ 2, 8, 2.3125, 8.75 ] }, 
                "west":  { "texture": "#main", "uv": [ 2, 8, 2.3125, 8.75 ] }, 
                "up":    { "texture": "#main", "uv": [ 2, 8, 2.3125, 8.3125 ] }, 
                "down":  { "texture": "#main", "uv": [ 2, 8, 2.3125, 8.3125 ] }
            }
        }, 
        {
            "name": "Arm2", 
            "from": [ 18, 0, 10.5 ], 
            "to":   [ 20.5, 6, 13 ], 
            "rotation": { "origin": [8, 8, 8], "axis": "z", "angle": -22.5 }, 
            "faces": {
                "north": { "texture": "#main", "uv": [ 2, 8, 2.3125, 8.75 ] }, 
                "east":  { "texture": "#main", "uv": [ 2, 8, 2.3125, 8.75 ] }, 
                "south": { "texture": "#main", "uv": [ 2, 8, 2.3125, 8.75 ] }, 
                "west":  { "texture": "#main", "uv": [ 2, 8, 2.3125, 8.75 ] }, 
                "up":    { "texture": "#main", "uv": [ 2, 8, 2.3125, 8.3125 ] }, 
                "down":  { "texture": "#main", "uv": [ 2, 8, 2.3125, 8.3125 ] }
            }
        }, 
        {
            "name": "Arm3", 
            "from": [ 14, -10, 10.8 ], 
            "to":   [ 16, -3, 12.8 ], 
            "faces": {
                "north": { "texture": "#main", "uv": [ 2, 8, 2.25, 8.75 ] }, 
                "east":  { "texture": "#main", "uv": [ 2, 8, 2.25, 8.75 ] }, 
                "south": { "texture": "#main", "uv": [ 2, 8, 2.25, 8.75 ] }, 
                "west":  { "texture": "#main", "uv": [ 2, 8, 2.25, 8.75 ] }, 
                "up":    { "texture": "#main", "uv": [ 2, 8, 2.25, 8.25 ] }, 
                "down":  { "texture": "#main", "uv": [ 2, 8, 2.25, 8.25 ] }
            }
        }, 
        {
            "name": "Arm4", 
            "from": [ 10, -12, 3.2 ], 
            "to":   [ 12, -5, 5.2 ], 
            "rotation": { "origin": [8, 8, 8], "axis": "z", "angle": 22.5 }, 
            "faces": {
                "north": { "texture": "#main", "uv": [ 2, 8, 2.25, 8.75 ] }, 
                "east":  { "texture": "#main", "uv": [ 2, 8, 2.25, 8.75 ] }, 
                "south": { "texture": "#main", "uv": [ 2, 8, 2.25, 8.75 ] }, 
                "west":  { "texture": "#main", "uv": [ 2, 8, 2.25, 8.75 ] }, 
                "up":    { "texture": "#main", "uv": [ 2, 8, 2.25, 8.25 ] }, 
                "down":  { "texture": "#main", "uv": [ 2, 8, 2.25, 8.25 ] }
            }
        }, 
        {
            "name": "Leg1", 
            "from": [ 9, -3, 2.2 ], 
            "to":   [ 14, 4, 7.2 ], 
            "rotation": { "origin": [8, 8, 8], "axis": "z", "angle": -22.5 }, 
            "faces": {
                "north": { "texture": "#main", "uv": [ 2, 8, 2.625, 8.75 ] }, 
                "east":  { "texture": "#main", "uv": [ 2, 8, 2.625, 8.875 ] }, 
                "south": { "texture": "#main", "uv": [ 2, 8, 2.625, 8.875 ] }, 
                "west":  { "texture": "#main", "uv": [ 2, 8, 2.625, 8.875 ] }, 
                "up":    { "texture": "#main", "uv": [ 2, 8, 2.625, 8.625 ] }, 
                "down":  { "texture": "#main", "uv": [ 2, 8, 2.625, 8.625 ] }
            }
        }, 
        {
            "name": "Leg2", 
            "from": [ 9, -3, 9.2 ], 
            "to":   [ 14, 4, 14.2 ], 
            "rotation": { "origin": [8, 8, 8], "axis": "z", "angle": -22.5 }, 
            "faces": {
                "north": { "texture": "#main", "uv": [ 2, 8, 2.625, 8.875 ] }, 
                "east":  { "texture": "#main", "uv": [ 2, 8, 2.625, 8.875 ] }, 
                "south": { "texture": "#main", "uv": [ 2, 8, 2.625, 8.875 ] }, 
                "west":  { "texture": "#main", "uv": [ 2, 8, 2.625, 8.875 ] }, 
                "up":    { "texture": "#main", "uv": [ 2, 8, 2.625, 8.625 ] }, 
                "down":  { "texture": "#main", "uv": [ 2, 8, 2.625, 8.625 ] }
            }
        }, 
        {
            "name": "Leg4", 
            "from": [ 2, -10, 10.2 ], 
            "to":   [ 5, -1, 13.2 ], 
            "rotation": { "origin": [8, 8, 8], "axis": "z", "angle": 22.5 }, 
            "faces": {
                "north": { "texture": "#main", "uv": [ 2, 8, 2.375, 9.125 ] }, 
                "east":  { "texture": "#main", "uv": [ 2, 8, 2.375, 9.125 ] }, 
                "south": { "texture": "#main", "uv": [ 2, 8, 2.375, 9.125 ] }, 
                "west":  { "texture": "#main", "uv": [ 2, 8, 2.375, 9.125 ] }, 
                "up":    { "texture": "#main", "uv": [ 2, 8, 2.375, 8.375 ] }, 
                "down":  { "texture": "#main", "uv": [ 2, 8, 2.375, 8.375 ] }
            }
        }, 
        {
            "name": "Leg5", 
            "from": [ 4, -10, 3.1999999999999993 ], 
            "to":   [ 7, -1, 6.199999999999999 ], 
            "faces": {
                "north": { "texture": "#main", "uv": [ 2, 8, 2.375, 9.125 ] }, 
                "east":  { "texture": "#main", "uv": [ 2, 8, 2.375, 9.125 ] }, 
                "south": { "texture": "#main", "uv": [ 2, 8, 2.375, 9.125 ] }, 
                "west":  { "texture": "#main", "uv": [ 2, 8, 2.375, 9.125 ] }, 
                "up":    { "texture": "#main", "uv": [ 2, 8, 2.375, 8.375 ] }, 
                "down":  { "texture": "#main", "uv": [ 2, 8, 2.375, 8.375 ] }
            }
        }
    ],
 "display": {
        "ground": {
            "rotation": [ 0, 0, 0 ],
            "translation": [ 0, 0, 0],
            "scale":[ 0.5, 0.5, 0.5 ]
        },
        "head": {
            "rotation": [ 0, 90, 0 ],
            "translation": [ 0, 27, 0],
            "scale":[ 5, 5, 5]
        },
        "thirdperson_righthand": {
            "rotation": [ 0, 0, 0 ],
            "translation": [ 0, 3, 1 ],
            "scale": [ 0.55, 0.55, 0.55 ]
        },
        "firstperson_righthand": {
            "rotation": [ 0, -90, 25 ],
            "translation": [ 1.13, 3.2, 1.13],
            "scale": [ 0, 0, 0 ]
           }
      }
}