{
    "pools": [
        {
            "rolls": {
                "min": 1,
                "max": 2
            },
            "entries": [
                {
                    "type": "item",
                    "name": "minecraft:leather",
                    "weight": 1,
                    "quality": 0,
                    "functions": [
                        {
                            "function": "set_count",
                            "count": {
                                "min": 1,
                                "max": 3
                            }
                        },
                        {
                            "function": "set_nbt",
                            "tag": "{display:{Name:\"Nomex\",Lore:[Fireproof Material]}}"
                        }
                    ]
                },
                {
                    "type": "item",
                    "name": "minecraft:rotten_flesh",
                    "weight": 1,
                    "quality": 0,
                    "functions": [
                        {
                            "function": "set_count",
                            "count": {
                                "min": 1,
                                "max": 5
                            }
                        },
                        {
                            "function": "set_nbt",
                            "tag": "{display:{Name:\"Rotten Bacon\",Lore:[*NomNom* Pleh Disgusting]}}"
                        }
                    ]
                }
            ]
        }
    ]
}