{
	"credit": "Made with Blockbench",
	"textures": {
		"2": "block/archaeology_workbench"
	},
	"elements": [
		{
			"from": [0, 0, 0],
			"to": [16, 16, 16],
			"faces": {
				"north": {"uv": [0, 0, 5.33312, 5.33312], "texture": "#2"},
				"east": {"uv": [0, 5.33313, 5.33312, 10.66563], "texture": "#2"},
				"south": {"uv": [5.33312, 0, 10.66562, 5.33312], "texture": "#2"},
				"west": {"uv": [10.66625, 0, 15.99937, 5.33312], "texture": "#2"},
				"up": {"uv": [5.33312, 5.33313, 10.66562, 10.66563], "texture": "#2"},
				"down": {"uv": [10.66625, 5.33313, 15.99937, 10.66563], "texture": "#2"}
			}
		}
	],
 "display": {
        "ground": {
            "rotation": [ 0, 0, 0 ],
            "translation": [ 0, 0, 0],
            "scale":[ 0.5, 0.5, 0.5 ]
        },
        "head": {
            "rotation": [ 0, 90, 0 ],
            "translation": [ 0, -30, 0],
            "scale":[ 1.7, 1.7, 1.7]
        },
        "thirdperson_righthand": {
            "rotation": [ 0, 0, 0 ],
            "translation": [ 0, 3, 1 ],
            "scale": [ 0.55, 0.55, 0.55 ]
        },
        "firstperson_righthand": {
            "rotation": [ 0, -90, 25 ],
            "translation": [ 1.13, 3.2, 1.13],
            "scale": [ 0, 0, 0 ]
           }
      }
}