{
    "__comment": "Model generated using MrCrayfish's Model Creator (http://mrcrayfish.com/modelcreator/)",
    "textures": {
        "0": "block/dark_oak_planks"
    },
    "elements": [
        {
            "name": "Cube",
            "from": [ 0.0, 0.0, -8.0 ], 
            "to": [ 16.0, 16.0, 8.0 ], 
            "faces": {
                "north": { "texture": "#0", "uv": [ 0.0, 0.0, 16.0, 16.0 ] },
                "east": { "texture": "#0", "uv": [ 0.0, 0.0, 16.0, 16.0 ] },
                "south": { "texture": "#0", "uv": [ 0.0, 0.0, 16.0, 16.0 ] },
                "west": { "texture": "#0", "uv": [ 0.0, 0.0, 16.0, 16.0 ] },
                "up": { "texture": "#0", "uv": [ 0.0, 0.0, 16.0, 16.0 ] },
                "down": { "texture": "#0", "uv": [ 0.0, 0.0, 16.0, 16.0 ] }
            }
        },
        {
            "name": "Cube",
            "from": [ 0.0, 0.0, 8.0 ], 
            "to": [ 16.0, 16.0, 24.0 ], 
            "faces": {
                "north": { "texture": "#0", "uv": [ 0.0, 0.0, 16.0, 16.0 ] },
                "east": { "texture": "#0", "uv": [ 0.0, 0.0, 16.0, 16.0 ] },
                "south": { "texture": "#0", "uv": [ 0.0, 0.0, 16.0, 16.0 ] },
                "west": { "texture": "#0", "uv": [ 0.0, 0.0, 16.0, 16.0 ] },
                "up": { "texture": "#0", "uv": [ 0.0, 0.0, 16.0, 16.0 ] },
                "down": { "texture": "#0", "uv": [ 0.0, 0.0, 16.0, 16.0 ] }
            }
        },
        {
            "name": "Cube",
            "from": [ 9.0, 0.0, -9.8 ], 
            "to": [ 17.0, 15.9, 6.199999999999999 ], 
            "rotation": { "origin": [ 8.0, 8.0, 8.0 ], "axis": "y", "angle": -22.5 },
            "faces": {
                "north": { "texture": "#0", "uv": [ 0.0, 0.0, 8.0, 15.9 ] },
                "east": { "texture": "#0", "uv": [ 0.0, 0.0, 16.0, 15.9 ] },
                "south": { "texture": "#0", "uv": [ 0.0, 0.0, 8.0, 15.9 ] },
                "west": { "texture": "#0", "uv": [ 0.0, 0.0, 16.0, 15.9 ] },
                "up": { "texture": "#0", "uv": [ 0.0, 0.0, 8.0, 16.0 ] },
                "down": { "texture": "#0", "uv": [ 0.0, 0.0, 8.0, 16.0 ] }
            }
        },
        {
            "name": "Cube",
            "from": [ 9.0, 0.0, 6.2 ], 
            "to": [ 17.0, 15.9, 21.2 ], 
            "rotation": { "origin": [ 8.0, 8.0, 8.0 ], "axis": "y", "angle": -22.5 },
            "faces": {
                "north": { "texture": "#0", "uv": [ 0.0, 0.0, 8.0, 15.9 ] },
                "east": { "texture": "#0", "uv": [ 0.0, 0.0, 15.0, 15.9 ] },
                "south": { "texture": "#0", "uv": [ 0.0, 0.0, 8.0, 15.9 ] },
                "west": { "texture": "#0", "uv": [ 0.0, 0.0, 15.0, 15.9 ] },
                "up": { "texture": "#0", "uv": [ 0.0, 0.0, 8.0, 15.0 ] },
                "down": { "texture": "#0", "uv": [ 0.0, 0.0, 8.0, 15.0 ] }
            }
        },
        {
            "name": "Cube",
            "from": [ -1.0, 0.0, -9.8 ], 
            "to": [ 7.0, 15.9, 6.199999999999999 ], 
            "rotation": { "origin": [ 8.0, 8.0, 8.0 ], "axis": "y", "angle": 22.5 },
            "faces": {
                "north": { "texture": "#0", "uv": [ 0.0, 0.0, 8.0, 15.9 ] },
                "east": { "texture": "#0", "uv": [ 0.0, 0.0, 16.0, 15.9 ] },
                "south": { "texture": "#0", "uv": [ 0.0, 0.0, 8.0, 15.9 ] },
                "west": { "texture": "#0", "uv": [ 0.0, 0.0, 16.0, 15.9 ] },
                "up": { "texture": "#0", "uv": [ 0.0, 0.0, 8.0, 16.0 ] },
                "down": { "texture": "#0", "uv": [ 0.0, 0.0, 8.0, 16.0 ] }
            }
        },
        {
            "name": "Cube",
            "from": [ -1.0, 0.0, 6.2 ], 
            "to": [ 7.0, 15.9, 21.2 ], 
            "rotation": { "origin": [ 8.0, 8.0, 8.0 ], "axis": "y", "angle": 22.5 },
            "faces": {
                "north": { "texture": "#0", "uv": [ 0.0, 0.0, 8.0, 15.9 ] },
                "east": { "texture": "#0", "uv": [ 0.0, 0.0, 15.0, 15.9 ] },
                "south": { "texture": "#0", "uv": [ 0.0, 0.0, 8.0, 15.9 ] },
                "west": { "texture": "#0", "uv": [ 0.0, 0.0, 15.0, 15.9 ] },
                "up": { "texture": "#0", "uv": [ 0.0, 0.0, 8.0, 15.0 ] },
                "down": { "texture": "#0", "uv": [ 0.0, 0.0, 8.0, 15.0 ] }
            }
        }
    ]
}