{
    "__comment": "Model generated using MrCrayfish's Model Creator (http://mrcrayfish.com/modelcreator/)",
    "textures": {
        "0": "block/obsidian",
        "1": "block/gold_block"
    },
    "elements": [
        {
            "name": "Leg1",
            "from": [ 4.0, -4.0, 6.0 ], 
            "to": [ 8.0, 8.0, 10.0 ], 
            "faces": {
                "north": { "texture": "#0", "uv": [ 4.0, 1.0, 8.0, 13.0 ] },
                "east": { "texture": "#0", "uv": [ 9.0, 1.0, 13.0, 13.0 ] },
                "south": { "texture": "#0", "uv": [ 5.0, 4.0, 9.0, 16.0 ] },
                "west": { "texture": "#0", "uv": [ 7.0, 3.0, 11.0, 15.0 ] },
                "up": { "texture": "#0", "uv": [ 0.0, 0.0, 4.0, 4.0 ] },
                "down": { "texture": "#0", "uv": [ 0.0, 0.0, 4.0, 4.0 ] }
            }
        },
        {
            "name": "Leg2",
            "from": [ 8.0, -4.0, 6.0 ], 
            "to": [ 12.0, 8.0, 10.0 ], 
            "faces": {
                "north": { "texture": "#0", "uv": [ 5.0, 4.0, 9.0, 16.0 ] },
                "east": { "texture": "#0", "uv": [ 10.0, 4.0, 14.0, 16.0 ] },
                "south": { "texture": "#0", "uv": [ 2.0, 4.0, 6.0, 16.0 ] },
                "west": { "texture": "#0", "uv": [ 9.0, 4.0, 13.0, 16.0 ] },
                "up": { "texture": "#0", "uv": [ 4.0, 2.0, 8.0, 6.0 ] },
                "down": { "texture": "#0", "uv": [ 5.0, 4.0, 9.0, 8.0 ] }
            }
        },
        {
            "name": "Body",
            "from": [ 4.0, 8.0, 6.0 ], 
            "to": [ 12.0, 20.0, 10.0 ], 
            "faces": {
                "north": { "texture": "#0", "uv": [ 5.0, 2.0, 13.0, 14.0 ] },
                "east": { "texture": "#0", "uv": [ 3.0, 1.0, 7.0, 13.0 ] },
                "south": { "texture": "#0", "uv": [ 8.0, 4.0, 16.0, 16.0 ] },
                "west": { "texture": "#0", "uv": [ 3.0, 3.0, 7.0, 15.0 ] },
                "up": { "texture": "#0", "uv": [ 6.0, 6.0, 14.0, 10.0 ] },
                "down": { "texture": "#0", "uv": [ 3.0, 2.0, 11.0, 6.0 ] }
            }
        },
        {
            "name": "Arm1",
            "from": [ 0.0, 7.0, 6.0 ], 
            "to": [ 4.0, 20.0, 10.0 ], 
            "faces": {
                "north": { "texture": "#0", "uv": [ 7.0, 2.0, 11.0, 15.0 ] },
                "east": { "texture": "#0", "uv": [ 3.0, 3.0, 7.0, 16.0 ] },
                "south": { "texture": "#0", "uv": [ 12.0, 0.0, 16.0, 13.0 ] },
                "west": { "texture": "#0", "uv": [ 4.0, 2.0, 8.0, 15.0 ] },
                "up": { "texture": "#0", "uv": [ 8.0, 4.0, 12.0, 8.0 ] },
                "down": { "texture": "#0", "uv": [ 1.0, 1.0, 5.0, 5.0 ] }
            }
        },
        {
            "name": "Arm2",
            "from": [ 12.0, 7.0, 6.0 ], 
            "to": [ 16.0, 20.0, 10.0 ], 
            "faces": {
                "north": { "texture": "#0", "uv": [ 6.0, 3.0, 10.0, 16.0 ] },
                "east": { "texture": "#0", "uv": [ 8.0, 0.0, 12.0, 13.0 ] },
                "south": { "texture": "#0", "uv": [ 4.0, 3.0, 8.0, 16.0 ] },
                "west": { "texture": "#0", "uv": [ 3.0, 1.0, 7.0, 14.0 ] },
                "up": { "texture": "#0", "uv": [ 11.0, 4.0, 15.0, 8.0 ] },
                "down": { "texture": "#0", "uv": [ 8.0, 5.0, 12.0, 9.0 ] }
            }
        },
        {
            "name": "Head",
            "from": [ 4.0, 20.0, 4.0 ], 
            "to": [ 12.0, 28.0, 12.0 ], 
            "faces": {
                "north": { "texture": "#0", "uv": [ 4.0, 2.0, 12.0, 10.0 ] },
                "east": { "texture": "#0", "uv": [ 1.0, 3.0, 9.0, 11.0 ] },
                "south": { "texture": "#0", "uv": [ 6.0, 4.0, 14.0, 12.0 ] },
                "west": { "texture": "#0", "uv": [ 2.0, 3.0, 10.0, 11.0 ] },
                "up": { "texture": "#0", "uv": [ 4.0, 2.0, 12.0, 10.0 ] },
                "down": { "texture": "#0", "uv": [ 5.0, 4.0, 13.0, 12.0 ] }
            }
        },
        {
            "name": "Snout",
            "from": [ 5.0, 20.0, 12.0 ], 
            "to": [ 11.0, 25.0, 18.0 ], 
            "faces": {
                "north": { "texture": "#0", "uv": [ 6.0, 6.0, 12.0, 11.0 ] },
                "east": { "texture": "#0", "uv": [ 1.0, 6.0, 7.0, 11.0 ] },
                "south": { "texture": "#0", "uv": [ 8.0, 6.0, 12.0, 11.0 ] },
                "west": { "texture": "#0", "uv": [ 3.0, 7.0, 9.0, 12.0 ] },
                "up": { "texture": "#0", "uv": [ 6.0, 7.0, 12.0, 13.0 ] },
                "down": { "texture": "#0", "uv": [ 3.0, 4.0, 9.0, 10.0 ] }
            }
        },
        {
            "name": "Cube",
            "from": [ 1.0, 8.0, 3.0 ], 
            "to": [ 3.0, 10.0, 19.0 ], 
            "rotation": { "origin": [ 8.0, 8.0, 8.0 ], "axis": "x", "angle": -22.5 },
            "faces": {
                "north": { "texture": "#1", "uv": [ 6.0, 7.0, 8.0, 9.0 ] },
                "east": { "texture": "#1", "uv": [ 0.0, 7.0, 16.0, 9.0 ] },
                "south": { "texture": "#1", "uv": [ 8.0, 5.0, 10.0, 7.0 ] },
                "west": { "texture": "#1", "uv": [ 0.0, 6.0, 16.0, 8.0 ] },
                "up": { "texture": "#1", "uv": [ 6.0, 0.0, 8.0, 16.0 ] },
                "down": { "texture": "#1", "uv": [ 6.0, 0.0, 8.0, 16.0 ] }
            }
        }
    ],
 "display": {
        "ground": {
            "rotation": [ 0, 0, 0 ],
            "translation": [ 0, 0, 0],
            "scale":[ 0.5, 0.5, 0.5 ]
        },
        "head": {
            "rotation": [ 0, 180, 0 ],
            "translation": [ 0, -25, 0],
            "scale":[ 1.7, 1.7, 1.7]
        },
        "thirdperson_righthand": {
            "rotation": [ 0, 0, 0 ],
            "translation": [ 0, 3, 1 ],
            "scale": [ 0.55, 0.55, 0.55 ]
        },
        "firstperson_righthand": {
            "rotation": [ 0, -90, 25 ],
            "translation": [ 1.13, 3.2, 1.13],
            "scale": [ 0, 0, 0 ]
           }
      }
}