{
    "__comment": "Model generated using MrCrayfish's Model Creator (http://mrcrayfish.com/modelcreator/)",
    "textures": {
        "0": "block/dna_analyzer_side",
        "1": "block/light_blue_stained_glass"
    },
    "elements": [
        {
            "name": "Cube",
            "from": [ 0.0, 0.0, 0.0 ], 
            "to": [ 1.0, 32.0, 1.0 ], 
            "faces": {
                "north": { "texture": "#0", "uv": [ 0.0, 0.0, 1.0, 16.0 ] },
                "east": { "texture": "#0", "uv": [ 0.0, 0.0, 1.0, 16.0 ] },
                "south": { "texture": "#0", "uv": [ 0.0, 0.0, 1.0, 16.0 ] },
                "west": { "texture": "#0", "uv": [ 0.0, 0.0, 1.0, 16.0 ] },
                "up": { "texture": "#0", "uv": [ 0.0, 0.0, 1.0, 1.0 ] },
                "down": { "texture": "#0", "uv": [ 0.0, 0.0, 1.0, 1.0 ] }
            }
        },
        {
            "name": "Cube",
            "from": [ 15.0, 0.0, 0.0 ], 
            "to": [ 16.0, 32.0, 1.0 ], 
            "faces": {
                "north": { "texture": "#0", "uv": [ 0.0, 0.0, 1.0, 16.0 ] },
                "east": { "texture": "#0", "uv": [ 0.0, 0.0, 1.0, 16.0 ] },
                "south": { "texture": "#0", "uv": [ 0.0, 0.0, 1.0, 16.0 ] },
                "west": { "texture": "#0", "uv": [ 0.0, 0.0, 1.0, 16.0 ] },
                "up": { "texture": "#0", "uv": [ 0.0, 0.0, 1.0, 1.0 ] },
                "down": { "texture": "#0", "uv": [ 0.0, 0.0, 1.0, 1.0 ] }
            }
        },
        {
            "name": "Cube",
            "from": [ 15.0, 0.0, 15.0 ], 
            "to": [ 16.0, 32.0, 16.0 ], 
            "faces": {
                "north": { "texture": "#0", "uv": [ 0.0, 0.0, 1.0, 16.0 ] },
                "east": { "texture": "#0", "uv": [ 0.0, 0.0, 1.0, 16.0 ] },
                "south": { "texture": "#0", "uv": [ 0.0, 0.0, 1.0, 16.0 ] },
                "west": { "texture": "#0", "uv": [ 0.0, 0.0, 1.0, 16.0 ] },
                "up": { "texture": "#0", "uv": [ 0.0, 0.0, 1.0, 1.0 ] },
                "down": { "texture": "#0", "uv": [ 0.0, 0.0, 1.0, 1.0 ] }
            }
        },
        {
            "name": "Cube",
            "from": [ 0.0, 0.0, 15.0 ], 
            "to": [ 1.0, 32.0, 16.0 ], 
            "faces": {
                "north": { "texture": "#0", "uv": [ 0.0, 0.0, 1.0, 16.0 ] },
                "east": { "texture": "#0", "uv": [ 0.0, 0.0, 1.0, 16.0 ] },
                "south": { "texture": "#0", "uv": [ 0.0, 0.0, 1.0, 16.0 ] },
                "west": { "texture": "#0", "uv": [ 0.0, 0.0, 1.0, 16.0 ] },
                "up": { "texture": "#0", "uv": [ 0.0, 0.0, 1.0, 1.0 ] },
                "down": { "texture": "#0", "uv": [ 0.0, 0.0, 1.0, 1.0 ] }
            }
        },
        {
            "name": "Cube",
            "from": [ 0.0, 0.0, 1.0 ], 
            "to": [ 1.0, 1.0, 15.0 ], 
            "faces": {
                "north": { "texture": "#0", "uv": [ 0.0, 0.0, 1.0, 1.0 ] },
                "east": { "texture": "#0", "uv": [ 0.0, 0.0, 14.0, 1.0 ] },
                "south": { "texture": "#0", "uv": [ 0.0, 0.0, 1.0, 1.0 ] },
                "west": { "texture": "#0", "uv": [ 0.0, 0.0, 14.0, 1.0 ] },
                "up": { "texture": "#0", "uv": [ 0.0, 0.0, 1.0, 14.0 ] },
                "down": { "texture": "#0", "uv": [ 0.0, 0.0, 1.0, 14.0 ] }
            }
        },
        {
            "name": "Cube",
            "from": [ 0.0, 31.0, 1.0 ], 
            "to": [ 1.0, 32.0, 15.0 ], 
            "faces": {
                "north": { "texture": "#0", "uv": [ 0.0, 0.0, 1.0, 1.0 ] },
                "east": { "texture": "#0", "uv": [ 0.0, 0.0, 14.0, 1.0 ] },
                "south": { "texture": "#0", "uv": [ 0.0, 0.0, 1.0, 1.0 ] },
                "west": { "texture": "#0", "uv": [ 0.0, 0.0, 14.0, 1.0 ] },
                "up": { "texture": "#0", "uv": [ 0.0, 0.0, 1.0, 14.0 ] },
                "down": { "texture": "#0", "uv": [ 0.0, 0.0, 1.0, 14.0 ] }
            }
        },
        {
            "name": "Cube",
            "from": [ 15.0, 31.0, 1.0 ], 
            "to": [ 16.0, 32.0, 15.0 ], 
            "faces": {
                "north": { "texture": "#0", "uv": [ 0.0, 0.0, 1.0, 1.0 ] },
                "east": { "texture": "#0", "uv": [ 0.0, 0.0, 14.0, 1.0 ] },
                "south": { "texture": "#0", "uv": [ 0.0, 0.0, 1.0, 1.0 ] },
                "west": { "texture": "#0", "uv": [ 0.0, 0.0, 14.0, 1.0 ] },
                "up": { "texture": "#0", "uv": [ 0.0, 0.0, 1.0, 14.0 ] },
                "down": { "texture": "#0", "uv": [ 0.0, 0.0, 1.0, 14.0 ] }
            }
        },
        {
            "name": "Cube",
            "from": [ 15.0, 0.0, 1.0 ], 
            "to": [ 16.0, 1.0, 15.0 ], 
            "faces": {
                "north": { "texture": "#0", "uv": [ 0.0, 0.0, 1.0, 1.0 ] },
                "east": { "texture": "#0", "uv": [ 0.0, 0.0, 14.0, 1.0 ] },
                "south": { "texture": "#0", "uv": [ 0.0, 0.0, 1.0, 1.0 ] },
                "west": { "texture": "#0", "uv": [ 0.0, 0.0, 14.0, 1.0 ] },
                "up": { "texture": "#0", "uv": [ 0.0, 0.0, 1.0, 14.0 ] },
                "down": { "texture": "#0", "uv": [ 0.0, 0.0, 1.0, 14.0 ] }
            }
        },
        {
            "name": "Cube",
            "from": [ 1.0, 0.0, 0.0 ], 
            "to": [ 15.0, 1.0, 1.0 ], 
            "faces": {
                "north": { "texture": "#0", "uv": [ 0.0, 0.0, 14.0, 1.0 ] },
                "east": { "texture": "#0", "uv": [ 0.0, 0.0, 1.0, 1.0 ] },
                "south": { "texture": "#0", "uv": [ 0.0, 0.0, 14.0, 1.0 ] },
                "west": { "texture": "#0", "uv": [ 0.0, 0.0, 1.0, 1.0 ] },
                "up": { "texture": "#0", "uv": [ 0.0, 0.0, 14.0, 1.0 ] },
                "down": { "texture": "#0", "uv": [ 0.0, 0.0, 14.0, 1.0 ] }
            }
        },
        {
            "name": "Cube",
            "from": [ 1.0, 31.0, 0.0 ], 
            "to": [ 15.0, 32.0, 1.0 ], 
            "faces": {
                "north": { "texture": "#0", "uv": [ 0.0, 0.0, 14.0, 1.0 ] },
                "east": { "texture": "#0", "uv": [ 0.0, 0.0, 1.0, 1.0 ] },
                "south": { "texture": "#0", "uv": [ 0.0, 0.0, 14.0, 1.0 ] },
                "west": { "texture": "#0", "uv": [ 0.0, 0.0, 1.0, 1.0 ] },
                "up": { "texture": "#0", "uv": [ 0.0, 0.0, 14.0, 1.0 ] },
                "down": { "texture": "#0", "uv": [ 0.0, 0.0, 14.0, 1.0 ] }
            }
        },
        {
            "name": "Cube",
            "from": [ 1.0, 31.0, 15.0 ], 
            "to": [ 15.0, 32.0, 16.0 ], 
            "faces": {
                "north": { "texture": "#0", "uv": [ 0.0, 0.0, 14.0, 1.0 ] },
                "east": { "texture": "#0", "uv": [ 0.0, 0.0, 1.0, 1.0 ] },
                "south": { "texture": "#0", "uv": [ 0.0, 0.0, 14.0, 1.0 ] },
                "west": { "texture": "#0", "uv": [ 0.0, 0.0, 1.0, 1.0 ] },
                "up": { "texture": "#0", "uv": [ 0.0, 0.0, 14.0, 1.0 ] },
                "down": { "texture": "#0", "uv": [ 0.0, 0.0, 14.0, 1.0 ] }
            }
        },
        {
            "name": "Cube",
            "from": [ 1.0, 0.0, 15.0 ], 
            "to": [ 15.0, 1.0, 16.0 ], 
            "faces": {
                "north": { "texture": "#0", "uv": [ 0.0, 0.0, 14.0, 1.0 ] },
                "east": { "texture": "#0", "uv": [ 0.0, 0.0, 1.0, 1.0 ] },
                "south": { "texture": "#0", "uv": [ 0.0, 0.0, 14.0, 1.0 ] },
                "west": { "texture": "#0", "uv": [ 0.0, 0.0, 1.0, 1.0 ] },
                "up": { "texture": "#0", "uv": [ 0.0, 0.0, 14.0, 1.0 ] },
                "down": { "texture": "#0", "uv": [ 0.0, 0.0, 14.0, 1.0 ] }
            }
        },
        {
            "name": "Cube",
            "from": [ 1.0, 0.0, 1.0 ], 
            "to": [ 15.0, 16.0, 15.0 ], 
            "faces": {
                "north": { "texture": "#0", "uv": [ 1.0, 0.0, 15.0, 16.0 ] },
                "east": { "texture": "#0", "uv": [ 1.0, 0.0, 15.0, 16.0 ] },
                "south": { "texture": "#0", "uv": [ 1.0, 0.0, 15.0, 16.0 ] },
                "west": { "texture": "#0", "uv": [ 1.0, 0.0, 15.0, 16.0 ] },
                "up": { "texture": "#0", "uv": [ 1.0, 1.0, 15.0, 15.0 ] },
                "down": { "texture": "#0", "uv": [ 1.0, 1.0, 15.0, 15.0 ] }
            }
        },
        {
            "name": "Cube",
            "from": [ 1.0, 16.0, 1.0 ], 
            "to": [ 15.0, 31.0, 15.0 ], 
            "faces": {
                "north": { "texture": "#1", "uv": [ 1.0, 0.0, 15.0, 15.0 ] },
                "east": { "texture": "#1", "uv": [ 1.0, 0.0, 15.0, 15.0 ] },
                "south": { "texture": "#1", "uv": [ 1.0, 0.0, 15.0, 15.0 ] },
                "west": { "texture": "#1", "uv": [ 1.0, 0.0, 15.0, 15.0 ] },
                "up": { "texture": "#1", "uv": [ 1.0, 1.0, 15.0, 15.0 ] },
                "down": { "texture": "#1", "uv": [ 1.0, 1.0, 15.0, 15.0 ] }
            }
        }
    ],
 "display": {
        "ground": {
            "rotation": [ 0, 0, 0 ],
            "translation": [ 0, 0, 0],
            "scale":[ 0.5, 0.5, 0.5 ]
        },
        "head": {
            "rotation": [ 0, 90, 0 ],
            "translation": [ 0, -30, 0],
            "scale":[ 1.7, 1.7, 1.7]
        },
        "thirdperson_righthand": {
            "rotation": [ 0, 0, 0 ],
            "translation": [ 0, 3, 1 ],
            "scale": [ 0.55, 0.55, 0.55 ]
        },
        "firstperson_righthand": {
            "rotation": [ 0, -90, 25 ],
            "translation": [ 1.13, 3.2, 1.13],
            "scale": [ 0, 0, 0 ]
           }
      }
}