{
    "__comment": "Model generated using MrCrayfish's Model Creator (http://mrcrayfish.com/modelcreator/)",
    "textures": {
        "0": "dinododo:entity/corythosaurus/body",
        "1": "dinododo:entity/corythosaurus/starttail",
        "2": "dinododo:entity/corythosaurus/middletail",
        "3": "dinododo:entity/corythosaurus/endtail",
        "4": "dinododo:entity/corythosaurus/chest",
        "5": "dinododo:entity/corythosaurus/neck",
        "6": "dinododo:entity/corythosaurus/head",
        "7": "dinododo:entity/corythosaurus/snout_r",
        "8": "dinododo:entity/corythosaurus/snout_l",
        "9": "dinododo:entity/corythosaurus/crest_l",
        "10": "dinododo:entity/corythosaurus/crest_r",
        "11": "dinododo:entity/corythosaurus/arm",
        "12": "dinododo:entity/corythosaurus/leg"
    },
    "elements": [
        {
            "name": "Body",
            "from": [ 5.0, 0.0, 4.0 ],
            "to": [ 12.0, 8.0, 12.0 ],
            "faces": {
                "north": { "texture": "#0", "uv": [ 0.0, 0.0, 4.0, 8.0 ] },
                "east": { "texture": "#0", "uv": [ 4.0, 0.0, 8.0, 8.0 ] },
                "south": { "texture": "#0", "uv": [ 8.0, 0.0, 12.0, 8.0 ] },
                "west": { "texture": "#0", "uv": [ 12.0, 0.0, 16.0, 8.0 ] },
                "up": { "texture": "#0", "uv": [ 0.0, 8.0, 4.0, 15.0 ] },
                "down": { "texture": "#0", "uv": [ 8.0, 8.0, 12.0, 15.0 ] }
            }
        },
        {
            "name": "Tail1",
            "from": [ -5.0, 4.0, 5.5 ],
            "to": [ 7.0, 9.0, 10.5 ],
            "rotation": { "origin": [ 8.0, 8.0, 8.0 ], "axis": "z", "angle": 45.0 },
            "faces": {
                "north": { "texture": "#1", "uv": [ 0.0, 0.0, 3.0, 5.0 ] },
                "east": { "texture": "#1", "uv": [ 3.0, 0.0, 4.5, 5.0 ] },
                "south": { "texture": "#1", "uv": [ 4.0, 0.0, 7.0, 5.0 ] },
                "west": { "texture": "#1", "uv": [ 7.0, 0.0, 8.5, 5.0 ] },
                "up": { "texture": "#1", "uv": [ 0.0, 5.0, 3.0, 10.0 ] },
                "down": { "texture": "#1", "uv": [ 6.5, 5.0, 9.5, 10.0 ] }
            }
        },
        {
            "name": "Tail2",
            "from": [ -10.0, -0.6, 6.0 ],
            "to": [ -2.0, 3.4, 10.0 ],
            "rotation": { "origin": [ 8.0, 8.0, 8.0 ], "axis": "z", "angle": 22.5 },
            "faces": {
                "north": { "texture": "#2", "uv": [ 0.0, 0.0, 4.0, 4.0 ] },
                "east": { "texture": "#2", "uv": [ 4.0, 0.0, 6.0, 4.0 ] },
                "south": { "texture": "#2", "uv": [ 6.0, 0.0, 10.0, 4.0 ] },
                "west": { "texture": "#2", "uv": [ 10.0, 0.0, 12.0, 4.0 ] },
                "up": { "texture": "#2", "uv": [ 0.0, 4.0, 4.0, 8.0 ] },
                "down": { "texture": "#2", "uv": [ 6.0, 4.0, 10.0, 8.0 ] }
            }
        },
        {
            "name": "Tail3",
            "from": [ -11.0, -6.6, 6.5 ],
            "to": [ -5.0, -3.5999999999999996, 9.5 ],
            "faces": {
                "north": { "texture": "#3", "uv": [ 0.0, 0.0, 3.5, 3.0 ] },
                "east": { "texture": "#3", "uv": [ 3.0, 0.0, 5.0, 3.0 ] },
                "south": { "texture": "#3", "uv": [ 5.0, 0.0, 8.5, 3.0 ] },
                "west": { "texture": "#3", "uv": [ 8.5, 0.0, 10.0, 3.0 ] },
                "up": { "texture": "#3", "uv": [ 0.0, 3.0, 3.5, 6.0 ] },
                "down": { "texture": "#3", "uv": [ 5.0, 3.0, 8.5, 6.0 ] }
            }
        },
        {
            "name": "Chest",
            "from": [ 12.0, 0.0, 4.0 ],
            "to": [ 19.0, 9.0, 12.0 ],
            "faces": {
                "north": { "texture": "#4", "uv": [ 0.0, 0.0, 4.0, 4.5 ] },
                "east": { "texture": "#4", "uv": [ 4.0, 0.0, 8.0, 4.5 ] },
                "south": { "texture": "#4", "uv": [ 8.0, 0.0, 12.0, 4.5 ] },
                "west": { "texture": "#4", "uv": [ 12.0, 0.0, 16.0, 4.5 ] },
                "up": { "texture": "#4", "uv": [ 0.0, 4.5, 4.0, 8.5 ] },
                "down": { "texture": "#4", "uv": [ 8.0, 4.5, 12.0, 8.5 ] }
            }
        },
        {
            "name": "Neck",
            "from": [ 12.0, -1.0, 5.5 ],
            "to": [ 22.0, 4.0, 10.5 ],
            "rotation": { "origin": [ 8.0, 8.0, 8.0 ], "axis": "z", "angle": 45.0 },
            "faces": {
                "north": { "texture": "#5", "uv": [ 0.0, 0.0, 5.0, 5.0 ] },
                "east": { "texture": "#5", "uv": [ 5.0, 0.0, 7.5, 5.0 ] },
                "south": { "texture": "#5", "uv": [ 7.5, 0.0, 12.5, 5.0 ] },
                "west": { "texture": "#5", "uv": [ 12.5, 0.0, 15.0, 5.0 ] },
                "up": { "texture": "#5", "uv": [ 0.0, 5.0, 5.0, 10.0 ] },
                "down": { "texture": "#5", "uv": [ 7.5, 5.0, 12.5, 10.0 ] }
            }
        },
        {
            "name": "Head",
            "from": [ 19.0, 11.0, 5.0 ],
            "to": [ 25.0, 16.0, 11.0 ],
            "faces": {
                "north": { "texture": "#6", "uv": [ 0.0, 0.0, 3.0, 5.0 ] },
                "east": { "texture": "#6", "uv": [ 3.0, 0.0, 6.0, 5.0 ] },
                "south": { "texture": "#6", "uv": [ 6.0, 0.0, 9.0, 5.0 ] },
                "west": { "texture": "#6", "uv": [ 9.0, 0.0, 12.0, 5.0 ] },
                "up": { "texture": "#6", "uv": [ 0.0, 5.0, 3.0, 10.0 ] },
                "down": { "texture": "#6", "uv": [ 6.0, 5.0, 9.0, 10.0 ] }
            }
        },
        {
            "name": "Snout1",
            "from": [ 25.0, 12.0, 5.3 ],
            "to": [ 30.0, 15.0, 10.8 ],
            "faces": {
                "north": { "texture": "#7", "uv": [ 0.0, 0.0, 2.5, 3.0 ] },
                "east": { "texture": "#7", "uv": [ 0.0, 0.0, 2.5, 3.0 ] },
                "south": { "texture": "#7", "uv": [ 7.0, 0.0, 10.5, 3.0 ] },
                "west": { "texture": "#7", "uv": [ 7.0, 0.0, 9.5, 3.0 ] },
                "up": { "texture": "#7", "uv": [ 0.0, 3.0, 2.5, 6.0 ] },
                "down": { "texture": "#7", "uv": [ 0.0, 0.0, 2.0, 2.5 ] }
            }
        },
        {
            "name": "Snout2",
            "from": [ 22.0, 10.0, 5.8 ],
            "to": [ 29.0, 12.0, 10.3 ],
            "faces": {
                "north": { "texture": "#8", "uv": [ 0.0, 0.0, 4.0, 2.0 ] },
                "east": { "texture": "#8", "uv": [ 4.0, 0.0, 6.5, 2.0 ] },
                "south": { "texture": "#8", "uv": [ 5.5, 0.0, 9.5, 2.0 ] },
                "west": { "texture": "#8", "uv": [ 5.5, 0.0, 8.0, 2.0 ] },
                "up": { "texture": "#8", "uv": [ 0.0, 0.0, 4.0, 3.5 ] },
                "down": { "texture": "#8", "uv": [ 5.0, 2.0, 7.5, 6.5 ] }
            }
        },
        {
            "name": "Crest1",
            "from": [ 22.0, 0.0, 7.5 ],
            "to": [ 28.0, 5.0, 8.5 ],
            "rotation": { "origin": [ 8.0, 8.0, 8.0 ], "axis": "z", "angle": 45.0 },
            "faces": {
                "north": { "texture": "#9", "uv": [ 0.0, 0.0, 6.0, 5.0 ] },
                "east": { "texture": "#9", "uv": [ 6.0, 0.0, 7.0, 5.0 ] },
                "south": { "texture": "#9", "uv": [ 7.0, 0.0, 13.0, 5.0 ] },
                "west": { "texture": "#9", "uv": [ 13.0, 0.0, 14.0, 5.0 ] },
                "up": { "texture": "#9", "uv": [ 0.0, 5.0, 6.0, 6.0 ] },
                "down": { "texture": "#9", "uv": [ 7.0, 5.0, 13.0, 6.0 ] }
            }
        },
        {
            "name": "Crest2",
            "from": [ 19.0, 19.0, 7.0 ],
            "to": [ 25.0, 22.0, 9.0 ],
            "rotation": { "origin": [ 8.0, 8.0, 8.0 ], "axis": "z", "angle": -22.5 },
            "faces": {
                "north": { "texture": "#10", "uv": [ 0.0, 0.0, 3.0, 3.0 ] },
                "east": { "texture": "#10", "uv": [ 3.5, 0.0, 4.5, 3.0 ] },
                "south": { "texture": "#10", "uv": [ 5.0, 0.0, 8.0, 3.0 ] },
                "west": { "texture": "#10", "uv": [ 0.0, 0.0, 2.0, 3.0 ] },
                "up": { "texture": "#10", "uv": [ 0.0, 0.0, 6.0, 2.0 ] },
                "down": { "texture": "#10", "uv": [ 0.0, 0.0, 6.0, 2.0 ] }
            }
        },
        {
            "name": "Arm1",
            "from": [ 18.0, 0.0, 3.0 ],
            "to": [ 20.5, 6.0, 5.5 ],
            "rotation": { "origin": [ 8.0, 8.0, 8.0 ], "axis": "z", "angle": -22.5 },
            "faces": {
                "north": { "texture": "#11", "uv": [ 0.0, 0.0, 1.5, 6.0 ] },
                "east": { "texture": "#11", "uv": [ 1.5, 0.0, 3.0, 6.0 ] },
                "south": { "texture": "#11", "uv": [ 4.5, 0.0, 3.0, 6.0 ] },
                "west": { "texture": "#11", "uv": [ 4.5, 0.0, 6.0, 6.0 ] },
                "up": { "texture": "#11", "uv": [ 0.0, 6.0, 1.5, 7.5 ] },
                "down": { "texture": "#11", "uv": [ 3.0, 6.0, 4.5, 7.5 ] }
            }
        },
        {
            "name": "Arm2",
            "from": [ 18.0, 0.0, 10.5 ],
            "to": [ 20.5, 6.0, 13.0 ],
            "rotation": { "origin": [ 8.0, 8.0, 8.0 ], "axis": "z", "angle": -22.5 },
            "faces": {
                "north": { "texture": "#11", "uv": [ 0.0, 0.0, 1.5, 6.0 ] },
                "east": { "texture": "#11", "uv": [ 1.5, 0.0, 3.0, 6.0 ] },
                "south": { "texture": "#11", "uv": [ 3.0, 0.0, 4.5, 6.0 ] },
                "west": { "texture": "#11", "uv": [ 4.5, 0.0, 6.0, 6.0 ] },
                "up": { "texture": "#11", "uv": [ 0.0, 6.0, 1.5, 7.5 ] },
                "down": { "texture": "#11", "uv": [ 3.0, 6.0, 4.5, 7.5 ] }
            }
        },
        {
            "name": "Arm3",
            "from": [ 5.0, -11.0, 10.8 ],
            "to": [ 7.0, -5.0, 12.8 ],
            "rotation": { "origin": [ 8.0, 8.0, 8.0 ], "axis": "z", "angle": 45.0 },
            "faces": {
                "north": { "texture": "#11", "uv": [ 6.0, 1.0, 7.0, 7.0 ] },
                "east": { "texture": "#11", "uv": [ 7.0, 1.0, 8.0, 7.0 ] },
                "south": { "texture": "#11", "uv": [ 8.0, 1.0, 9.0, 7.0 ] },
                "west": { "texture": "#11", "uv": [ 4.5, 0.0, 6.0, 6.0 ] },
                "up": { "texture": "#11", "uv": [ 0.0, 0.0, 2.0, 2.0 ] },
                "down": { "texture": "#11", "uv": [ 0.0, 0.0, 2.0, 2.0 ] }
            }
        },
        {
            "name": "Arm4",
            "from": [ 5.0, -11.0, 3.2 ],
            "to": [ 7.0, -5.0, 5.2 ],
            "rotation": { "origin": [ 8.0, 8.0, 8.0 ], "axis": "z", "angle": 45.0 },
            "faces": {
                "north": { "texture": "#11", "uv": [ 0.0, 0.0, 1.0, 6.0 ] },
                "east": { "texture": "#11", "uv": [ 2.0, 0.0, 3.0, 6.0 ] },
                "south": { "texture": "#11", "uv": [ 3.0, 0.0, 4.0, 6.0 ] },
                "west": { "texture": "#11", "uv": [ 5.0, 0.0, 6.0, 6.0 ] },
                "up": { "texture": "#11", "uv": [ 0.0, 0.0, 2.0, 2.0 ] },
                "down": { "texture": "#11", "uv": [ 0.0, 0.0, 2.0, 2.0 ] }
            }
        },
        {
            "name": "Leg1",
            "from": [ 9.0, -3.0, 2.2 ],
            "to": [ 14.0, 4.0, 7.2 ],
            "rotation": { "origin": [ 8.0, 8.0, 8.0 ], "axis": "z", "angle": -22.5 },
            "faces": {
                "north": { "texture": "#12", "uv": [ 0.0, 0.0, 2.5, 7.0 ] },
                "east": { "texture": "#12", "uv": [ 2.5, 0.0, 5.0, 7.0 ] },
                "south": { "texture": "#12", "uv": [ 5.0, 0.0, 7.5, 7.0 ] },
                "west": { "texture": "#12", "uv": [ 7.5, 0.0, 10.0, 7.0 ] },
                "up": { "texture": "#12", "uv": [ 0.0, 0.0, 5.0, 5.0 ] },
                "down": { "texture": "#12", "uv": [ 0.0, 0.0, 5.0, 5.0 ] }
            }
        },
        {
            "name": "Leg2",
            "from": [ 9.0, -3.0, 9.2 ],
            "to": [ 14.0, 4.0, 14.2 ],
            "rotation": { "origin": [ 8.0, 8.0, 8.0 ], "axis": "z", "angle": -22.5 },
            "faces": {
                "north": { "texture": "#12", "uv": [ 0.0, 0.0, 2.5, 7.0 ] },
                "east": { "texture": "#12", "uv": [ 2.5, 0.0, 5.0, 7.0 ] },
                "south": { "texture": "#12", "uv": [ 5.0, 0.0, 7.5, 7.0 ] },
                "west": { "texture": "#12", "uv": [ 7.5, 0.0, 10.0, 7.0 ] },
                "up": { "texture": "#12", "uv": [ 0.0, 0.0, 5.0, 5.0 ] },
                "down": { "texture": "#12", "uv": [ 0.0, 0.0, 5.0, 5.0 ] }
            }
        },
        {
            "name": "Leg4",
            "from": [ 4.0, -10.0, 10.2 ],
            "to": [ 7.0, -1.0, 13.2 ],
            "faces": {
                "north": { "texture": "#12", "uv": [ 10.0, 0.0, 11.5, 9.0 ] },
                "east": { "texture": "#12", "uv": [ 11.5, 0.0, 13.0, 9.0 ] },
                "south": { "texture": "#12", "uv": [ 13.0, 0.0, 14.5, 9.0 ] },
                "west": { "texture": "#12", "uv": [ 14.5, 0.0, 16.0, 9.0 ] },
                "up": { "texture": "#12", "uv": [ 0.0, 0.0, 3.0, 3.0 ] },
                "down": { "texture": "#12", "uv": [ 0.0, 0.0, 3.0, 3.0 ] }
            }
        },
        {
            "name": "Leg5",
            "from": [ 4.0, -10.0, 3.1999999999999993 ],
            "to": [ 7.0, -1.0, 6.199999999999999 ],
            "faces": {
                "north": { "texture": "#12", "uv": [ 10.0, 0.0, 11.5, 9.0 ] },
                "east": { "texture": "#12", "uv": [ 11.5, 0.0, 13.0, 9.0 ] },
                "south": { "texture": "#12", "uv": [ 13.0, 0.0, 14.5, 9.0 ] },
                "west": { "texture": "#12", "uv": [ 14.5, 0.0, 16.0, 9.0 ] },
                "up": { "texture": "#12", "uv": [ 0.0, 0.0, 3.0, 3.0 ] },
                "down": { "texture": "#12", "uv": [ 0.0, 0.0, 3.0, 3.0 ] }
            }
        }
    ],
 "display": {
        "ground": {
            "rotation": [ 0, 0, 0 ],
            "translation": [ 0, 0, 0],
            "scale":[ 0.5, 0.5, 0.5 ]
        },
        "head": {
            "rotation": [ 0, 90, 0 ],
            "translation": [ 0, 27, 0],
            "scale":[ 5, 5, 5]
        },
        "thirdperson_righthand": {
            "rotation": [ 0, 0, 0 ],
            "translation": [ 0, 3, 1 ],
            "scale": [ 0.55, 0.55, 0.55 ]
        },
        "firstperson_righthand": {
            "rotation": [ 0, -90, 25 ],
            "translation": [ 1.13, 3.2, 1.13],
            "scale": [ 0, 0, 0 ]
           }
      }
}
