{
    "textures": {
        "main": "dinododo:entity/tyrannosaurus_walk"
    },
    "elements": [
        {
            "name": "Body",
            "from": [ -5, 0, 5 ],
            "to":   [ 6, 7, 11 ],
            "faces": {
                "north": { "uv": [ 0, 0, 0.6875, 0.40625 ], "texture": "#main" },
                "east":  { "uv": [ 1.75, 0, 2.09375, 0.40625 ], "texture": "#main" },
                "south": { "uv": [ 1.0625, 0, 1.75, 0.40625 ], "texture": "#main" },
                "west":  { "uv": [ 0.6875, 0, 1.03125, 0.40625 ], "texture": "#main" },
                "up":    { "uv": [ 1.75, 0.4375, 2.09375, 1.09375 ], "texture": "#main", "rotation":90 },
                "down":  { "uv": [ 0.6875, 0.4375, 1.03125, 1.09375 ], "texture": "#main", "rotation":270 }
            }
        },
        {
            "name": "Tail1",
            "from": [ 6, 0.5, 5.5 ],
            "to":   [ 9, 6.5, 10.5 ],
            "faces": {
                "north": { "uv": [ 0, 1.125, 0.1875, 1.5 ], "texture": "#main" },
                "east":  { "uv": [ 0.6875, 1.125, 0.96875, 1.5 ], "texture": "#main" },
                "south": { "uv": [ 0.5, 1.125, 0.6875, 1.5 ], "texture": "#main" },
                "west":  { "uv": [ 0.1875, 1.125, 0.46875, 1.5 ], "texture": "#main" },
                "up":    { "uv": [ 0.1875, 1.5, 0.5, 1.65625 ], "texture": "#main", "rotation":90 },
                "down":  { "uv": [ 0.6875, 1.5, 1, 1.65625 ], "texture": "#main", "rotation":90 }
            }
        },
        {
            "name": "Tail2",
            "from": [ 9, 0.7, 6 ],
            "to":   [ 14, 5.7, 10 ],
            "faces": {
                "north": { "uv": [ 1, 1.125, 1.28125, 1.40625 ], "texture": "#main" },
                "east":  { "uv": [ 1.875, 1.125, 2.125, 1.40625 ], "texture": "#main" },
                "south": { "uv": [ 1.5625, 1.125, 1.84375, 1.40625 ], "texture": "#main" },
                "west":  { "uv": [ 1.3125, 1.125, 1.5625, 1.40625 ], "texture": "#main" },
                "up":    { "uv": [ 1.3125, 1.4375, 1.53125, 1.71875 ], "texture": "#main", "rotation":90 },
                "down":  { "uv": [ 1.875, 1.4375, 2.09375, 1.75 ], "texture": "#main" }
            }
        },
        {
            "name": "Tail3",
            "from": [ 14, 1.5, 6.5 ],
            "to":   [ 20, 5.5, 9.5 ],
            "faces": {
                "north": { "uv": [ 0, 1.6875, 0.375, 1.9375 ], "texture": "#main" },
                "east":  { "uv": [ 0.9375, 1.6875, 1.125, 1.9375 ], "texture": "#main" },
                "south": { "uv": [ 0.5625, 1.6875, 0.9375, 1.9375 ], "texture": "#main" },
                "west":  { "uv": [ 0.375, 1.6875, 0.5625, 1.9375 ], "texture": "#main" },
                "up":    { "uv": [ 0.375, 1.9375, 0.5625, 2.3125 ], "texture": "#main", "rotation":90 },
                "down":  { "uv": [ 0.9375, 1.9375, 1.125, 2.3125 ], "texture": "#main" }
            }
        },
        {
            "name": "Tail4",
            "from": [ 20, 1.9, 7 ],
            "to":   [ 27, 4.9, 9 ],
            "faces": {
                "north": { "uv": [ 1.125, 1.75, 1.5625, 1.9375 ], "texture": "#main" },
                "east":  { "uv": [ 2.125, 1.75, 2.21875, 1.9375 ], "texture": "#main" },
                "south": { "uv": [ 1.6875, 1.75, 2.125, 1.9375 ], "texture": "#main" },
                "west":  { "uv": [ 1.5625, 1.75, 1.65625, 1.9375 ], "texture": "#main" },
                "up":    { "uv": [ 1.5625, 1.9375, 1.65625, 2.375 ], "texture": "#main", "rotation":90 },
                "down":  { "uv": [ 2.125, 1.9375, 2.21875, 2.375 ], "texture": "#main", "rotation":90 }
            }
        },
        {
            "name": "Tail5",
            "from": [ 27, 2.5, 7.5 ],
            "to":   [ 32, 4.5, 8.5 ],
            "faces": {
                "north": { "uv": [ 0.375, 2.3125, 0.6875, 2.40625 ], "texture": "#main" },
                "east":  { "uv": [ 0.6875, 2.3125, 0.78125, 2.40625 ], "texture": "#main" },
                "south": { "uv": [ 0.375, 2.3125, 0.6875, 2.40625 ], "texture": "#main" },
                "west":  { "uv": [ 0.3125, 2.3125, 0.40625, 2.40625 ], "texture": "#main" },
                "up":    { "uv": [ 3.1875, 0, 3.375, 0.1875 ], "texture": "#main" },
                "down":  { "uv": [ 3.125, 0, 3.3125, 0.1875 ], "texture": "#main" }
            }
        },
        {
            "name": "Neck",
            "from": [ -6, 0, 6 ],
            "to":   [ 3, 4, 10 ],
            "rotation": { "angle": -22.5, "axis": "z", "origin": [10, 9, 8] },
            "faces": {
                "north": { "uv": [ 0.75, 2.375, 1.3125, 2.59375 ], "texture": "#main" },
                "east":  { "uv": [ 2.125, 2.375, 2.375, 2.65625 ], "texture": "#main" },
                "south": { "uv": [ 1.5625, 2.375, 2.09375, 2.59375 ], "texture": "#main" },
                "west":  { "uv": [ 1.3125, 2.375, 1.5625, 2.65625 ], "texture": "#main" },
                "up":    { "uv": [ 1.3125, 2.625, 1.53125, 3.1875 ], "texture": "#main", "rotation":270 },
                "down":  { "uv": [ 2.125, 2.625, 2.34375, 3.1875 ], "texture": "#main", "rotation":90 }
            }
        },
        {
            "name": "Head",
            "from": [ -10, 5, 5.5 ],
            "to":   [ -6, 11, 10.5 ],
            "faces": {
                "north": { "uv": [ 2.125, 0, 2.375, 0.34375 ], "texture": "#main" },
                "east":  { "uv": [ 2.9375, 0, 3.21875, 0.34375 ], "texture": "#main" },
                "south": { "uv": [ 2.6875, 0, 2.9375, 0.34375 ], "texture": "#main" },
                "west":  { "uv": [ 2.375, 0, 2.65625, 0.40625 ], "texture": "#main" },
                "up":    { "uv": [ 2.375, 0.375, 2.6875, 0.59375 ], "texture": "#main", "rotation":90 },
                "down":  { "uv": [ 2.9375, 0.375, 3.25, 0.59375 ], "texture": "#main", "rotation":90 }
            }
        },
        {
            "name": "JawBottom",
            "from": [ -14, 5, 6 ],
            "to":   [ -10, 9, 10 ],
            "faces": {
                "north": { "uv": [ 2.875, 0.625, 3.125, 0.875 ], "texture": "#main" },
                "east":  { "uv": [ 2.875, 0.625, 3.125, 0.875 ], "texture": "#main" },
                "south": { "uv": [ 2.875, 0.625, 3.125, 0.875 ], "texture": "#main" },
                "west":  { "uv": [ 2.875, 0.625, 3.125, 0.875 ], "texture": "#main" },
                "up":    { "uv": [ 2.875, 0.625, 3.125, 0.875 ], "texture": "#main" },
                "down":  { "uv": [ 2.875, 0.625, 3.125, 0.875 ], "texture": "#main" }
            }
        },
        {
            "name": "Snout",
            "from": [ -10, 14, 6.1 ],
            "to":   [ -6, 18, 9.9 ],
            "rotation": { "angle": 22.5, "axis": "z", "origin": [11, 7, 8] },
            "faces": {
                "north": { "uv": [ 2.375, 0.625, 2.625, 0.875 ], "texture": "#main" },
                "east":  { "uv": [ 2.375, 0.625, 2.625, 0.875 ], "texture": "#main" },
                "south": { "uv": [ 2.375, 0.625, 2.625, 0.875 ], "texture": "#main" },
                "west":  { "uv": [ 2.375, 0.625, 2.625, 0.875 ], "texture": "#main" },
                "up":    { "uv": [ 2.375, 0.625, 2.625, 0.875 ], "texture": "#main" },
                "down":  { "uv": [ 2.375, 0.625, 2.625, 0.875 ], "texture": "#main" }
            }
        },
        {
            "name": "Leg1",
            "from": [ 9, -4, 4 ],
            "to":   [ 13, 4, 7 ],
            "rotation": { "angle": -22.5, "axis": "z", "origin": [10, 9, 8] },
            "faces": {
                "north": { "uv": [ 3.6875, 0, 3.9375, 0.5 ], "texture": "#main" },
                "east":  { "uv": [ 3.9375, 0, 4.125, 0.5 ], "texture": "#main" },
                "south": { "uv": [ 3.6875, 0, 3.9375, 0.5 ], "texture": "#main" },
                "west":  { "uv": [ 3.5, 0, 3.6875, 0.5 ], "texture": "#main" },
                "up":    { "uv": [ 3.5, 0.5, 3.6875, 0.75 ], "texture": "#main" },
                "down":  { "uv": [ 3.9375, 0.4375, 4.125, 0.75 ], "texture": "#main" }
            }
        },
        {
            "name": "Leg2",
            "from": [ 9, -4, 9 ],
            "to":   [ 13, 4, 12 ],
            "rotation": { "angle": -22.5, "axis": "z", "origin": [10, 9, 13] },
            "faces": {
                "north": { "uv": [ 3.6875, 0, 3.9375, 0.5 ], "texture": "#main" },
                "east":  { "uv": [ 3.9375, 0, 4.125, 0.5 ], "texture": "#main" },
                "south": { "uv": [ 3.6875, 0, 3.9375, 0.5 ], "texture": "#main" },
                "west":  { "uv": [ 3.5, 0, 3.6875, 0.5 ], "texture": "#main" },
                "up":    { "uv": [ 3.5, 0.5, 3.6875, 0.75 ], "texture": "#main" },
                "down":  { "uv": [ 3.9375, 0.4375, 4.125, 0.75 ], "texture": "#main" }
            }
        },
        {
            "name": "Leg3",
            "from": [ 0, -4, 9.5 ],
            "to":   [ 3, 2, 11.5 ],
            "rotation": { "angle": 45, "axis": "z", "origin": [10, 7, 8] },
            "faces": {
                "north": { "uv": [ 4.125, 0, 4.3125, 0.375 ], "texture": "#main" },
                "east":  { "uv": [ 4.125, 0, 4.3125, 0.375 ], "texture": "#main" },
                "south": { "uv": [ 4.125, 0, 4.3125, 0.375 ], "texture": "#main" },
                "west":  { "uv": [ 4.125, 0, 4.3125, 0.375 ], "texture": "#main" },
                "up":    { "uv": [ 4.125, 0, 4.3125, 0.375 ], "texture": "#main" },
                "down":  { "uv": [ 4.125, 0, 4.3125, 0.375 ], "texture": "#main" }
            }
        },
        {
            "name": "Leg4",
            "from": [ 0, -4, 4.5 ],
            "to":   [ 3, 2, 6.5 ],
            "rotation": { "angle": 45, "axis": "z", "origin": [10, 7, 3] },
            "faces": {
                "north": { "uv": [ 4.125, 0, 4.3125, 0.375 ], "texture": "#main" },
                "east":  { "uv": [ 4.125, 0, 4.3125, 0.375 ], "texture": "#main" },
                "south": { "uv": [ 4.125, 0, 4.3125, 0.375 ], "texture": "#main" },
                "west":  { "uv": [ 4.125, 0, 4.3125, 0.375 ], "texture": "#main" },
                "up":    { "uv": [ 4.125, 0, 4.3125, 0.375 ], "texture": "#main" },
                "down":  { "uv": [ 4.125, 0, 4.3125, 0.375 ], "texture": "#main" }
            }
        },
        {
            "name": "Leg5",
            "from": [ 14, -10, 4.6 ],
            "to":   [ 17, -5, 6.4 ],
            "rotation": { "angle": -22.5, "axis": "z", "origin": [10, 9, 8] },
            "faces": {
                "north": { "uv": [ 4.125, 0.5625, 4.3125, 0.875 ], "texture": "#main" },
                "east":  { "uv": [ 4.125, 0.5625, 4.3125, 0.875 ], "texture": "#main" },
                "south": { "uv": [ 4.125, 0.5625, 4.3125, 0.875 ], "texture": "#main" },
                "west":  { "uv": [ 4.125, 0.5625, 4.3125, 0.875 ], "texture": "#main" },
                "up":    { "uv": [ 4.125, 0.5625, 4.3125, 0.875 ], "texture": "#main" },
                "down":  { "uv": [ 4.125, 0.5625, 4.3125, 0.875 ], "texture": "#main" }
            }
        },
        {
            "name": "Leg6",
            "from": [ 14, -10, 9.6 ],
            "to":   [ 17, -5, 11.4 ],
            "rotation": { "angle": -22.5, "axis": "z", "origin": [10, 9, 13] },
            "faces": {
                "north": { "uv": [ 4.125, 0.5625, 4.3125, 0.875 ], "texture": "#main" },
                "east":  { "uv": [ 4.125, 0.5625, 4.3125, 0.875 ], "texture": "#main" },
                "south": { "uv": [ 4.125, 0.5625, 4.3125, 0.875 ], "texture": "#main" },
                "west":  { "uv": [ 4.125, 0.5625, 4.3125, 0.875 ], "texture": "#main" },
                "up":    { "uv": [ 4.125, 0.5625, 4.3125, 0.875 ], "texture": "#main" },
                "down":  { "uv": [ 4.125, 0.5625, 4.3125, 0.875 ], "texture": "#main" }
            }
        },
        {
            "name": "Foot1",
            "from": [ 4, -11, 4 ],
            "to":   [ 9, -9, 7 ],
            "faces": {
                "north": { "uv": [ 3.125, 0.75, 3.4375, 0.84375 ], "texture": "#main" },
                "east":  { "uv": [ 3.125, 0.75, 3.4375, 0.84375 ], "texture": "#main" },
                "south": { "uv": [ 3.125, 0.75, 3.4375, 0.84375 ], "texture": "#main" },
                "west":  { "uv": [ 3.125, 0.75, 3.4375, 0.84375 ], "texture": "#main" },
                "up":    { "uv": [ 3.125, 0.75, 3.4375, 0.84375 ], "texture": "#main" },
                "down":  { "uv": [ 3.125, 0.75, 3.4375, 0.84375 ], "texture": "#main" }
            }
        },
        {
            "name": "Foot2",
            "from": [ 4, -11, 9 ],
            "to":   [ 9, -9, 12 ],
            "faces": {
                "north": { "uv": [ 3.125, 0.75, 3.4375, 0.84375 ], "texture": "#main" },
                "east":  { "uv": [ 3.125, 0.75, 3.4375, 0.84375 ], "texture": "#main" },
                "south": { "uv": [ 3.125, 0.75, 3.4375, 0.84375 ], "texture": "#main" },
                "west":  { "uv": [ 3.125, 0.75, 3.4375, 0.84375 ], "texture": "#main" },
                "up":    { "uv": [ 3.125, 0.75, 3.4375, 0.84375 ], "texture": "#main" },
                "down":  { "uv": [ 3.125, 0.75, 3.4375, 0.84375 ], "texture": "#main" }
            }
        },
        {
            "name": "Arm1",
            "from": [ -7, 4, 4 ],
            "to":   [ -5.5, 7, 5.5 ],
            "rotation": { "angle": 22.5, "axis": "z", "origin": [6, 8, 1.5] },
            "faces": {
                "north": { "uv": [ 3.25, 1.1875, 3.40625, 1.375 ], "texture": "#main" },
                "east":  { "uv": [ 3.25, 1.1875, 3.40625, 1.375 ], "texture": "#main" },
                "south": { "uv": [ 3.25, 1.1875, 3.40625, 1.375 ], "texture": "#main" },
                "west":  { "uv": [ 3.25, 1.1875, 3.40625, 1.375 ], "texture": "#main" },
                "up":    { "uv": [ 3.25, 1.1875, 3.40625, 1.375 ], "texture": "#main" },
                "down":  { "uv": [ 3.25, 1.1875, 3.40625, 1.375 ], "texture": "#main" }
            }
        },
        {
            "name": "Arm2",
            "from": [ -7, 4, 10.5 ],
            "to":   [ -5.5, 7, 12 ],
            "rotation": { "angle": 22.5, "axis": "z", "origin": [6, 8, 8] },
            "faces": {
                "north": { "uv": [ 3.25, 1.1875, 3.40625, 1.375 ], "texture": "#main" },
                "east":  { "uv": [ 3.25, 1.1875, 3.40625, 1.375 ], "texture": "#main" },
                "south": { "uv": [ 3.25, 1.1875, 3.40625, 1.375 ], "texture": "#main" },
                "west":  { "uv": [ 3.25, 1.1875, 3.40625, 1.375 ], "texture": "#main" },
                "up":    { "uv": [ 3.25, 1.1875, 3.40625, 1.375 ], "texture": "#main" },
                "down":  { "uv": [ 3.25, 1.1875, 3.40625, 1.375 ], "texture": "#main" }
            }
        },
        {
            "name": "Arm3",
            "from": [ -5, -7.5, 10.5 ],
            "to":   [ -3.5, -4.5, 12 ],
            "rotation": { "angle": -22.5, "axis": "z", "origin": [8, -3.5, 8] },
            "faces": {
                "north": { "uv": [ 3.25, 1.1875, 3.40625, 1.375 ], "texture": "#main" },
                "east":  { "uv": [ 3.25, 1.1875, 3.40625, 1.375 ], "texture": "#main" },
                "south": { "uv": [ 3.25, 1.1875, 3.40625, 1.375 ], "texture": "#main" },
                "west":  { "uv": [ 3.25, 1.1875, 3.40625, 1.375 ], "texture": "#main" },
                "up":    { "uv": [ 3.25, 1.1875, 3.40625, 1.375 ], "texture": "#main" },
                "down":  { "uv": [ 3.25, 1.1875, 3.40625, 1.375 ], "texture": "#main" }
            }
        },
        {
            "name": "Arm4",
            "from": [ -5, -7.5, 4 ],
            "to":   [ -3.5, -4.5, 5.5 ],
            "rotation": { "angle": -22.5, "axis": "z", "origin": [8, -3.5, 1.5] },
            "faces": {
                "north": { "uv": [ 3.25, 1.1875, 3.40625, 1.375 ], "texture": "#main" },
                "east":  { "uv": [ 3.25, 1.1875, 3.40625, 1.375 ], "texture": "#main" },
                "south": { "uv": [ 3.25, 1.1875, 3.40625, 1.375 ], "texture": "#main" },
                "west":  { "uv": [ 3.25, 1.1875, 3.40625, 1.375 ], "texture": "#main" },
                "up":    { "uv": [ 3.25, 1.1875, 3.40625, 1.375 ], "texture": "#main" },
                "down":  { "uv": [ 3.25, 1.1875, 3.40625, 1.375 ], "texture": "#main" }
            }
        },
        {
            "name": "TailFeathers",
            "from": [ 21, 4, 4 ],
            "to":   [ 31, 4, 12 ],
            "faces": {
                "north": { "uv": [ 0, 0, 3.125, 0 ], "texture": "#main" },
                "east":  { "uv": [ 0, 0, 2.5, 0 ], "texture": "#main" },
                "south": { "uv": [ 0, 0, 3.125, 0 ], "texture": "#main" },
                "west":  { "uv": [ 0, 0, 2.5, 0 ], "texture": "#main" },
                "up":    { "uv": [ 2.25, 1.625, 2.75, 2.25 ], "texture": "#main", "rotation":90 },
                "down":  { "uv": [ 2.25, 1.625, 2.75, 2.25 ], "texture": "#main", "rotation":90 }
            }
        },
        {
            "name": "Body",
            "from": [ -5, 0, 5 ],
            "to":   [ 6, 7, 11 ],
            "faces": {
                "north": { "uv": [ 8, 0, 8.6875, 0.40625 ], "texture": "#main" },
                "east":  { "uv": [ 9.75, 0, 10.09375, 0.40625 ], "texture": "#main" },
                "south": { "uv": [ 9.0625, 0, 9.75, 0.40625 ], "texture": "#main" },
                "west":  { "uv": [ 8.6875, 0, 9.03125, 0.40625 ], "texture": "#main" },
                "up":    { "uv": [ 9.75, 0.4375, 10.09375, 1.09375 ], "texture": "#main", "rotation":90 },
                "down":  { "uv": [ 8.6875, 0.4375, 9.03125, 1.09375 ], "texture": "#main", "rotation":270 }
            }
        },
        {
            "name": "Tail1",
            "from": [ 6, 0.5, 5.5 ],
            "to":   [ 9, 6.5, 10.5 ],
            "faces": {
                "north": { "uv": [ 8, 1.125, 8.1875, 1.5 ], "texture": "#main" },
                "east":  { "uv": [ 8.6875, 1.125, 8.96875, 1.5 ], "texture": "#main" },
                "south": { "uv": [ 8.5, 1.125, 8.6875, 1.5 ], "texture": "#main" },
                "west":  { "uv": [ 8.1875, 1.125, 8.46875, 1.5 ], "texture": "#main" },
                "up":    { "uv": [ 8.1875, 1.5, 8.5, 1.65625 ], "texture": "#main", "rotation":90 },
                "down":  { "uv": [ 8.6875, 1.5, 9, 1.65625 ], "texture": "#main", "rotation":90 }
            }
        },
        {
            "name": "Tail2",
            "from": [ 9, 0.7, 6 ],
            "to":   [ 14, 5.7, 10 ],
            "faces": {
                "north": { "uv": [ 9, 1.125, 9.28125, 1.40625 ], "texture": "#main" },
                "east":  { "uv": [ 9.875, 1.125, 10.125, 1.40625 ], "texture": "#main" },
                "south": { "uv": [ 9.5625, 1.125, 9.84375, 1.40625 ], "texture": "#main" },
                "west":  { "uv": [ 9.3125, 1.125, 9.5625, 1.40625 ], "texture": "#main" },
                "up":    { "uv": [ 9.3125, 1.4375, 9.53125, 1.71875 ], "texture": "#main", "rotation":90 },
                "down":  { "uv": [ 9.875, 1.4375, 10.09375, 1.75 ], "texture": "#main" }
            }
        },
        {
            "name": "Tail3",
            "from": [ 14, 1.5, 6.5 ],
            "to":   [ 20, 5.5, 9.5 ],
            "faces": {
                "north": { "uv": [ 8, 1.6875, 8.375, 1.9375 ], "texture": "#main" },
                "east":  { "uv": [ 8.9375, 1.6875, 9.125, 1.9375 ], "texture": "#main" },
                "south": { "uv": [ 8.5625, 1.6875, 8.9375, 1.9375 ], "texture": "#main" },
                "west":  { "uv": [ 8.375, 1.6875, 8.5625, 1.9375 ], "texture": "#main" },
                "up":    { "uv": [ 8.375, 1.9375, 8.5625, 2.3125 ], "texture": "#main", "rotation":90 },
                "down":  { "uv": [ 8.9375, 1.9375, 9.125, 2.3125 ], "texture": "#main" }
            }
        },
        {
            "name": "Tail4",
            "from": [ 20, 1.9, 7 ],
            "to":   [ 27, 4.9, 9 ],
            "faces": {
                "north": { "uv": [ 9.125, 1.75, 9.5625, 1.9375 ], "texture": "#main" },
                "east":  { "uv": [ 10.125, 1.75, 10.21875, 1.9375 ], "texture": "#main" },
                "south": { "uv": [ 9.6875, 1.75, 10.125, 1.9375 ], "texture": "#main" },
                "west":  { "uv": [ 9.5625, 1.75, 9.65625, 1.9375 ], "texture": "#main" },
                "up":    { "uv": [ 9.5625, 1.9375, 9.65625, 2.375 ], "texture": "#main", "rotation":90 },
                "down":  { "uv": [ 10.125, 1.9375, 10.21875, 2.375 ], "texture": "#main", "rotation":90 }
            }
        },
        {
            "name": "Tail5",
            "from": [ 27, 2.5, 7.5 ],
            "to":   [ 32, 4.5, 8.5 ],
            "faces": {
                "north": { "uv": [ 8.375, 2.3125, 8.6875, 2.40625 ], "texture": "#main" },
                "east":  { "uv": [ 8.6875, 2.3125, 8.78125, 2.40625 ], "texture": "#main" },
                "south": { "uv": [ 8.375, 2.3125, 8.6875, 2.40625 ], "texture": "#main" },
                "west":  { "uv": [ 8.3125, 2.3125, 8.40625, 2.40625 ], "texture": "#main" },
                "up":    { "uv": [ 11.1875, 0, 11.375, 0.1875 ], "texture": "#main" },
                "down":  { "uv": [ 11.125, 0, 11.3125, 0.1875 ], "texture": "#main" }
            }
        },
        {
            "name": "Neck",
            "from": [ -6, 0, 6 ],
            "to":   [ 3, 4, 10 ],
            "rotation": { "angle": -22.5, "axis": "z", "origin": [10, 9, 8] },
            "faces": {
                "north": { "uv": [ 8.75, 2.375, 9.3125, 2.59375 ], "texture": "#main" },
                "east":  { "uv": [ 10.125, 2.375, 10.375, 2.65625 ], "texture": "#main" },
                "south": { "uv": [ 9.5625, 2.375, 10.09375, 2.59375 ], "texture": "#main" },
                "west":  { "uv": [ 9.3125, 2.375, 9.5625, 2.65625 ], "texture": "#main" },
                "up":    { "uv": [ 9.3125, 2.625, 9.53125, 3.1875 ], "texture": "#main", "rotation":270 },
                "down":  { "uv": [ 10.125, 2.625, 10.34375, 3.1875 ], "texture": "#main", "rotation":90 }
            }
        },
        {
            "name": "Head",
            "from": [ -10, 5, 5.5 ],
            "to":   [ -6, 11, 10.5 ],
            "faces": {
                "north": { "uv": [ 10.125, 0, 10.375, 0.34375 ], "texture": "#main" },
                "east":  { "uv": [ 10.9375, 0, 11.21875, 0.34375 ], "texture": "#main" },
                "south": { "uv": [ 10.6875, 0, 10.9375, 0.34375 ], "texture": "#main" },
                "west":  { "uv": [ 10.375, 0, 10.65625, 0.40625 ], "texture": "#main" },
                "up":    { "uv": [ 10.375, 0.375, 10.6875, 0.59375 ], "texture": "#main", "rotation":90 },
                "down":  { "uv": [ 10.9375, 0.375, 11.25, 0.59375 ], "texture": "#main", "rotation":90 }
            }
        },
        {
            "name": "JawBottom",
            "from": [ -14, 5, 6 ],
            "to":   [ -10, 9, 10 ],
            "faces": {
                "north": { "uv": [ 10.875, 0.625, 11.125, 0.875 ], "texture": "#main" },
                "east":  { "uv": [ 10.875, 0.625, 11.125, 0.875 ], "texture": "#main" },
                "south": { "uv": [ 10.875, 0.625, 11.125, 0.875 ], "texture": "#main" },
                "west":  { "uv": [ 10.875, 0.625, 11.125, 0.875 ], "texture": "#main" },
                "up":    { "uv": [ 10.875, 0.625, 11.125, 0.875 ], "texture": "#main" },
                "down":  { "uv": [ 10.875, 0.625, 11.125, 0.875 ], "texture": "#main" }
            }
        },
        {
            "name": "Snout",
            "from": [ -10, 14, 6.1 ],
            "to":   [ -6, 18, 9.9 ],
            "rotation": { "angle": 22.5, "axis": "z", "origin": [11, 7, 8] },
            "faces": {
                "north": { "uv": [ 10.375, 0.625, 10.625, 0.875 ], "texture": "#main" },
                "east":  { "uv": [ 10.375, 0.625, 10.625, 0.875 ], "texture": "#main" },
                "south": { "uv": [ 10.375, 0.625, 10.625, 0.875 ], "texture": "#main" },
                "west":  { "uv": [ 10.375, 0.625, 10.625, 0.875 ], "texture": "#main" },
                "up":    { "uv": [ 10.375, 0.625, 10.625, 0.875 ], "texture": "#main" },
                "down":  { "uv": [ 10.375, 0.625, 10.625, 0.875 ], "texture": "#main" }
            }
        },
        {
            "name": "Leg1",
            "from": [ 9, -4, 4 ],
            "to":   [ 13, 4, 7 ],
            "rotation": { "angle": -45, "axis": "z", "origin": [10, 9, 8] },
            "faces": {
                "north": { "uv": [ 11.6875, 0, 11.9375, 0.5 ], "texture": "#main" },
                "east":  { "uv": [ 11.9375, 0, 12.125, 0.5 ], "texture": "#main" },
                "south": { "uv": [ 11.6875, 0, 11.9375, 0.5 ], "texture": "#main" },
                "west":  { "uv": [ 11.5, 0, 11.6875, 0.5 ], "texture": "#main" },
                "up":    { "uv": [ 11.5, 0.5, 11.6875, 0.75 ], "texture": "#main" },
                "down":  { "uv": [ 11.9375, 0.4375, 12.125, 0.75 ], "texture": "#main" }
            }
        },
        {
            "name": "Leg2",
            "from": [ 9, -4, 9 ],
            "to":   [ 13, 4, 12 ],
            "rotation": { "angle": -22.5, "axis": "z", "origin": [10, 9, 13] },
            "faces": {
                "north": { "uv": [ 11.6875, 0, 11.9375, 0.5 ], "texture": "#main" },
                "east":  { "uv": [ 11.9375, 0, 12.125, 0.5 ], "texture": "#main" },
                "south": { "uv": [ 11.6875, 0, 11.9375, 0.5 ], "texture": "#main" },
                "west":  { "uv": [ 11.5, 0, 11.6875, 0.5 ], "texture": "#main" },
                "up":    { "uv": [ 11.5, 0.5, 11.6875, 0.75 ], "texture": "#main" },
                "down":  { "uv": [ 11.9375, 0.4375, 12.125, 0.75 ], "texture": "#main" }
            }
        },
        {
            "name": "Leg3",
            "from": [ 0, -4, 9.5 ],
            "to":   [ 3, 2, 11.5 ],
            "rotation": { "angle": 45, "axis": "z", "origin": [10, 7, 8] },
            "faces": {
                "north": { "uv": [ 12.125, 0, 12.3125, 0.375 ], "texture": "#main" },
                "east":  { "uv": [ 12.125, 0, 12.3125, 0.375 ], "texture": "#main" },
                "south": { "uv": [ 12.125, 0, 12.3125, 0.375 ], "texture": "#main" },
                "west":  { "uv": [ 12.125, 0, 12.3125, 0.375 ], "texture": "#main" },
                "up":    { "uv": [ 12.125, 0, 12.3125, 0.375 ], "texture": "#main" },
                "down":  { "uv": [ 12.125, 0, 12.3125, 0.375 ], "texture": "#main" }
            }
        },
        {
            "name": "Leg4",
            "from": [ 0, -4, 4.5 ],
            "to":   [ 3, 2, 6.5 ],
            "rotation": { "angle": 22.5, "axis": "z", "origin": [10, 7, 3] },
            "faces": {
                "north": { "uv": [ 12.125, 0, 12.3125, 0.375 ], "texture": "#main" },
                "east":  { "uv": [ 12.125, 0, 12.3125, 0.375 ], "texture": "#main" },
                "south": { "uv": [ 12.125, 0, 12.3125, 0.375 ], "texture": "#main" },
                "west":  { "uv": [ 12.125, 0, 12.3125, 0.375 ], "texture": "#main" },
                "up":    { "uv": [ 12.125, 0, 12.3125, 0.375 ], "texture": "#main" },
                "down":  { "uv": [ 12.125, 0, 12.3125, 0.375 ], "texture": "#main" }
            }
        },
        {
            "name": "Leg5",
            "from": [ 16, -10, 4.6 ],
            "to":   [ 19, -5, 6.4 ],
            "rotation": { "angle": -45, "axis": "z", "origin": [12, 9, 8] },
            "faces": {
                "north": { "uv": [ 12.125, 0.5625, 12.3125, 0.875 ], "texture": "#main" },
                "east":  { "uv": [ 12.125, 0.5625, 12.3125, 0.875 ], "texture": "#main" },
                "south": { "uv": [ 12.125, 0.5625, 12.3125, 0.875 ], "texture": "#main" },
                "west":  { "uv": [ 12.125, 0.5625, 12.3125, 0.875 ], "texture": "#main" },
                "up":    { "uv": [ 12.125, 0.5625, 12.3125, 0.875 ], "texture": "#main" },
                "down":  { "uv": [ 12.125, 0.5625, 12.3125, 0.875 ], "texture": "#main" }
            }
        },
        {
            "name": "Leg6",
            "from": [ 14, -10, 9.6 ],
            "to":   [ 17, -5, 11.4 ],
            "rotation": { "angle": -22.5, "axis": "z", "origin": [10, 9, 13] },
            "faces": {
                "north": { "uv": [ 12.125, 0.5625, 12.3125, 0.875 ], "texture": "#main" },
                "east":  { "uv": [ 12.125, 0.5625, 12.3125, 0.875 ], "texture": "#main" },
                "south": { "uv": [ 12.125, 0.5625, 12.3125, 0.875 ], "texture": "#main" },
                "west":  { "uv": [ 12.125, 0.5625, 12.3125, 0.875 ], "texture": "#main" },
                "up":    { "uv": [ 12.125, 0.5625, 12.3125, 0.875 ], "texture": "#main" },
                "down":  { "uv": [ 12.125, 0.5625, 12.3125, 0.875 ], "texture": "#main" }
            }
        },
        {
            "name": "Foot1",
            "from": [ 0, -9, 4 ],
            "to":   [ 5, -7, 7 ],
            "rotation": { "angle": -22.5, "axis": "z", "origin": [2.5, -8, 5.5] },
            "faces": {
                "north": { "uv": [ 11.125, 0.75, 11.4375, 0.84375 ], "texture": "#main" },
                "east":  { "uv": [ 11.125, 0.75, 11.4375, 0.84375 ], "texture": "#main" },
                "south": { "uv": [ 11.125, 0.75, 11.4375, 0.84375 ], "texture": "#main" },
                "west":  { "uv": [ 11.125, 0.75, 11.4375, 0.84375 ], "texture": "#main" },
                "up":    { "uv": [ 11.125, 0.75, 11.4375, 0.84375 ], "texture": "#main" },
                "down":  { "uv": [ 11.125, 0.75, 11.4375, 0.84375 ], "texture": "#main" }
            }
        },
        {
            "name": "Foot2",
            "from": [ 4, -11, 9 ],
            "to":   [ 9, -9, 12 ],
            "faces": {
                "north": { "uv": [ 11.125, 0.75, 11.4375, 0.84375 ], "texture": "#main" },
                "east":  { "uv": [ 11.125, 0.75, 11.4375, 0.84375 ], "texture": "#main" },
                "south": { "uv": [ 11.125, 0.75, 11.4375, 0.84375 ], "texture": "#main" },
                "west":  { "uv": [ 11.125, 0.75, 11.4375, 0.84375 ], "texture": "#main" },
                "up":    { "uv": [ 11.125, 0.75, 11.4375, 0.84375 ], "texture": "#main" },
                "down":  { "uv": [ 11.125, 0.75, 11.4375, 0.84375 ], "texture": "#main" }
            }
        },
        {
            "name": "Arm1",
            "from": [ -7, 4, 4 ],
            "to":   [ -5.5, 7, 5.5 ],
            "rotation": { "angle": 22.5, "axis": "z", "origin": [6, 8, 1.5] },
            "faces": {
                "north": { "uv": [ 11.25, 1.1875, 11.40625, 1.375 ], "texture": "#main" },
                "east":  { "uv": [ 11.25, 1.1875, 11.40625, 1.375 ], "texture": "#main" },
                "south": { "uv": [ 11.25, 1.1875, 11.40625, 1.375 ], "texture": "#main" },
                "west":  { "uv": [ 11.25, 1.1875, 11.40625, 1.375 ], "texture": "#main" },
                "up":    { "uv": [ 11.25, 1.1875, 11.40625, 1.375 ], "texture": "#main" },
                "down":  { "uv": [ 11.25, 1.1875, 11.40625, 1.375 ], "texture": "#main" }
            }
        },
        {
            "name": "Arm2",
            "from": [ -7, 4, 10.5 ],
            "to":   [ -5.5, 7, 12 ],
            "rotation": { "angle": 22.5, "axis": "z", "origin": [6, 8, 8] },
            "faces": {
                "north": { "uv": [ 11.25, 1.1875, 11.40625, 1.375 ], "texture": "#main" },
                "east":  { "uv": [ 11.25, 1.1875, 11.40625, 1.375 ], "texture": "#main" },
                "south": { "uv": [ 11.25, 1.1875, 11.40625, 1.375 ], "texture": "#main" },
                "west":  { "uv": [ 11.25, 1.1875, 11.40625, 1.375 ], "texture": "#main" },
                "up":    { "uv": [ 11.25, 1.1875, 11.40625, 1.375 ], "texture": "#main" },
                "down":  { "uv": [ 11.25, 1.1875, 11.40625, 1.375 ], "texture": "#main" }
            }
        },
        {
            "name": "Arm3",
            "from": [ -5, -7.5, 10.5 ],
            "to":   [ -3.5, -4.5, 12 ],
            "rotation": { "angle": -22.5, "axis": "z", "origin": [8, -3.5, 8] },
            "faces": {
                "north": { "uv": [ 11.25, 1.1875, 11.40625, 1.375 ], "texture": "#main" },
                "east":  { "uv": [ 11.25, 1.1875, 11.40625, 1.375 ], "texture": "#main" },
                "south": { "uv": [ 11.25, 1.1875, 11.40625, 1.375 ], "texture": "#main" },
                "west":  { "uv": [ 11.25, 1.1875, 11.40625, 1.375 ], "texture": "#main" },
                "up":    { "uv": [ 11.25, 1.1875, 11.40625, 1.375 ], "texture": "#main" },
                "down":  { "uv": [ 11.25, 1.1875, 11.40625, 1.375 ], "texture": "#main" }
            }
        },
        {
            "name": "Arm4",
            "from": [ -5, -7.5, 4 ],
            "to":   [ -3.5, -4.5, 5.5 ],
            "rotation": { "angle": -22.5, "axis": "z", "origin": [8, -3.5, 1.5] },
            "faces": {
                "north": { "uv": [ 11.25, 1.1875, 11.40625, 1.375 ], "texture": "#main" },
                "east":  { "uv": [ 11.25, 1.1875, 11.40625, 1.375 ], "texture": "#main" },
                "south": { "uv": [ 11.25, 1.1875, 11.40625, 1.375 ], "texture": "#main" },
                "west":  { "uv": [ 11.25, 1.1875, 11.40625, 1.375 ], "texture": "#main" },
                "up":    { "uv": [ 11.25, 1.1875, 11.40625, 1.375 ], "texture": "#main" },
                "down":  { "uv": [ 11.25, 1.1875, 11.40625, 1.375 ], "texture": "#main" }
            }
        },
        {
            "name": "TailFeathers",
            "from": [ 21, 4, 4 ],
            "to":   [ 31, 4, 12 ],
            "faces": {
                "north": { "uv": [ 8, 0, 11.125, 0 ], "texture": "#main" },
                "east":  { "uv": [ 8, 0, 10.5, 0 ], "texture": "#main" },
                "south": { "uv": [ 8, 0, 11.125, 0 ], "texture": "#main" },
                "west":  { "uv": [ 8, 0, 10.5, 0 ], "texture": "#main" },
                "up":    { "uv": [ 10.25, 1.625, 10.75, 2.25 ], "texture": "#main", "rotation":90 },
                "down":  { "uv": [ 10.25, 1.625, 10.75, 2.25 ], "texture": "#main", "rotation":90 }
            }
        },
        {
            "name": "Body",
            "from": [ -5, 0, 5 ],
            "to":   [ 6, 7, 11 ],
            "faces": {
                "north": { "uv": [ 0, 8, 0.6875, 8.40625 ], "texture": "#main" },
                "east":  { "uv": [ 1.75, 8, 2.09375, 8.40625 ], "texture": "#main" },
                "south": { "uv": [ 1.0625, 8, 1.75, 8.40625 ], "texture": "#main" },
                "west":  { "uv": [ 0.6875, 8, 1.03125, 8.40625 ], "texture": "#main" },
                "up":    { "uv": [ 1.75, 8.4375, 2.09375, 9.09375 ], "texture": "#main", "rotation":90 },
                "down":  { "uv": [ 0.6875, 8.4375, 1.03125, 9.09375 ], "texture": "#main", "rotation":270 }
            }
        },
        {
            "name": "Tail1",
            "from": [ 6, 0.5, 5.5 ],
            "to":   [ 9, 6.5, 10.5 ],
            "faces": {
                "north": { "uv": [ 0, 9.125, 0.1875, 9.5 ], "texture": "#main" },
                "east":  { "uv": [ 0.6875, 9.125, 0.96875, 9.5 ], "texture": "#main" },
                "south": { "uv": [ 0.5, 9.125, 0.6875, 9.5 ], "texture": "#main" },
                "west":  { "uv": [ 0.1875, 9.125, 0.46875, 9.5 ], "texture": "#main" },
                "up":    { "uv": [ 0.1875, 9.5, 0.5, 9.65625 ], "texture": "#main", "rotation":90 },
                "down":  { "uv": [ 0.6875, 9.5, 1, 9.65625 ], "texture": "#main", "rotation":90 }
            }
        },
        {
            "name": "Tail2",
            "from": [ 9, 0.7, 6 ],
            "to":   [ 14, 5.7, 10 ],
            "faces": {
                "north": { "uv": [ 1, 9.125, 1.28125, 9.40625 ], "texture": "#main" },
                "east":  { "uv": [ 1.875, 9.125, 2.125, 9.40625 ], "texture": "#main" },
                "south": { "uv": [ 1.5625, 9.125, 1.84375, 9.40625 ], "texture": "#main" },
                "west":  { "uv": [ 1.3125, 9.125, 1.5625, 9.40625 ], "texture": "#main" },
                "up":    { "uv": [ 1.3125, 9.4375, 1.53125, 9.71875 ], "texture": "#main", "rotation":90 },
                "down":  { "uv": [ 1.875, 9.4375, 2.09375, 9.75 ], "texture": "#main" }
            }
        },
        {
            "name": "Tail3",
            "from": [ 14, 1.5, 6.5 ],
            "to":   [ 20, 5.5, 9.5 ],
            "faces": {
                "north": { "uv": [ 0, 9.6875, 0.375, 9.9375 ], "texture": "#main" },
                "east":  { "uv": [ 0.9375, 9.6875, 1.125, 9.9375 ], "texture": "#main" },
                "south": { "uv": [ 0.5625, 9.6875, 0.9375, 9.9375 ], "texture": "#main" },
                "west":  { "uv": [ 0.375, 9.6875, 0.5625, 9.9375 ], "texture": "#main" },
                "up":    { "uv": [ 0.375, 9.9375, 0.5625, 10.3125 ], "texture": "#main", "rotation":90 },
                "down":  { "uv": [ 0.9375, 9.9375, 1.125, 10.3125 ], "texture": "#main" }
            }
        },
        {
            "name": "Tail4",
            "from": [ 20, 1.9, 7 ],
            "to":   [ 27, 4.9, 9 ],
            "faces": {
                "north": { "uv": [ 1.125, 9.75, 1.5625, 9.9375 ], "texture": "#main" },
                "east":  { "uv": [ 2.125, 9.75, 2.21875, 9.9375 ], "texture": "#main" },
                "south": { "uv": [ 1.6875, 9.75, 2.125, 9.9375 ], "texture": "#main" },
                "west":  { "uv": [ 1.5625, 9.75, 1.65625, 9.9375 ], "texture": "#main" },
                "up":    { "uv": [ 1.5625, 9.9375, 1.65625, 10.375 ], "texture": "#main", "rotation":90 },
                "down":  { "uv": [ 2.125, 9.9375, 2.21875, 10.375 ], "texture": "#main", "rotation":90 }
            }
        },
        {
            "name": "Tail5",
            "from": [ 27, 2.5, 7.5 ],
            "to":   [ 32, 4.5, 8.5 ],
            "faces": {
                "north": { "uv": [ 0.375, 10.3125, 0.6875, 10.40625 ], "texture": "#main" },
                "east":  { "uv": [ 0.6875, 10.3125, 0.78125, 10.40625 ], "texture": "#main" },
                "south": { "uv": [ 0.375, 10.3125, 0.6875, 10.40625 ], "texture": "#main" },
                "west":  { "uv": [ 0.3125, 10.3125, 0.40625, 10.40625 ], "texture": "#main" },
                "up":    { "uv": [ 3.1875, 8, 3.375, 8.1875 ], "texture": "#main" },
                "down":  { "uv": [ 3.125, 8, 3.3125, 8.1875 ], "texture": "#main" }
            }
        },
        {
            "name": "Neck",
            "from": [ -6, 0, 6 ],
            "to":   [ 3, 4, 10 ],
            "rotation": { "angle": -22.5, "axis": "z", "origin": [10, 9, 8] },
            "faces": {
                "north": { "uv": [ 0.75, 10.375, 1.3125, 10.59375 ], "texture": "#main" },
                "east":  { "uv": [ 2.125, 10.375, 2.375, 10.65625 ], "texture": "#main" },
                "south": { "uv": [ 1.5625, 10.375, 2.09375, 10.59375 ], "texture": "#main" },
                "west":  { "uv": [ 1.3125, 10.375, 1.5625, 10.65625 ], "texture": "#main" },
                "up":    { "uv": [ 1.3125, 10.625, 1.53125, 11.1875 ], "texture": "#main", "rotation":270 },
                "down":  { "uv": [ 2.125, 10.625, 2.34375, 11.1875 ], "texture": "#main", "rotation":90 }
            }
        },
        {
            "name": "Head",
            "from": [ -10, 5, 5.5 ],
            "to":   [ -6, 11, 10.5 ],
            "faces": {
                "north": { "uv": [ 2.125, 8, 2.375, 8.34375 ], "texture": "#main" },
                "east":  { "uv": [ 2.9375, 8, 3.21875, 8.34375 ], "texture": "#main" },
                "south": { "uv": [ 2.6875, 8, 2.9375, 8.34375 ], "texture": "#main" },
                "west":  { "uv": [ 2.375, 8, 2.65625, 8.40625 ], "texture": "#main" },
                "up":    { "uv": [ 2.375, 8.375, 2.6875, 8.59375 ], "texture": "#main", "rotation":90 },
                "down":  { "uv": [ 2.9375, 8.375, 3.25, 8.59375 ], "texture": "#main", "rotation":90 }
            }
        },
        {
            "name": "JawBottom",
            "from": [ -14, 5, 6 ],
            "to":   [ -10, 9, 10 ],
            "faces": {
                "north": { "uv": [ 2.875, 8.625, 3.125, 8.875 ], "texture": "#main" },
                "east":  { "uv": [ 2.875, 8.625, 3.125, 8.875 ], "texture": "#main" },
                "south": { "uv": [ 2.875, 8.625, 3.125, 8.875 ], "texture": "#main" },
                "west":  { "uv": [ 2.875, 8.625, 3.125, 8.875 ], "texture": "#main" },
                "up":    { "uv": [ 2.875, 8.625, 3.125, 8.875 ], "texture": "#main" },
                "down":  { "uv": [ 2.875, 8.625, 3.125, 8.875 ], "texture": "#main" }
            }
        },
        {
            "name": "Snout",
            "from": [ -10, 14, 6.1 ],
            "to":   [ -6, 18, 9.9 ],
            "rotation": { "angle": 22.5, "axis": "z", "origin": [11, 7, 8] },
            "faces": {
                "north": { "uv": [ 2.375, 8.625, 2.625, 8.875 ], "texture": "#main" },
                "east":  { "uv": [ 2.375, 8.625, 2.625, 8.875 ], "texture": "#main" },
                "south": { "uv": [ 2.375, 8.625, 2.625, 8.875 ], "texture": "#main" },
                "west":  { "uv": [ 2.375, 8.625, 2.625, 8.875 ], "texture": "#main" },
                "up":    { "uv": [ 2.375, 8.625, 2.625, 8.875 ], "texture": "#main" },
                "down":  { "uv": [ 2.375, 8.625, 2.625, 8.875 ], "texture": "#main" }
            }
        },
        {
            "name": "Leg1",
            "from": [ 9, -4, 4 ],
            "to":   [ 13, 4, 7 ],
            "rotation": { "angle": -22.5, "axis": "z", "origin": [10, 9, 8] },
            "faces": {
                "north": { "uv": [ 3.6875, 8, 3.9375, 8.5 ], "texture": "#main" },
                "east":  { "uv": [ 3.9375, 8, 4.125, 8.5 ], "texture": "#main" },
                "south": { "uv": [ 3.6875, 8, 3.9375, 8.5 ], "texture": "#main" },
                "west":  { "uv": [ 3.5, 8, 3.6875, 8.5 ], "texture": "#main" },
                "up":    { "uv": [ 3.5, 8.5, 3.6875, 8.75 ], "texture": "#main" },
                "down":  { "uv": [ 3.9375, 8.4375, 4.125, 8.75 ], "texture": "#main" }
            }
        },
        {
            "name": "Leg2",
            "from": [ 9, -4, 9 ],
            "to":   [ 13, 4, 12 ],
            "rotation": { "angle": -45, "axis": "z", "origin": [10, 9, 13] },
            "faces": {
                "north": { "uv": [ 3.6875, 8, 3.9375, 8.5 ], "texture": "#main" },
                "east":  { "uv": [ 3.9375, 8, 4.125, 8.5 ], "texture": "#main" },
                "south": { "uv": [ 3.6875, 8, 3.9375, 8.5 ], "texture": "#main" },
                "west":  { "uv": [ 3.5, 8, 3.6875, 8.5 ], "texture": "#main" },
                "up":    { "uv": [ 3.5, 8.5, 3.6875, 8.75 ], "texture": "#main" },
                "down":  { "uv": [ 3.9375, 8.4375, 4.125, 8.75 ], "texture": "#main" }
            }
        },
        {
            "name": "Leg3",
            "from": [ 0, -4, 9.5 ],
            "to":   [ 3, 2, 11.5 ],
            "rotation": { "angle": 22.5, "axis": "z", "origin": [10, 7, 8] },
            "faces": {
                "north": { "uv": [ 4.125, 8, 4.3125, 8.375 ], "texture": "#main" },
                "east":  { "uv": [ 4.125, 8, 4.3125, 8.375 ], "texture": "#main" },
                "south": { "uv": [ 4.125, 8, 4.3125, 8.375 ], "texture": "#main" },
                "west":  { "uv": [ 4.125, 8, 4.3125, 8.375 ], "texture": "#main" },
                "up":    { "uv": [ 4.125, 8, 4.3125, 8.375 ], "texture": "#main" },
                "down":  { "uv": [ 4.125, 8, 4.3125, 8.375 ], "texture": "#main" }
            }
        },
        {
            "name": "Leg4",
            "from": [ 0, -4, 4.5 ],
            "to":   [ 3, 2, 6.5 ],
            "rotation": { "angle": 45, "axis": "z", "origin": [10, 7, 3] },
            "faces": {
                "north": { "uv": [ 4.125, 8, 4.3125, 8.375 ], "texture": "#main" },
                "east":  { "uv": [ 4.125, 8, 4.3125, 8.375 ], "texture": "#main" },
                "south": { "uv": [ 4.125, 8, 4.3125, 8.375 ], "texture": "#main" },
                "west":  { "uv": [ 4.125, 8, 4.3125, 8.375 ], "texture": "#main" },
                "up":    { "uv": [ 4.125, 8, 4.3125, 8.375 ], "texture": "#main" },
                "down":  { "uv": [ 4.125, 8, 4.3125, 8.375 ], "texture": "#main" }
            }
        },
        {
            "name": "Leg5",
            "from": [ 14, -10, 4.6 ],
            "to":   [ 17, -5, 6.4 ],
            "rotation": { "angle": -22.5, "axis": "z", "origin": [10, 9, 8] },
            "faces": {
                "north": { "uv": [ 4.125, 8.5625, 4.3125, 8.875 ], "texture": "#main" },
                "east":  { "uv": [ 4.125, 8.5625, 4.3125, 8.875 ], "texture": "#main" },
                "south": { "uv": [ 4.125, 8.5625, 4.3125, 8.875 ], "texture": "#main" },
                "west":  { "uv": [ 4.125, 8.5625, 4.3125, 8.875 ], "texture": "#main" },
                "up":    { "uv": [ 4.125, 8.5625, 4.3125, 8.875 ], "texture": "#main" },
                "down":  { "uv": [ 4.125, 8.5625, 4.3125, 8.875 ], "texture": "#main" }
            }
        },
        {
            "name": "Leg6",
            "from": [ 16, -10, 9.6 ],
            "to":   [ 19, -5, 11.4 ],
            "rotation": { "angle": -45, "axis": "z", "origin": [12, 9, 13] },
            "faces": {
                "north": { "uv": [ 4.125, 8.5625, 4.3125, 8.875 ], "texture": "#main" },
                "east":  { "uv": [ 4.125, 8.5625, 4.3125, 8.875 ], "texture": "#main" },
                "south": { "uv": [ 4.125, 8.5625, 4.3125, 8.875 ], "texture": "#main" },
                "west":  { "uv": [ 4.125, 8.5625, 4.3125, 8.875 ], "texture": "#main" },
                "up":    { "uv": [ 4.125, 8.5625, 4.3125, 8.875 ], "texture": "#main" },
                "down":  { "uv": [ 4.125, 8.5625, 4.3125, 8.875 ], "texture": "#main" }
            }
        },
        {
            "name": "Foot1",
            "from": [ 4, -11, 4 ],
            "to":   [ 9, -9, 7 ],
            "rotation": { "angle": 0, "axis": "z", "origin": [6.5, -10, 5.5] },
            "faces": {
                "north": { "uv": [ 3.125, 8.75, 3.4375, 8.84375 ], "texture": "#main" },
                "east":  { "uv": [ 3.125, 8.75, 3.4375, 8.84375 ], "texture": "#main" },
                "south": { "uv": [ 3.125, 8.75, 3.4375, 8.84375 ], "texture": "#main" },
                "west":  { "uv": [ 3.125, 8.75, 3.4375, 8.84375 ], "texture": "#main" },
                "up":    { "uv": [ 3.125, 8.75, 3.4375, 8.84375 ], "texture": "#main" },
                "down":  { "uv": [ 3.125, 8.75, 3.4375, 8.84375 ], "texture": "#main" }
            }
        },
        {
            "name": "Foot2",
            "from": [ -1, -9, 9 ],
            "to":   [ 4, -7, 12 ],
            "rotation": { "angle": -22.5, "axis": "z", "origin": [1.5, -8, 10.5] },
            "faces": {
                "north": { "uv": [ 3.125, 8.75, 3.4375, 8.84375 ], "texture": "#main" },
                "east":  { "uv": [ 3.125, 8.75, 3.4375, 8.84375 ], "texture": "#main" },
                "south": { "uv": [ 3.125, 8.75, 3.4375, 8.84375 ], "texture": "#main" },
                "west":  { "uv": [ 3.125, 8.75, 3.4375, 8.84375 ], "texture": "#main" },
                "up":    { "uv": [ 3.125, 8.75, 3.4375, 8.84375 ], "texture": "#main" },
                "down":  { "uv": [ 3.125, 8.75, 3.4375, 8.84375 ], "texture": "#main" }
            }
        },
        {
            "name": "Arm1",
            "from": [ -7, 4, 4 ],
            "to":   [ -5.5, 7, 5.5 ],
            "rotation": { "angle": 22.5, "axis": "z", "origin": [6, 8, 1.5] },
            "faces": {
                "north": { "uv": [ 3.25, 9.1875, 3.40625, 9.375 ], "texture": "#main" },
                "east":  { "uv": [ 3.25, 9.1875, 3.40625, 9.375 ], "texture": "#main" },
                "south": { "uv": [ 3.25, 9.1875, 3.40625, 9.375 ], "texture": "#main" },
                "west":  { "uv": [ 3.25, 9.1875, 3.40625, 9.375 ], "texture": "#main" },
                "up":    { "uv": [ 3.25, 9.1875, 3.40625, 9.375 ], "texture": "#main" },
                "down":  { "uv": [ 3.25, 9.1875, 3.40625, 9.375 ], "texture": "#main" }
            }
        },
        {
            "name": "Arm2",
            "from": [ -7, 4, 10.5 ],
            "to":   [ -5.5, 7, 12 ],
            "rotation": { "angle": 22.5, "axis": "z", "origin": [6, 8, 8] },
            "faces": {
                "north": { "uv": [ 3.25, 9.1875, 3.40625, 9.375 ], "texture": "#main" },
                "east":  { "uv": [ 3.25, 9.1875, 3.40625, 9.375 ], "texture": "#main" },
                "south": { "uv": [ 3.25, 9.1875, 3.40625, 9.375 ], "texture": "#main" },
                "west":  { "uv": [ 3.25, 9.1875, 3.40625, 9.375 ], "texture": "#main" },
                "up":    { "uv": [ 3.25, 9.1875, 3.40625, 9.375 ], "texture": "#main" },
                "down":  { "uv": [ 3.25, 9.1875, 3.40625, 9.375 ], "texture": "#main" }
            }
        },
        {
            "name": "Arm3",
            "from": [ -5, -7.5, 10.5 ],
            "to":   [ -3.5, -4.5, 12 ],
            "rotation": { "angle": -22.5, "axis": "z", "origin": [8, -3.5, 8] },
            "faces": {
                "north": { "uv": [ 3.25, 9.1875, 3.40625, 9.375 ], "texture": "#main" },
                "east":  { "uv": [ 3.25, 9.1875, 3.40625, 9.375 ], "texture": "#main" },
                "south": { "uv": [ 3.25, 9.1875, 3.40625, 9.375 ], "texture": "#main" },
                "west":  { "uv": [ 3.25, 9.1875, 3.40625, 9.375 ], "texture": "#main" },
                "up":    { "uv": [ 3.25, 9.1875, 3.40625, 9.375 ], "texture": "#main" },
                "down":  { "uv": [ 3.25, 9.1875, 3.40625, 9.375 ], "texture": "#main" }
            }
        },
        {
            "name": "Arm4",
            "from": [ -5, -7.5, 4 ],
            "to":   [ -3.5, -4.5, 5.5 ],
            "rotation": { "angle": -22.5, "axis": "z", "origin": [8, -3.5, 1.5] },
            "faces": {
                "north": { "uv": [ 3.25, 9.1875, 3.40625, 9.375 ], "texture": "#main" },
                "east":  { "uv": [ 3.25, 9.1875, 3.40625, 9.375 ], "texture": "#main" },
                "south": { "uv": [ 3.25, 9.1875, 3.40625, 9.375 ], "texture": "#main" },
                "west":  { "uv": [ 3.25, 9.1875, 3.40625, 9.375 ], "texture": "#main" },
                "up":    { "uv": [ 3.25, 9.1875, 3.40625, 9.375 ], "texture": "#main" },
                "down":  { "uv": [ 3.25, 9.1875, 3.40625, 9.375 ], "texture": "#main" }
            }
        },
        {
            "name": "TailFeathers",
            "from": [ 21, 4, 4 ],
            "to":   [ 31, 4, 12 ],
            "faces": {
                "north": { "uv": [ 0, 8, 3.125, 8 ], "texture": "#main" },
                "east":  { "uv": [ 0, 8, 2.5, 8 ], "texture": "#main" },
                "south": { "uv": [ 0, 8, 3.125, 8 ], "texture": "#main" },
                "west":  { "uv": [ 0, 8, 2.5, 8 ], "texture": "#main" },
                "up":    { "uv": [ 2.25, 9.625, 2.75, 10.25 ], "texture": "#main", "rotation":90 },
                "down":  { "uv": [ 2.25, 9.625, 2.75, 10.25 ], "texture": "#main", "rotation":90 }
            }
        }
    ],
	"display": {
		"ground": {
			"rotation": [0, 0, 0],
			"translation": [0, 0, 0],
			"scale": [0.5, 0.5, 0.5]
		},
		"head": {
			"rotation": [0, -90, 0],
			"translation": [0, 31, 0],
			"scale": [4, 4, 4]
		},
		"thirdperson_righthand": {
			"rotation": [68, -90, 0],
			"translation": [0, 1, 20.5],
			"scale": [0.5, 0.5, 0.5]
		},
		"firstperson_righthand": {
			"rotation": [0, -90, 25],
			"translation": [1.13, 3.2, 1.13],
			"scale": [0, 0, 0]
		}
	}
}
