{
  "pools": [
    {
      "rolls": 1,
      "entries": [
        {
          "type": "item",
          "name": "minecraft:diamond_hoe",
          "weight": 1,
          "functions": [
            {
              "function": "set_nbt",
              "tag": "{display:{Name:\"{\\\"translate\\\":\\\"Acrocanthosaurus Bone\\\",\\\"color\\\":\\\"gray\\\",\\\"italic\\\":false}\"},HideFlags:36,Unbreakable:1b,Damage:27,AttributeModifiers:[{AttributeName:\"generic.attackDamage\",Name:\"generic.attackDamage\",Amount:6,Operation:0,UUIDLeast:631006,UUIDMost:297206,Slot:\"mainhand\"},{AttributeName:\"generic.attackSpeed\",Name:\"generic.attackSpeed\",Amount:-1.6,Operation:0,UUIDLeast:670134,UUIDMost:577164,Slot:\"mainhand\"}]}"
            }
          ]
        },
        {
          "type": "item",
          "name": "minecraft:diamond_hoe",
          "weight": 1,
          "functions": [
            {
              "function": "set_nbt",
              "tag": "{display:{Name:\"{\\\"translate\\\":\\\"Allosaurus Bone\\\",\\\"color\\\":\\\"gray\\\",\\\"italic\\\":false}\"},HideFlags:36,Unbreakable:1b,Damage:27,AttributeModifiers:[{AttributeName:\"generic.attackDamage\",Name:\"generic.attackDamage\",Amount:6,Operation:0,UUIDLeast:631006,UUIDMost:297206,Slot:\"mainhand\"},{AttributeName:\"generic.attackSpeed\",Name:\"generic.attackSpeed\",Amount:-1.6,Operation:0,UUIDLeast:670134,UUIDMost:577164,Slot:\"mainhand\"}]}"
            }
          ]
        },
        {
          "type": "item",
          "name": "minecraft:diamond_hoe",
          "weight": 1,
          "functions": [
            {
              "function": "set_nbt",
              "tag": "{display:{Name:\"{\\\"translate\\\":\\\"Ankylosaurus Bone\\\",\\\"color\\\":\\\"gray\\\",\\\"italic\\\":false}\"},HideFlags:36,Unbreakable:1b,Damage:27,AttributeModifiers:[{AttributeName:\"generic.attackDamage\",Name:\"generic.attackDamage\",Amount:6,Operation:0,UUIDLeast:631006,UUIDMost:297206,Slot:\"mainhand\"},{AttributeName:\"generic.attackSpeed\",Name:\"generic.attackSpeed\",Amount:-1.6,Operation:0,UUIDLeast:670134,UUIDMost:577164,Slot:\"mainhand\"}]}"
            }
          ]
        },
        {
          "type": "item",
          "name": "minecraft:diamond_hoe",
          "weight": 1,
          "functions": [
            {
              "function": "set_nbt",
              "tag": "{display:{Name:\"{\\\"translate\\\":\\\"Apatosaurus Bone\\\",\\\"color\\\":\\\"gray\\\",\\\"italic\\\":false}\"},HideFlags:36,Unbreakable:1b,Damage:27,AttributeModifiers:[{AttributeName:\"generic.attackDamage\",Name:\"generic.attackDamage\",Amount:6,Operation:0,UUIDLeast:631006,UUIDMost:297206,Slot:\"mainhand\"},{AttributeName:\"generic.attackSpeed\",Name:\"generic.attackSpeed\",Amount:-1.6,Operation:0,UUIDLeast:670134,UUIDMost:577164,Slot:\"mainhand\"}]}"
            }
          ]
        },
        {
          "type": "item",
          "name": "minecraft:diamond_hoe",
          "weight": 1,
          "functions": [
            {
              "function": "set_nbt",
              "tag": "{display:{Name:\"{\\\"translate\\\":\\\"Archaeopteryx Bone\\\",\\\"color\\\":\\\"gray\\\",\\\"italic\\\":false}\"},HideFlags:36,Unbreakable:1b,Damage:27,AttributeModifiers:[{AttributeName:\"generic.attackDamage\",Name:\"generic.attackDamage\",Amount:6,Operation:0,UUIDLeast:631006,UUIDMost:297206,Slot:\"mainhand\"},{AttributeName:\"generic.attackSpeed\",Name:\"generic.attackSpeed\",Amount:-1.6,Operation:0,UUIDLeast:670134,UUIDMost:577164,Slot:\"mainhand\"}]}"
            }
          ]
        },
        {
          "type": "item",
          "name": "minecraft:diamond_hoe",
          "weight": 1,
          "functions": [
            {
              "function": "set_nbt",
              "tag": "{display:{Name:\"{\\\"translate\\\":\\\"Argentinosaurus Bone\\\",\\\"color\\\":\\\"gray\\\",\\\"italic\\\":false}\"},HideFlags:36,Unbreakable:1b,Damage:27,AttributeModifiers:[{AttributeName:\"generic.attackDamage\",Name:\"generic.attackDamage\",Amount:6,Operation:0,UUIDLeast:631006,UUIDMost:297206,Slot:\"mainhand\"},{AttributeName:\"generic.attackSpeed\",Name:\"generic.attackSpeed\",Amount:-1.6,Operation:0,UUIDLeast:670134,UUIDMost:577164,Slot:\"mainhand\"}]}"
            }
          ]
        },
        {
          "type": "item",
          "name": "minecraft:diamond_hoe",
          "weight": 1,
          "functions": [
            {
              "function": "set_nbt",
              "tag": "{display:{Name:\"{\\\"translate\\\":\\\"Bambiraptor Bone\\\",\\\"color\\\":\\\"gray\\\",\\\"italic\\\":false}\"},HideFlags:36,Unbreakable:1b,Damage:27,AttributeModifiers:[{AttributeName:\"generic.attackDamage\",Name:\"generic.attackDamage\",Amount:6,Operation:0,UUIDLeast:631006,UUIDMost:297206,Slot:\"mainhand\"},{AttributeName:\"generic.attackSpeed\",Name:\"generic.attackSpeed\",Amount:-1.6,Operation:0,UUIDLeast:670134,UUIDMost:577164,Slot:\"mainhand\"}]}"
            }
          ]
        },
        {
          "type": "item",
          "name": "minecraft:diamond_hoe",
          "weight": 1,
          "functions": [
            {
              "function": "set_nbt",
              "tag": "{display:{Name:\"{\\\"translate\\\":\\\"Baryonyx Bone\\\",\\\"color\\\":\\\"gray\\\",\\\"italic\\\":false}\"},HideFlags:36,Unbreakable:1b,Damage:27,AttributeModifiers:[{AttributeName:\"generic.attackDamage\",Name:\"generic.attackDamage\",Amount:6,Operation:0,UUIDLeast:631006,UUIDMost:297206,Slot:\"mainhand\"},{AttributeName:\"generic.attackSpeed\",Name:\"generic.attackSpeed\",Amount:-1.6,Operation:0,UUIDLeast:670134,UUIDMost:577164,Slot:\"mainhand\"}]}"
            }
          ]
        },
        {
          "type": "item",
          "name": "minecraft:diamond_hoe",
          "weight": 1,
          "functions": [
            {
              "function": "set_nbt",
              "tag": "{display:{Name:\"{\\\"translate\\\":\\\"Brachiosaurus Bone\\\",\\\"color\\\":\\\"gray\\\",\\\"italic\\\":false}\"},HideFlags:36,Unbreakable:1b,Damage:27,AttributeModifiers:[{AttributeName:\"generic.attackDamage\",Name:\"generic.attackDamage\",Amount:6,Operation:0,UUIDLeast:631006,UUIDMost:297206,Slot:\"mainhand\"},{AttributeName:\"generic.attackSpeed\",Name:\"generic.attackSpeed\",Amount:-1.6,Operation:0,UUIDLeast:670134,UUIDMost:577164,Slot:\"mainhand\"}]}"
            }
          ]
        },
        {
          "type": "item",
          "name": "minecraft:diamond_hoe",
          "weight": 1,
          "functions": [
            {
              "function": "set_nbt",
              "tag": "{display:{Name:\"{\\\"translate\\\":\\\"Carnotaurus Bone\\\",\\\"color\\\":\\\"gray\\\",\\\"italic\\\":false}\"},HideFlags:36,Unbreakable:1b,Damage:27,AttributeModifiers:[{AttributeName:\"generic.attackDamage\",Name:\"generic.attackDamage\",Amount:6,Operation:0,UUIDLeast:631006,UUIDMost:297206,Slot:\"mainhand\"},{AttributeName:\"generic.attackSpeed\",Name:\"generic.attackSpeed\",Amount:-1.6,Operation:0,UUIDLeast:670134,UUIDMost:577164,Slot:\"mainhand\"}]}"
            }
          ]
        },
        {
          "type": "item",
          "name": "minecraft:diamond_hoe",
          "weight": 1,
          "functions": [
            {
              "function": "set_nbt",
              "tag": "{display:{Name:\"{\\\"translate\\\":\\\"Ceratosaurus Bone\\\",\\\"color\\\":\\\"gray\\\",\\\"italic\\\":false}\"},HideFlags:36,Unbreakable:1b,Damage:27,AttributeModifiers:[{AttributeName:\"generic.attackDamage\",Name:\"generic.attackDamage\",Amount:6,Operation:0,UUIDLeast:631006,UUIDMost:297206,Slot:\"mainhand\"},{AttributeName:\"generic.attackSpeed\",Name:\"generic.attackSpeed\",Amount:-1.6,Operation:0,UUIDLeast:670134,UUIDMost:577164,Slot:\"mainhand\"}]}"
            }
          ]
        },
        {
          "type": "item",
          "name": "minecraft:diamond_hoe",
          "weight": 1,
          "functions": [
            {
              "function": "set_nbt",
              "tag": "{display:{Name:\"{\\\"translate\\\":\\\"Corythosaurus Bone\\\",\\\"color\\\":\\\"gray\\\",\\\"italic\\\":false}\"},HideFlags:36,Unbreakable:1b,Damage:27,AttributeModifiers:[{AttributeName:\"generic.attackDamage\",Name:\"generic.attackDamage\",Amount:6,Operation:0,UUIDLeast:631006,UUIDMost:297206,Slot:\"mainhand\"},{AttributeName:\"generic.attackSpeed\",Name:\"generic.attackSpeed\",Amount:-1.6,Operation:0,UUIDLeast:670134,UUIDMost:577164,Slot:\"mainhand\"}]}"
            }
          ]
        },
        {
          "type": "item",
          "name": "minecraft:diamond_hoe",
          "weight": 1,
          "functions": [
            {
              "function": "set_nbt",
              "tag": "{display:{Name:\"{\\\"translate\\\":\\\"Confuciusornis Bone\\\",\\\"color\\\":\\\"gray\\\",\\\"italic\\\":false}\"},HideFlags:36,Unbreakable:1b,Damage:27,AttributeModifiers:[{AttributeName:\"generic.attackDamage\",Name:\"generic.attackDamage\",Amount:6,Operation:0,UUIDLeast:631006,UUIDMost:297206,Slot:\"mainhand\"},{AttributeName:\"generic.attackSpeed\",Name:\"generic.attackSpeed\",Amount:-1.6,Operation:0,UUIDLeast:670134,UUIDMost:577164,Slot:\"mainhand\"}]}"
            }
          ]
        },
        {
          "type": "item",
          "name": "minecraft:diamond_hoe",
          "weight": 1,
          "functions": [
            {
              "function": "set_nbt",
              "tag": "{display:{Name:\"{\\\"translate\\\":\\\"Compsognathus Bone\\\",\\\"color\\\":\\\"gray\\\",\\\"italic\\\":false}\"},HideFlags:36,Unbreakable:1b,Damage:27,AttributeModifiers:[{AttributeName:\"generic.attackDamage\",Name:\"generic.attackDamage\",Amount:6,Operation:0,UUIDLeast:631006,UUIDMost:297206,Slot:\"mainhand\"},{AttributeName:\"generic.attackSpeed\",Name:\"generic.attackSpeed\",Amount:-1.6,Operation:0,UUIDLeast:670134,UUIDMost:577164,Slot:\"mainhand\"}]}"
            }
          ]
        },
        {
          "type": "item",
          "name": "minecraft:diamond_hoe",
          "weight": 1,
          "functions": [
            {
              "function": "set_nbt",
              "tag": "{display:{Name:\"{\\\"translate\\\":\\\"Deinonychus Bone\\\",\\\"color\\\":\\\"gray\\\",\\\"italic\\\":false}\"},HideFlags:36,Unbreakable:1b,Damage:27,AttributeModifiers:[{AttributeName:\"generic.attackDamage\",Name:\"generic.attackDamage\",Amount:6,Operation:0,UUIDLeast:631006,UUIDMost:297206,Slot:\"mainhand\"},{AttributeName:\"generic.attackSpeed\",Name:\"generic.attackSpeed\",Amount:-1.6,Operation:0,UUIDLeast:670134,UUIDMost:577164,Slot:\"mainhand\"}]}"
            }
          ]
        },
        {
          "type": "item",
          "name": "minecraft:diamond_hoe",
          "weight": 1,
          "functions": [
            {
              "function": "set_nbt",
              "tag": "{display:{Name:\"{\\\"translate\\\":\\\"Diceratops Bone\\\",\\\"color\\\":\\\"gray\\\",\\\"italic\\\":false}\"},HideFlags:36,Unbreakable:1b,Damage:27,AttributeModifiers:[{AttributeName:\"generic.attackDamage\",Name:\"generic.attackDamage\",Amount:6,Operation:0,UUIDLeast:631006,UUIDMost:297206,Slot:\"mainhand\"},{AttributeName:\"generic.attackSpeed\",Name:\"generic.attackSpeed\",Amount:-1.6,Operation:0,UUIDLeast:670134,UUIDMost:577164,Slot:\"mainhand\"}]}"
            }
          ]
        },
        {
          "type": "item",
          "name": "minecraft:diamond_hoe",
          "weight": 1,
          "functions": [
            {
              "function": "set_nbt",
              "tag": "{display:{Name:\"{\\\"translate\\\":\\\"Dilophosaurus Bone\\\",\\\"color\\\":\\\"gray\\\",\\\"italic\\\":false}\"},HideFlags:36,Unbreakable:1b,Damage:27,AttributeModifiers:[{AttributeName:\"generic.attackDamage\",Name:\"generic.attackDamage\",Amount:6,Operation:0,UUIDLeast:631006,UUIDMost:297206,Slot:\"mainhand\"},{AttributeName:\"generic.attackSpeed\",Name:\"generic.attackSpeed\",Amount:-1.6,Operation:0,UUIDLeast:670134,UUIDMost:577164,Slot:\"mainhand\"}]}"
            }
          ]
        },
        {
          "type": "item",
          "name": "minecraft:diamond_hoe",
          "weight": 1,
          "functions": [
            {
              "function": "set_nbt",
              "tag": "{display:{Name:\"{\\\"translate\\\":\\\"Diplodocus Bone\\\",\\\"color\\\":\\\"gray\\\",\\\"italic\\\":false}\"},HideFlags:36,Unbreakable:1b,Damage:27,AttributeModifiers:[{AttributeName:\"generic.attackDamage\",Name:\"generic.attackDamage\",Amount:6,Operation:0,UUIDLeast:631006,UUIDMost:297206,Slot:\"mainhand\"},{AttributeName:\"generic.attackSpeed\",Name:\"generic.attackSpeed\",Amount:-1.6,Operation:0,UUIDLeast:670134,UUIDMost:577164,Slot:\"mainhand\"}]}"
            }
          ]
        },
        {
          "type": "item",
          "name": "minecraft:diamond_hoe",
          "weight": 1,
          "functions": [
            {
              "function": "set_nbt",
              "tag": "{display:{Name:\"{\\\"translate\\\":\\\"Dracorex Bone\\\",\\\"color\\\":\\\"gray\\\",\\\"italic\\\":false}\"},HideFlags:36,Unbreakable:1b,Damage:27,AttributeModifiers:[{AttributeName:\"generic.attackDamage\",Name:\"generic.attackDamage\",Amount:6,Operation:0,UUIDLeast:631006,UUIDMost:297206,Slot:\"mainhand\"},{AttributeName:\"generic.attackSpeed\",Name:\"generic.attackSpeed\",Amount:-1.6,Operation:0,UUIDLeast:670134,UUIDMost:577164,Slot:\"mainhand\"}]}"
            }
          ]
        },
        {
          "type": "item",
          "name": "minecraft:diamond_hoe",
          "weight": 1,
          "functions": [
            {
              "function": "set_nbt",
              "tag": "{display:{Name:\"{\\\"translate\\\":\\\"Dryosaurus Bone\\\",\\\"color\\\":\\\"gray\\\",\\\"italic\\\":false}\"},HideFlags:36,Unbreakable:1b,Damage:27,AttributeModifiers:[{AttributeName:\"generic.attackDamage\",Name:\"generic.attackDamage\",Amount:6,Operation:0,UUIDLeast:631006,UUIDMost:297206,Slot:\"mainhand\"},{AttributeName:\"generic.attackSpeed\",Name:\"generic.attackSpeed\",Amount:-1.6,Operation:0,UUIDLeast:670134,UUIDMost:577164,Slot:\"mainhand\"}]}"
            }
          ]
        },
        {
          "type": "item",
          "name": "minecraft:diamond_hoe",
          "weight": 1,
          "functions": [
            {
              "function": "set_nbt",
              "tag": "{display:{Name:\"{\\\"translate\\\":\\\"Dimorphodon Bone\\\",\\\"color\\\":\\\"gray\\\",\\\"italic\\\":false}\"},HideFlags:36,Unbreakable:1b,Damage:27,AttributeModifiers:[{AttributeName:\"generic.attackDamage\",Name:\"generic.attackDamage\",Amount:6,Operation:0,UUIDLeast:631006,UUIDMost:297206,Slot:\"mainhand\"},{AttributeName:\"generic.attackSpeed\",Name:\"generic.attackSpeed\",Amount:-1.6,Operation:0,UUIDLeast:670134,UUIDMost:577164,Slot:\"mainhand\"}]}"
            }
          ]
        },
        {
          "type": "item",
          "name": "minecraft:diamond_hoe",
          "weight": 1,
          "functions": [
            {
              "function": "set_nbt",
              "tag": "{display:{Name:\"{\\\"translate\\\":\\\"Gallimimus Bone\\\",\\\"color\\\":\\\"gray\\\",\\\"italic\\\":false}\"},HideFlags:36,Unbreakable:1b,Damage:27,AttributeModifiers:[{AttributeName:\"generic.attackDamage\",Name:\"generic.attackDamage\",Amount:6,Operation:0,UUIDLeast:631006,UUIDMost:297206,Slot:\"mainhand\"},{AttributeName:\"generic.attackSpeed\",Name:\"generic.attackSpeed\",Amount:-1.6,Operation:0,UUIDLeast:670134,UUIDMost:577164,Slot:\"mainhand\"}]}"
            }
          ]
        },
        {
          "type": "item",
          "name": "minecraft:diamond_hoe",
          "weight": 1,
          "functions": [
            {
              "function": "set_nbt",
              "tag": "{display:{Name:\"{\\\"translate\\\":\\\"Gargoyleosaurus Bone\\\",\\\"color\\\":\\\"gray\\\",\\\"italic\\\":false}\"},HideFlags:36,Unbreakable:1b,Damage:27,AttributeModifiers:[{AttributeName:\"generic.attackDamage\",Name:\"generic.attackDamage\",Amount:6,Operation:0,UUIDLeast:631006,UUIDMost:297206,Slot:\"mainhand\"},{AttributeName:\"generic.attackSpeed\",Name:\"generic.attackSpeed\",Amount:-1.6,Operation:0,UUIDLeast:670134,UUIDMost:577164,Slot:\"mainhand\"}]}"
            }
          ]
        },
        {
          "type": "item",
          "name": "minecraft:diamond_hoe",
          "weight": 1,
          "functions": [
            {
              "function": "set_nbt",
              "tag": "{display:{Name:\"{\\\"translate\\\":\\\"Gastonia Bone\\\",\\\"color\\\":\\\"gray\\\",\\\"italic\\\":false}\"},HideFlags:36,Unbreakable:1b,Damage:27,AttributeModifiers:[{AttributeName:\"generic.attackDamage\",Name:\"generic.attackDamage\",Amount:6,Operation:0,UUIDLeast:631006,UUIDMost:297206,Slot:\"mainhand\"},{AttributeName:\"generic.attackSpeed\",Name:\"generic.attackSpeed\",Amount:-1.6,Operation:0,UUIDLeast:670134,UUIDMost:577164,Slot:\"mainhand\"}]}"
            }
          ]
        },
        {
          "type": "item",
          "name": "minecraft:diamond_hoe",
          "weight": 1,
          "functions": [
            {
              "function": "set_nbt",
              "tag": "{display:{Name:\"{\\\"translate\\\":\\\"Gigantosaurus Bone\\\",\\\"color\\\":\\\"gray\\\",\\\"italic\\\":false}\"},HideFlags:36,Unbreakable:1b,Damage:27,AttributeModifiers:[{AttributeName:\"generic.attackDamage\",Name:\"generic.attackDamage\",Amount:6,Operation:0,UUIDLeast:631006,UUIDMost:297206,Slot:\"mainhand\"},{AttributeName:\"generic.attackSpeed\",Name:\"generic.attackSpeed\",Amount:-1.6,Operation:0,UUIDLeast:670134,UUIDMost:577164,Slot:\"mainhand\"}]}"
            }
          ]
        },
        {
          "type": "item",
          "name": "minecraft:diamond_hoe",
          "weight": 1,
          "functions": [
            {
              "function": "set_nbt",
              "tag": "{display:{Name:\"{\\\"translate\\\":\\\"Giraffatitan Bone\\\",\\\"color\\\":\\\"gray\\\",\\\"italic\\\":false}\"},HideFlags:36,Unbreakable:1b,Damage:27,AttributeModifiers:[{AttributeName:\"generic.attackDamage\",Name:\"generic.attackDamage\",Amount:6,Operation:0,UUIDLeast:631006,UUIDMost:297206,Slot:\"mainhand\"},{AttributeName:\"generic.attackSpeed\",Name:\"generic.attackSpeed\",Amount:-1.6,Operation:0,UUIDLeast:670134,UUIDMost:577164,Slot:\"mainhand\"}]}"
            }
          ]
        },
        {
          "type": "item",
          "name": "minecraft:diamond_hoe",
          "weight": 1,
          "functions": [
            {
              "function": "set_nbt",
              "tag": "{display:{Name:\"{\\\"translate\\\":\\\"Gorgosaurus Bone\\\",\\\"color\\\":\\\"gray\\\",\\\"italic\\\":false}\"},HideFlags:36,Unbreakable:1b,Damage:27,AttributeModifiers:[{AttributeName:\"generic.attackDamage\",Name:\"generic.attackDamage\",Amount:6,Operation:0,UUIDLeast:631006,UUIDMost:297206,Slot:\"mainhand\"},{AttributeName:\"generic.attackSpeed\",Name:\"generic.attackSpeed\",Amount:-1.6,Operation:0,UUIDLeast:670134,UUIDMost:577164,Slot:\"mainhand\"}]}"
            }
          ]
        },
        {
          "type": "item",
          "name": "minecraft:diamond_hoe",
          "weight": 1,
          "functions": [
            {
              "function": "set_nbt",
              "tag": "{display:{Name:\"{\\\"translate\\\":\\\"Gryposaurus Bone\\\",\\\"color\\\":\\\"gray\\\",\\\"italic\\\":false}\"},HideFlags:36,Unbreakable:1b,Damage:27,AttributeModifiers:[{AttributeName:\"generic.attackDamage\",Name:\"generic.attackDamage\",Amount:6,Operation:0,UUIDLeast:631006,UUIDMost:297206,Slot:\"mainhand\"},{AttributeName:\"generic.attackSpeed\",Name:\"generic.attackSpeed\",Amount:-1.6,Operation:0,UUIDLeast:670134,UUIDMost:577164,Slot:\"mainhand\"}]}"
            }
          ]
        },
        {
          "type": "item",
          "name": "minecraft:diamond_hoe",
          "weight": 1,
          "functions": [
            {
              "function": "set_nbt",
              "tag": "{display:{Name:\"{\\\"translate\\\":\\\"Hadrosaurus Bone\\\",\\\"color\\\":\\\"gray\\\",\\\"italic\\\":false}\"},HideFlags:36,Unbreakable:1b,Damage:27,AttributeModifiers:[{AttributeName:\"generic.attackDamage\",Name:\"generic.attackDamage\",Amount:6,Operation:0,UUIDLeast:631006,UUIDMost:297206,Slot:\"mainhand\"},{AttributeName:\"generic.attackSpeed\",Name:\"generic.attackSpeed\",Amount:-1.6,Operation:0,UUIDLeast:670134,UUIDMost:577164,Slot:\"mainhand\"}]}"
            }
          ]
        },
        {
          "type": "item",
          "name": "minecraft:diamond_hoe",
          "weight": 1,
          "functions": [
            {
              "function": "set_nbt",
              "tag": "{display:{Name:\"{\\\"translate\\\":\\\"Herrerasaurus Bone\\\",\\\"color\\\":\\\"gray\\\",\\\"italic\\\":false}\"},HideFlags:36,Unbreakable:1b,Damage:27,AttributeModifiers:[{AttributeName:\"generic.attackDamage\",Name:\"generic.attackDamage\",Amount:6,Operation:0,UUIDLeast:631006,UUIDMost:297206,Slot:\"mainhand\"},{AttributeName:\"generic.attackSpeed\",Name:\"generic.attackSpeed\",Amount:-1.6,Operation:0,UUIDLeast:670134,UUIDMost:577164,Slot:\"mainhand\"}]}"
            }
          ]
        },
        {
          "type": "item",
          "name": "minecraft:diamond_hoe",
          "weight": 1,
          "functions": [
            {
              "function": "set_nbt",
              "tag": "{display:{Name:\"{\\\"translate\\\":\\\"Koolasuchus Bone\\\",\\\"color\\\":\\\"gray\\\",\\\"italic\\\":false}\"},HideFlags:36,Unbreakable:1b,Damage:27,AttributeModifiers:[{AttributeName:\"generic.attackDamage\",Name:\"generic.attackDamage\",Amount:6,Operation:0,UUIDLeast:631006,UUIDMost:297206,Slot:\"mainhand\"},{AttributeName:\"generic.attackSpeed\",Name:\"generic.attackSpeed\",Amount:-1.6,Operation:0,UUIDLeast:670134,UUIDMost:577164,Slot:\"mainhand\"}]}"
            }
          ]
        },
        {
          "type": "item",
          "name": "minecraft:diamond_hoe",
          "weight": 1,
          "functions": [
            {
              "function": "set_nbt",
              "tag": "{display:{Name:\"{\\\"translate\\\":\\\"Oviraptor Bone\\\",\\\"color\\\":\\\"gray\\\",\\\"italic\\\":false}\"},HideFlags:36,Unbreakable:1b,Damage:27,AttributeModifiers:[{AttributeName:\"generic.attackDamage\",Name:\"generic.attackDamage\",Amount:6,Operation:0,UUIDLeast:631006,UUIDMost:297206,Slot:\"mainhand\"},{AttributeName:\"generic.attackSpeed\",Name:\"generic.attackSpeed\",Amount:-1.6,Operation:0,UUIDLeast:670134,UUIDMost:577164,Slot:\"mainhand\"}]}"
            }
          ]
        },
        {
          "type": "item",
          "name": "minecraft:diamond_hoe",
          "weight": 1,
          "functions": [
            {
              "function": "set_nbt",
              "tag": "{display:{Name:\"{\\\"translate\\\":\\\"Pteranodon Bone\\\",\\\"color\\\":\\\"gray\\\",\\\"italic\\\":false}\"},HideFlags:36,Unbreakable:1b,Damage:27,AttributeModifiers:[{AttributeName:\"generic.attackDamage\",Name:\"generic.attackDamage\",Amount:6,Operation:0,UUIDLeast:631006,UUIDMost:297206,Slot:\"mainhand\"},{AttributeName:\"generic.attackSpeed\",Name:\"generic.attackSpeed\",Amount:-1.6,Operation:0,UUIDLeast:670134,UUIDMost:577164,Slot:\"mainhand\"}]}"
            }
          ]
        },
        {
          "type": "item",
          "name": "minecraft:diamond_hoe",
          "weight": 1,
          "functions": [
            {
              "function": "set_nbt",
              "tag": "{display:{Name:\"{\\\"translate\\\":\\\"Protoceratops Bone\\\",\\\"color\\\":\\\"gray\\\",\\\"italic\\\":false}\"},HideFlags:36,Unbreakable:1b,Damage:27,AttributeModifiers:[{AttributeName:\"generic.attackDamage\",Name:\"generic.attackDamage\",Amount:6,Operation:0,UUIDLeast:631006,UUIDMost:297206,Slot:\"mainhand\"},{AttributeName:\"generic.attackSpeed\",Name:\"generic.attackSpeed\",Amount:-1.6,Operation:0,UUIDLeast:670134,UUIDMost:577164,Slot:\"mainhand\"}]}"
            }
          ]
        },
        {
          "type": "item",
          "name": "minecraft:diamond_hoe",
          "weight": 1,
          "functions": [
            {
              "function": "set_nbt",
              "tag": "{display:{Name:\"{\\\"translate\\\":\\\"Parasaurolophus Bone\\\",\\\"color\\\":\\\"gray\\\",\\\"italic\\\":false}\"},HideFlags:36,Unbreakable:1b,Damage:27,AttributeModifiers:[{AttributeName:\"generic.attackDamage\",Name:\"generic.attackDamage\",Amount:6,Operation:0,UUIDLeast:631006,UUIDMost:297206,Slot:\"mainhand\"},{AttributeName:\"generic.attackSpeed\",Name:\"generic.attackSpeed\",Amount:-1.6,Operation:0,UUIDLeast:670134,UUIDMost:577164,Slot:\"mainhand\"}]}"
            }
          ]
        },
        {
          "type": "item",
          "name": "minecraft:diamond_hoe",
          "weight": 1,
          "functions": [
            {
              "function": "set_nbt",
              "tag": "{display:{Name:\"{\\\"translate\\\":\\\"Pachycephalosaurus Bone\\\",\\\"color\\\":\\\"gray\\\",\\\"italic\\\":false}\"},HideFlags:36,Unbreakable:1b,Damage:27,AttributeModifiers:[{AttributeName:\"generic.attackDamage\",Name:\"generic.attackDamage\",Amount:6,Operation:0,UUIDLeast:631006,UUIDMost:297206,Slot:\"mainhand\"},{AttributeName:\"generic.attackSpeed\",Name:\"generic.attackSpeed\",Amount:-1.6,Operation:0,UUIDLeast:670134,UUIDMost:577164,Slot:\"mainhand\"}]}"
            }
          ]
        },
        {
          "type": "item",
          "name": "minecraft:diamond_hoe",
          "weight": 1,
          "functions": [
            {
              "function": "set_nbt",
              "tag": "{display:{Name:\"{\\\"translate\\\":\\\"Quetzalcoatlus Bone\\\",\\\"color\\\":\\\"gray\\\",\\\"italic\\\":false}\"},HideFlags:36,Unbreakable:1b,Damage:27,AttributeModifiers:[{AttributeName:\"generic.attackDamage\",Name:\"generic.attackDamage\",Amount:6,Operation:0,UUIDLeast:631006,UUIDMost:297206,Slot:\"mainhand\"},{AttributeName:\"generic.attackSpeed\",Name:\"generic.attackSpeed\",Amount:-1.6,Operation:0,UUIDLeast:670134,UUIDMost:577164,Slot:\"mainhand\"}]}"
            }
          ]
        },
        {
          "type": "item",
          "name": "minecraft:diamond_hoe",
          "weight": 1,
          "functions": [
            {
              "function": "set_nbt",
              "tag": "{display:{Name:\"{\\\"translate\\\":\\\"Sarchosuchus Bone\\\",\\\"color\\\":\\\"gray\\\",\\\"italic\\\":false}\"},HideFlags:36,Unbreakable:1b,Damage:27,AttributeModifiers:[{AttributeName:\"generic.attackDamage\",Name:\"generic.attackDamage\",Amount:6,Operation:0,UUIDLeast:631006,UUIDMost:297206,Slot:\"mainhand\"},{AttributeName:\"generic.attackSpeed\",Name:\"generic.attackSpeed\",Amount:-1.6,Operation:0,UUIDLeast:670134,UUIDMost:577164,Slot:\"mainhand\"}]}"
            }
          ]
        },
        {
          "type": "item",
          "name": "minecraft:diamond_hoe",
          "weight": 1,
          "functions": [
            {
              "function": "set_nbt",
              "tag": "{display:{Name:\"{\\\"translate\\\":\\\"Spinosaurus Bone\\\",\\\"color\\\":\\\"gray\\\",\\\"italic\\\":false}\"},HideFlags:36,Unbreakable:1b,Damage:27,AttributeModifiers:[{AttributeName:\"generic.attackDamage\",Name:\"generic.attackDamage\",Amount:6,Operation:0,UUIDLeast:631006,UUIDMost:297206,Slot:\"mainhand\"},{AttributeName:\"generic.attackSpeed\",Name:\"generic.attackSpeed\",Amount:-1.6,Operation:0,UUIDLeast:670134,UUIDMost:577164,Slot:\"mainhand\"}]}"
            }
          ]
        },
        {
          "type": "item",
          "name": "minecraft:diamond_hoe",
          "weight": 1,
          "functions": [
            {
              "function": "set_nbt",
              "tag": "{display:{Name:\"{\\\"translate\\\":\\\"Suchomimus Bone\\\",\\\"color\\\":\\\"gray\\\",\\\"italic\\\":false}\"},HideFlags:36,Unbreakable:1b,Damage:27,AttributeModifiers:[{AttributeName:\"generic.attackDamage\",Name:\"generic.attackDamage\",Amount:6,Operation:0,UUIDLeast:631006,UUIDMost:297206,Slot:\"mainhand\"},{AttributeName:\"generic.attackSpeed\",Name:\"generic.attackSpeed\",Amount:-1.6,Operation:0,UUIDLeast:670134,UUIDMost:577164,Slot:\"mainhand\"}]}"
            }
          ]
        },
        {
          "type": "item",
          "name": "minecraft:diamond_hoe",
          "weight": 1,
          "functions": [
            {
              "function": "set_nbt",
              "tag": "{display:{Name:\"{\\\"translate\\\":\\\"Sinraptor Bone\\\",\\\"color\\\":\\\"gray\\\",\\\"italic\\\":false}\"},HideFlags:36,Unbreakable:1b,Damage:27,AttributeModifiers:[{AttributeName:\"generic.attackDamage\",Name:\"generic.attackDamage\",Amount:6,Operation:0,UUIDLeast:631006,UUIDMost:297206,Slot:\"mainhand\"},{AttributeName:\"generic.attackSpeed\",Name:\"generic.attackSpeed\",Amount:-1.6,Operation:0,UUIDLeast:670134,UUIDMost:577164,Slot:\"mainhand\"}]}"
            }
          ]
        },
        {
          "type": "item",
          "name": "minecraft:diamond_hoe",
          "weight": 1,
          "functions": [
            {
              "function": "set_nbt",
              "tag": "{display:{Name:\"{\\\"translate\\\":\\\"Stygimoloch Bone\\\",\\\"color\\\":\\\"gray\\\",\\\"italic\\\":false}\"},HideFlags:36,Unbreakable:1b,Damage:27,AttributeModifiers:[{AttributeName:\"generic.attackDamage\",Name:\"generic.attackDamage\",Amount:6,Operation:0,UUIDLeast:631006,UUIDMost:297206,Slot:\"mainhand\"},{AttributeName:\"generic.attackSpeed\",Name:\"generic.attackSpeed\",Amount:-1.6,Operation:0,UUIDLeast:670134,UUIDMost:577164,Slot:\"mainhand\"}]}"
            }
          ]
        },
        {
          "type": "item",
          "name": "minecraft:diamond_hoe",
          "weight": 1,
          "functions": [
            {
              "function": "set_nbt",
              "tag": "{display:{Name:\"{\\\"translate\\\":\\\"Therizinosaurus Bone\\\",\\\"color\\\":\\\"gray\\\",\\\"italic\\\":false}\"},HideFlags:36,Unbreakable:1b,Damage:27,AttributeModifiers:[{AttributeName:\"generic.attackDamage\",Name:\"generic.attackDamage\",Amount:6,Operation:0,UUIDLeast:631006,UUIDMost:297206,Slot:\"mainhand\"},{AttributeName:\"generic.attackSpeed\",Name:\"generic.attackSpeed\",Amount:-1.6,Operation:0,UUIDLeast:670134,UUIDMost:577164,Slot:\"mainhand\"}]}"
            }
          ]
        },
        {
          "type": "item",
          "name": "minecraft:diamond_hoe",
          "weight": 1,
          "functions": [
            {
              "function": "set_nbt",
              "tag": "{display:{Name:\"{\\\"translate\\\":\\\"Tyrannosaurus Bone\\\",\\\"color\\\":\\\"gray\\\",\\\"italic\\\":false}\"},HideFlags:36,Unbreakable:1b,Damage:27,AttributeModifiers:[{AttributeName:\"generic.attackDamage\",Name:\"generic.attackDamage\",Amount:6,Operation:0,UUIDLeast:631006,UUIDMost:297206,Slot:\"mainhand\"},{AttributeName:\"generic.attackSpeed\",Name:\"generic.attackSpeed\",Amount:-1.6,Operation:0,UUIDLeast:670134,UUIDMost:577164,Slot:\"mainhand\"}]}"
            }
          ]
        },
        {
          "type": "item",
          "name": "minecraft:diamond_hoe",
          "weight": 1,
          "functions": [
            {
              "function": "set_nbt",
              "tag": "{display:{Name:\"{\\\"translate\\\":\\\"Titanopteryx Bone\\\",\\\"color\\\":\\\"gray\\\",\\\"italic\\\":false}\"},HideFlags:36,Unbreakable:1b,Damage:27,AttributeModifiers:[{AttributeName:\"generic.attackDamage\",Name:\"generic.attackDamage\",Amount:6,Operation:0,UUIDLeast:631006,UUIDMost:297206,Slot:\"mainhand\"},{AttributeName:\"generic.attackSpeed\",Name:\"generic.attackSpeed\",Amount:-1.6,Operation:0,UUIDLeast:670134,UUIDMost:577164,Slot:\"mainhand\"}]}"
            }
          ]
        },
        {
          "type": "item",
          "name": "minecraft:diamond_hoe",
          "weight": 1,
          "functions": [
            {
              "function": "set_nbt",
              "tag": "{display:{Name:\"{\\\"translate\\\":\\\"Triceratops Bone\\\",\\\"color\\\":\\\"gray\\\",\\\"italic\\\":false}\"},HideFlags:36,Unbreakable:1b,Damage:27,AttributeModifiers:[{AttributeName:\"generic.attackDamage\",Name:\"generic.attackDamage\",Amount:6,Operation:0,UUIDLeast:631006,UUIDMost:297206,Slot:\"mainhand\"},{AttributeName:\"generic.attackSpeed\",Name:\"generic.attackSpeed\",Amount:-1.6,Operation:0,UUIDLeast:670134,UUIDMost:577164,Slot:\"mainhand\"}]}"
            }
          ]
        },
        {
          "type": "item",
          "name": "minecraft:diamond_hoe",
          "weight": 1,
          "functions": [
            {
              "function": "set_nbt",
              "tag": "{display:{Name:\"{\\\"translate\\\":\\\"Tapejara Bone\\\",\\\"color\\\":\\\"gray\\\",\\\"italic\\\":false}\"},HideFlags:36,Unbreakable:1b,Damage:27,AttributeModifiers:[{AttributeName:\"generic.attackDamage\",Name:\"generic.attackDamage\",Amount:6,Operation:0,UUIDLeast:631006,UUIDMost:297206,Slot:\"mainhand\"},{AttributeName:\"generic.attackSpeed\",Name:\"generic.attackSpeed\",Amount:-1.6,Operation:0,UUIDLeast:670134,UUIDMost:577164,Slot:\"mainhand\"}]}"
            }
          ]
        },
        {
          "type": "item",
          "name": "minecraft:diamond_hoe",
          "weight": 1,
          "functions": [
            {
              "function": "set_nbt",
              "tag": "{display:{Name:\"{\\\"translate\\\":\\\"Velociraptor Bone\\\",\\\"color\\\":\\\"gray\\\",\\\"italic\\\":false}\"},HideFlags:36,Unbreakable:1b,Damage:27,AttributeModifiers:[{AttributeName:\"generic.attackDamage\",Name:\"generic.attackDamage\",Amount:6,Operation:0,UUIDLeast:631006,UUIDMost:297206,Slot:\"mainhand\"},{AttributeName:\"generic.attackSpeed\",Name:\"generic.attackSpeed\",Amount:-1.6,Operation:0,UUIDLeast:670134,UUIDMost:577164,Slot:\"mainhand\"}]}"
            }
          ]
        },
        {
          "type": "item",
          "name": "minecraft:diamond_hoe",
          "weight": 1,
          "functions": [
            {
              "function": "set_nbt",
              "tag": "{display:{Name:\"{\\\"translate\\\":\\\"Utahraptor Bone\\\",\\\"color\\\":\\\"gray\\\",\\\"italic\\\":false}\"},HideFlags:36,Unbreakable:1b,Damage:27,AttributeModifiers:[{AttributeName:\"generic.attackDamage\",Name:\"generic.attackDamage\",Amount:6,Operation:0,UUIDLeast:631006,UUIDMost:297206,Slot:\"mainhand\"},{AttributeName:\"generic.attackSpeed\",Name:\"generic.attackSpeed\",Amount:-1.6,Operation:0,UUIDLeast:670134,UUIDMost:577164,Slot:\"mainhand\"}]}"
            }
          ]
        },
        {
          "type": "item",
          "name": "minecraft:diamond_hoe",
          "weight": 1,
          "functions": [
            {
              "function": "set_nbt",
              "tag": "{display:{Name:\"{\\\"translate\\\":\\\"Procompsognathus Bone\\\",\\\"color\\\":\\\"gray\\\",\\\"italic\\\":false}\"},HideFlags:36,Unbreakable:1b,Damage:27,AttributeModifiers:[{AttributeName:\"generic.attackDamage\",Name:\"generic.attackDamage\",Amount:6,Operation:0,UUIDLeast:631006,UUIDMost:297206,Slot:\"mainhand\"},{AttributeName:\"generic.attackSpeed\",Name:\"generic.attackSpeed\",Amount:-1.6,Operation:0,UUIDLeast:670134,UUIDMost:577164,Slot:\"mainhand\"}]}"
            }
          ]
        },
        {
          "type": "item",
          "name": "minecraft:diamond_hoe",
          "weight": 1,
          "functions": [
            {
              "function": "set_nbt",
              "tag": "{display:{Name:\"{\\\"translate\\\":\\\"Segisaurus Bone\\\",\\\"color\\\":\\\"gray\\\",\\\"italic\\\":false}\"},HideFlags:36,Unbreakable:1b,Damage:27,AttributeModifiers:[{AttributeName:\"generic.attackDamage\",Name:\"generic.attackDamage\",Amount:6,Operation:0,UUIDLeast:631006,UUIDMost:297206,Slot:\"mainhand\"},{AttributeName:\"generic.attackSpeed\",Name:\"generic.attackSpeed\",Amount:-1.6,Operation:0,UUIDLeast:670134,UUIDMost:577164,Slot:\"mainhand\"}]}"
            }
          ]
        },
        {
          "type": "item",
          "name": "minecraft:diamond_hoe",
          "weight": 1,
          "functions": [
            {
              "function": "set_nbt",
              "tag": "{display:{Name:\"{\\\"translate\\\":\\\"Elaphrosaurus Bone\\\",\\\"color\\\":\\\"gray\\\",\\\"italic\\\":false}\"},HideFlags:36,Unbreakable:1b,Damage:27,AttributeModifiers:[{AttributeName:\"generic.attackDamage\",Name:\"generic.attackDamage\",Amount:6,Operation:0,UUIDLeast:631006,UUIDMost:297206,Slot:\"mainhand\"},{AttributeName:\"generic.attackSpeed\",Name:\"generic.attackSpeed\",Amount:-1.6,Operation:0,UUIDLeast:670134,UUIDMost:577164,Slot:\"mainhand\"}]}"
            }
          ]
        },
        {
          "type": "item",
          "name": "minecraft:diamond_hoe",
          "weight": 1,
          "functions": [
            {
              "function": "set_nbt",
              "tag": "{display:{Name:\"{\\\"translate\\\":\\\"Amurosaurus Bone\\\",\\\"color\\\":\\\"gray\\\",\\\"italic\\\":false}\"},HideFlags:36,Unbreakable:1b,Damage:27,AttributeModifiers:[{AttributeName:\"generic.attackDamage\",Name:\"generic.attackDamage\",Amount:6,Operation:0,UUIDLeast:631006,UUIDMost:297206,Slot:\"mainhand\"},{AttributeName:\"generic.attackSpeed\",Name:\"generic.attackSpeed\",Amount:-1.6,Operation:0,UUIDLeast:670134,UUIDMost:577164,Slot:\"mainhand\"}]}"
            }
          ]
        },
        {
          "type": "item",
          "name": "minecraft:diamond_hoe",
          "weight": 1,
          "functions": [
            {
              "function": "set_nbt",
              "tag": "{display:{Name:\"{\\\"translate\\\":\\\"Balaur Bone\\\",\\\"color\\\":\\\"gray\\\",\\\"italic\\\":false}\"},HideFlags:36,Unbreakable:1b,Damage:27,AttributeModifiers:[{AttributeName:\"generic.attackDamage\",Name:\"generic.attackDamage\",Amount:6,Operation:0,UUIDLeast:631006,UUIDMost:297206,Slot:\"mainhand\"},{AttributeName:\"generic.attackSpeed\",Name:\"generic.attackSpeed\",Amount:-1.6,Operation:0,UUIDLeast:670134,UUIDMost:577164,Slot:\"mainhand\"}]}"
            }
          ]
        },
        {
          "type": "item",
          "name": "minecraft:diamond_hoe",
          "weight": 1,
          "functions": [
            {
              "function": "set_nbt",
              "tag": "{display:{Name:\"{\\\"translate\\\":\\\"Carcharodontosaurus Bone\\\",\\\"color\\\":\\\"gray\\\",\\\"italic\\\":false}\"},HideFlags:36,Unbreakable:1b,Damage:27,AttributeModifiers:[{AttributeName:\"generic.attackDamage\",Name:\"generic.attackDamage\",Amount:6,Operation:0,UUIDLeast:631006,UUIDMost:297206,Slot:\"mainhand\"},{AttributeName:\"generic.attackSpeed\",Name:\"generic.attackSpeed\",Amount:-1.6,Operation:0,UUIDLeast:670134,UUIDMost:577164,Slot:\"mainhand\"}]}"
            }
          ]
        },
        {
          "type": "item",
          "name": "minecraft:sand",
          "weight": 15
          },
        {
          "type": "item",
          "name": "minecraft:bone",
          "weight": 15
          },
        {
          "type": "item",
          "name": "minecraft:red_sand",
          "weight": 15
          },
        {
          "type": "item",
          "name": "minecraft:gravel",
          "weight": 15
          },
        {
          "type": "item",
          "name": "minecraft:gold_nugget",
          "weight": 15
          },
        {
          "type": "item",
          "name": "minecraft:dirt",
          "weight": 15
          },
        {
          "type": "item",
          "name": "minecraft:stick",
          "weight": 15
          },
        {
          "type": "item",
          "name": "minecraft:stone",
          "weight": 15
          },
        {
          "type": "item",
          "name": "minecraft:diamond_hoe",
          "weight": 1,
          "functions": [
            {
              "function": "set_nbt",
              "tag": "{display:{Name:\"{\\\"translate\\\":\\\"Pachyrhinosaurus Bone\\\",\\\"color\\\":\\\"gray\\\",\\\"italic\\\":false}\"},HideFlags:36,Unbreakable:1b,Damage:27,AttributeModifiers:[{AttributeName:\"generic.attackDamage\",Name:\"generic.attackDamage\",Amount:6,Operation:0,UUIDLeast:631006,UUIDMost:297206,Slot:\"mainhand\"},{AttributeName:\"generic.attackSpeed\",Name:\"generic.attackSpeed\",Amount:-1.6,Operation:0,UUIDLeast:670134,UUIDMost:577164,Slot:\"mainhand\"}]}"
            }
          ]
        },
        {
          "type": "item",
          "name": "minecraft:diamond_hoe",
          "weight": 1,
          "functions": [
            {
              "function": "set_nbt",
              "tag": "{display:{Name:\"{\\\"translate\\\":\\\"Amargasaurus Bone\\\",\\\"color\\\":\\\"gray\\\",\\\"italic\\\":false}\"},HideFlags:36,Unbreakable:1b,Damage:27,AttributeModifiers:[{AttributeName:\"generic.attackDamage\",Name:\"generic.attackDamage\",Amount:6,Operation:0,UUIDLeast:631006,UUIDMost:297206,Slot:\"mainhand\"},{AttributeName:\"generic.attackSpeed\",Name:\"generic.attackSpeed\",Amount:-1.6,Operation:0,UUIDLeast:670134,UUIDMost:577164,Slot:\"mainhand\"}]}"
            }
          ]
        },
        {
          "type": "item",
          "name": "minecraft:diamond_hoe",
          "weight": 1,
          "functions": [
            {
              "function": "set_nbt",
              "tag": "{display:{Name:\"{\\\"translate\\\":\\\"Nigersaurus Bone\\\",\\\"color\\\":\\\"gray\\\",\\\"italic\\\":false}\"},HideFlags:36,Unbreakable:1b,Damage:27,AttributeModifiers:[{AttributeName:\"generic.attackDamage\",Name:\"generic.attackDamage\",Amount:6,Operation:0,UUIDLeast:631006,UUIDMost:297206,Slot:\"mainhand\"},{AttributeName:\"generic.attackSpeed\",Name:\"generic.attackSpeed\",Amount:-1.6,Operation:0,UUIDLeast:670134,UUIDMost:577164,Slot:\"mainhand\"}]}"
            }
          ]
        },
        {
          "type": "item",
          "name": "minecraft:diamond_hoe",
          "weight": 1,
          "functions": [
            {
              "function": "set_nbt",
              "tag": "{display:{Name:\"{\\\"translate\\\":\\\"Tsintaosaurus Bone\\\",\\\"color\\\":\\\"gray\\\",\\\"italic\\\":false}\"},HideFlags:36,Unbreakable:1b,Damage:27,AttributeModifiers:[{AttributeName:\"generic.attackDamage\",Name:\"generic.attackDamage\",Amount:6,Operation:0,UUIDLeast:631006,UUIDMost:297206,Slot:\"mainhand\"},{AttributeName:\"generic.attackSpeed\",Name:\"generic.attackSpeed\",Amount:-1.6,Operation:0,UUIDLeast:670134,UUIDMost:577164,Slot:\"mainhand\"}]}"
            }
          ]
        },
        {
          "type": "item",
          "name": "minecraft:diamond_hoe",
          "weight": 1,
          "functions": [
            {
              "function": "set_nbt",
              "tag": "{display:{Name:\"{\\\"translate\\\":\\\"Compsognathus Bone\\\",\\\"color\\\":\\\"gray\\\",\\\"italic\\\":false}\"},HideFlags:36,Unbreakable:1b,Damage:27,AttributeModifiers:[{AttributeName:\"generic.attackDamage\",Name:\"generic.attackDamage\",Amount:6,Operation:0,UUIDLeast:631006,UUIDMost:297206,Slot:\"mainhand\"},{AttributeName:\"generic.attackSpeed\",Name:\"generic.attackSpeed\",Amount:-1.6,Operation:0,UUIDLeast:670134,UUIDMost:577164,Slot:\"mainhand\"}]}"
            }
          ]
        },
        {
          "type": "item",
          "name": "minecraft:diamond_hoe",
          "weight": 1,
          "functions": [
            {
              "function": "set_nbt",
              "tag": "{display:{Name:\"{\\\"translate\\\":\\\"Stegosaurus Bone\\\",\\\"color\\\":\\\"gray\\\",\\\"italic\\\":false}\"},HideFlags:36,Unbreakable:1b,Damage:27,AttributeModifiers:[{AttributeName:\"generic.attackDamage\",Name:\"generic.attackDamage\",Amount:6,Operation:0,UUIDLeast:631006,UUIDMost:297206,Slot:\"mainhand\"},{AttributeName:\"generic.attackSpeed\",Name:\"generic.attackSpeed\",Amount:-1.6,Operation:0,UUIDLeast:670134,UUIDMost:577164,Slot:\"mainhand\"}]}"
            }
          ]
        },
        {
          "type": "item",
          "name": "minecraft:diamond_hoe",
          "weight": 5,
          "functions": [
            {
              "function": "set_nbt",
              "tag": "{display:{Name:\"{\\\"translate\\\":\\\"Plant Fossil\\\",\\\"color\\\":\\\"gray\\\",\\\"italic\\\":false}\"},HideFlags:36,Unbreakable:1b,Damage:24,AttributeModifiers:[{AttributeName:\"generic.attackDamage\",Name:\"generic.attackDamage\",Amount:0,Operation:0,UUIDLeast:631006,UUIDMost:297206,Slot:\"mainhand\"},{AttributeName:\"generic.attackSpeed\",Name:\"generic.attackSpeed\",Amount:0,Operation:0,UUIDLeast:670134,UUIDMost:577164,Slot:\"mainhand\"}]}"
            }
          ]
        }
      ]
    }
  ]
}